task	method	system_version	layer	track	evaluation_fold	threshold_99.5	calibration_achieved_specificity	evaluation_specificity	component_sensitivity_99.5	normalized_pauc_fpr_0.005	limiting_source_balanced_negative_component_mass	low_fpr_pauc_status	evaluation_positive_records	evaluation_positive_components	evaluation_negative_records	evaluation_negative_components
h1_djr	esmc6b_cosine	v0	encoder_readout	controlled_primary	1	0.95601242780685436	0.9953502610040601	0.98756906077348061	0.76079027355623086	0.57422290886496918	0.0013812154696132596	RESOLVABLE	114	94	1200	731
h1_djr	esmc6b_cosine	v0	encoder_readout	controlled_primary	2	0.95912015438079845	0.99548736462093868	0.99344912031964938	0.55990099009900995	0.57090413841815979	0.00095057034220532319	RESOLVABLE	178	65	1200	1115
h1_djr	esmc6b_cosine	v0	encoder_readout	controlled_primary	3	0.95850592851638805	0.99518304431599225	0.99548736462093868	0.8911290322580645	0.69620331574944039	0.0009025270758122744	RESOLVABLE	115	48	1200	1112
h1_djr	esmc6b_cosine	v0	encoder_readout	controlled_primary	4	0.96026968955993663	0.99532557317376558	0.99710982658959535	0.78510378510378509	0.73865867263197427	0.00096339113680154141	RESOLVABLE	114	91	1200	1109
h1_djr	esmc6b_cosine	v0	encoder_readout	controlled_primary	5	0.96599161624908458	0.9958563535911602	0.99914236706689541	0.6728723404255319	0.69501974709338044	0.00095419847328244271	RESOLVABLE	113	94	1200	1107
h1_djr	esm2_3b_cosine	v0.1	encoder_readout	controlled_primary	1	0.99207597970962536	0.99545337371914677	0.99723756906077343	0.95319148936170206	0.93178055047104069	0.0013812154696132596	RESOLVABLE	114	94	1200	731
h1_djr	esm2_3b_cosine	v0.1	encoder_readout	controlled_primary	2	0.992517650127411	0.99548736462093868	0.9953502610040601	0.88181010408733185	0.8587933691833336	0.00095057034220532319	RESOLVABLE	178	65	1200	1115
h1_djr	esm2_3b_cosine	v0.1	encoder_readout	controlled_primary	3	0.99236106872558605	0.99529897782567522	0.9936887801974561	0.94321236559139787	0.83771361459306393	0.0009025270758122744	RESOLVABLE	115	48	1200	1112
h1_djr	esm2_3b_cosine	v0.1	encoder_readout	controlled_primary	4	0.99262213706970226	0.99532557317376558	0.99626236896247677	0.91819291819291826	0.89982834970926751	0.00096339113680154141	RESOLVABLE	114	91	1200	1109
h1_djr	esm2_3b_cosine	v0.1	encoder_readout	controlled_primary	5	0.99219369888305675	0.9958563535911602	0.99370687284773418	0.92279174725983248	0.91461306883919513	0.00095419847328244271	RESOLVABLE	113	94	1200	1107
h1_djr	esm2_650m_cosine	context	encoder_readout	controlled_context	1	0.9845714569091798	0.99524714828897343	0.99312378677019564	0.92340425531914894	0.88476135710178272	0.0013812154696132596	RESOLVABLE	114	94	1200	731
h1_djr	esm2_650m_cosine	context	encoder_readout	controlled_context	2	0.98530203104019176	0.99550030407722268	0.99619771863117867	0.83712236608276214	0.81547103571695356	0.00095057034220532319	RESOLVABLE	178	65	1200	1115
h1_djr	esm2_650m_cosine	context	encoder_readout	controlled_context	3	0.9857306480407716	0.99541491133535809	0.99639636142489296	0.94321236559139787	0.83580649459640965	0.0009025270758122744	RESOLVABLE	115	48	1200	1112
h1_djr	esm2_650m_cosine	context	encoder_readout	controlled_context	4	0.9850679636001588	0.99532557317376558	0.99179321380751773	0.90903540903540914	0.84988263726944546	0.00096339113680154141	RESOLVABLE	114	91	1200	1109
h1_djr	esm2_650m_cosine	context	encoder_readout	controlled_context	5	0.98541188240051281	0.99591608182768399	0.99637633718722585	0.86411992263056081	0.81228131886933674	0.00095419847328244271	RESOLVABLE	113	94	1200	1107
h1_djr	blastp	classical	pairwise	controlled_primary	1	61.20000000000001	0.99574928572962984	0.99315365088845753	0.8936170212765957	0.75673345850846652	0.0013812154696132596	RESOLVABLE	114	94	1200	731
h1_djr	blastp	classical	pairwise	controlled_primary	2	69.300000000000011	0.99520161829466591	0.99490182810251127	0.92292460015232292	0.68096907071010981	0.00095057034220532319	RESOLVABLE	178	65	1200	1115
h1_djr	blastp	classical	pairwise	controlled_primary	3	61.600000000000009	0.9950535580157408	0.99311728754491069	0.77083333333333337	0.7395930670659675	0.0009025270758122744	RESOLVABLE	115	48	1200	1112
h1_djr	blastp	classical	pairwise	controlled_primary	4	52.800000000000004	0.99542213871394336	0.99745762711864405	0.89010989010989006	0.88798270361343412	0.00096339113680154141	RESOLVABLE	114	91	1200	1109
h1_djr	blastp	classical	pairwise	controlled_primary	5	60.500000000000007	0.99588621770942209	0.99361030730755628	0.8687137330754352	0.76098625989951518	0.00095419847328244271	RESOLVABLE	113	94	1200	1107
h1_djr	diamond_ultra	classical	pairwise	controlled_primary	1	60.800000000000004	0.99574928572962984	0.99042108406749296	0.91489361702127658	0.78514196575792772	0.0013812154696132596	RESOLVABLE	114	94	1200	731
h1_djr	diamond_ultra	classical	pairwise	controlled_primary	2	67.40000000000002	0.9960976756423362	0.99490182810251127	0.92307692307692313	0.71169077285091142	0.00095057034220532319	RESOLVABLE	178	65	1200	1115
h1_djr	diamond_ultra	classical	pairwise	controlled_primary	3	63.900000000000006	0.99576271186440679	0.99371465911002421	0.8125	0.75385573002981177	0.0009025270758122744	RESOLVABLE	115	48	1200	1112
h1_djr	diamond_ultra	classical	pairwise	controlled_primary	4	45.800000000000004	0.99532557317376558	0.99915254237288131	0.9285714285714286	0.94517468004150818	0.00096339113680154141	RESOLVABLE	114	91	1200	1109
h1_djr	diamond_ultra	classical	pairwise	controlled_primary	5	48.500000000000007	0.99585338323531158	0.9935137417673785	0.93351063829787229	0.76371666141088568	0.00095419847328244271	RESOLVABLE	113	94	1200	1107
h1_djr	mmseqs_s7.5	classical	pairwise	controlled_primary	1	64.000000000000014	0.99574928572962984	0.99042108406749296	0.91489361702127658	0.79977535527788679	0.0013812154696132596	RESOLVABLE	114	94	1200	731
h1_djr	mmseqs_s7.5	classical	pairwise	controlled_primary	2	70.000000000000014	0.99520161829466591	0.99490182810251127	0.92307692307692313	0.71850642511059881	0.00095057034220532319	RESOLVABLE	178	65	1200	1115
h1_djr	mmseqs_s7.5	classical	pairwise	controlled_primary	3	68.000000000000014	0.99564677835472393	0.99311728754491069	0.8125	0.75245713886419863	0.0009025270758122744	RESOLVABLE	115	48	1200	1112
h1_djr	mmseqs_s7.5	classical	pairwise	controlled_primary	4	56.000000000000007	0.99542213871394336	0.99745762711864405	0.90109890109890112	0.8697282114352346	0.00096339113680154141	RESOLVABLE	114	91	1200	1109
h1_djr	mmseqs_s7.5	classical	pairwise	controlled_primary	5	70.000000000000014	0.99588621770942209	0.99361030730755628	0.85106382978723405	0.76345291485199562	0.00095419847328244271	RESOLVABLE	113	94	1200	1107
h1_djr	hmmer_component	classical	profile	controlled_primary	1	43.300000000000004	0.99574928572962984	0.99318351500671942	0.91489361702127658	0.84569940811859212	0.0013812154696132596	RESOLVABLE	114	94	1200	731
h1_djr	hmmer_component	classical	profile	controlled_primary	2	50.900000000000006	0.99520161829466591	0.99518431397821749	0.92307692307692313	0.73219757921131656	0.00095057034220532319	RESOLVABLE	178	65	1200	1115
h1_djr	hmmer_component	classical	profile	controlled_primary	3	43.70000000000001	0.99508180660331147	0.99371465911002421	0.83333333333333337	0.79718953322141617	0.0009025270758122744	RESOLVABLE	115	48	1200	1112
h1_djr	hmmer_component	classical	profile	controlled_primary	4	35.20000000000001	0.99551870425412126	0.99745762711864405	0.91208791208791207	0.87821039664137657	0.00096339113680154141	RESOLVABLE	114	91	1200	1109
h1_djr	hmmer_component	classical	profile	controlled_primary	5	53.600000000000009	0.99591608182768399	0.99456450578083877	0.92456479690522242	0.77019834781581364	0.00095419847328244271	RESOLVABLE	113	94	1200	1107
h1_djr	psiblast_longest_seed_positiveDB_3iter	classical	iterative_profile	resource_augmented_secondary	1	62.70000000000001	0.99518431397821749	0.99042108406749296	0.98936170212765961	0.92876136980991786	0.0013812154696132596	RESOLVABLE	114	94	1200	731
h1_djr	psiblast_longest_seed_positiveDB_3iter	classical	iterative_profile	resource_augmented_secondary	2	75.100000000000009	0.99579898985977944	0.99518431397821749	0.96923076923076923	0.78109904168249522	0.00095057034220532319	RESOLVABLE	178	65	1200	1115
h1_djr	psiblast_longest_seed_positiveDB_3iter	classical	iterative_profile	resource_augmented_secondary	3	69.700000000000017	0.99508180660331147	0.99401334489258097	0.89583333333333337	0.87647545362200752	0.0009025270758122744	RESOLVABLE	115	48	1200	1112
h1_djr	psiblast_longest_seed_positiveDB_3iter	classical	iterative_profile	resource_augmented_secondary	4	58.20000000000001	0.99542213871394336	0.99745762711864405	0.95604395604395609	0.95728121757177453	0.00096339113680154141	RESOLVABLE	114	91	1200	1109
h1_djr	psiblast_longest_seed_positiveDB_3iter	classical	iterative_profile	resource_augmented_secondary	5	75.200000000000017	0.99588621770942209	0.99361030730755628	0.93617021276595747	0.90070855506899805	0.00095419847328244271	RESOLVABLE	113	94	1200	1107
h1_djr	hmmer_family	classical	profile	metadata_augmented_secondary	1	6.9000000000000012	0.9953502610040601	0.99727650480635688	1	1	0.0013812154696132596	RESOLVABLE	114	94	1200	731
h1_djr	hmmer_family	classical	profile	metadata_augmented_secondary	2	6.9000000000000012	0.99550030407722268	0.9937584584649094	1	0.97531381352351942	0.00095057034220532319	RESOLVABLE	178	65	1200	1115
h1_djr	hmmer_family	classical	profile	metadata_augmented_secondary	3	6.9000000000000012	0.99522304954116458	0.99145510655642255	1	1	0.0009025270758122744	RESOLVABLE	115	48	1200	1112
h1_djr	hmmer_family	classical	profile	metadata_augmented_secondary	4	7.3000000000000007	0.99542213871394336	0.99360406257143785	0.98901098901098905	0.98979591836734704	0.00096339113680154141	RESOLVABLE	114	91	1200	1109
h1_djr	hmmer_family	classical	profile	metadata_augmented_secondary	5	7.2000000000000011	0.99586542521848176	0.99222729236772156	0.98936170212765961	0.97916666666666685	0.00095419847328244271	RESOLVABLE	113	94	1200	1107
h1_djr	esmc6b_supervised	v0	task_adapted_detector	operational_descriptive	1	6775.5761718750009	0.99545337371914677	0.99180229953710619	0.98936170212765961	0.98054543317268128	0.0013812154696132596	RESOLVABLE	114	94	1200	731
h1_djr	esmc6b_supervised	v0	task_adapted_detector	operational_descriptive	2	13724.467773437502	0.99549383434908068	0.99809885931558939	0.89230769230769236	0.89691705093978535	0.00095057034220532319	RESOLVABLE	178	65	1200	1115
h1_djr	esmc6b_supervised	v0	task_adapted_detector	operational_descriptive	3	7984.4755859375009	0.99553084484504095	0.99281213203421192	1	0.96945140461972013	0.0009025270758122744	RESOLVABLE	115	48	1200	1112
h1_djr	esmc6b_supervised	v0	task_adapted_detector	operational_descriptive	4	6016.6728515625009	0.99542213871394336	0.99541491133535809	1	0.94528817844516322	0.00096339113680154141	RESOLVABLE	114	91	1200	1109
h1_djr	esmc6b_supervised	v0	task_adapted_detector	operational_descriptive	5	5121.6870117187509	0.99591608182768399	0.99094084296806462	0.99468085106382975	0.94369538098563355	0.00095419847328244271	RESOLVABLE	113	94	1200	1107
h1_djr	esm2_3b_supervised	v0.1	task_adapted_detector	operational_descriptive	1	2790.1342773437505	0.99565959914932012	0.99591608182768399	1	0.95482787360064847	0.0013812154696132596	RESOLVABLE	114	94	1200	731
h1_djr	esm2_3b_supervised	v0.1	task_adapted_detector	operational_descriptive	2	6256.8515625000009	0.99550030407722268	0.99767513050203005	0.96923076923076923	0.96254348353693109	0.00095057034220532319	RESOLVABLE	178	65	1200	1115
h1_djr	esm2_3b_supervised	v0.1	task_adapted_detector	operational_descriptive	3	347.02801513671881	0.99522304954116458	0.99191607468654164	1	1	0.0009025270758122744	RESOLVABLE	115	48	1200	1112
h1_djr	esm2_3b_supervised	v0.1	task_adapted_detector	operational_descriptive	4	740.51086425781261	0.99508988778756891	0.99564677835472393	1	0.97982243744955644	0.00096339113680154141	RESOLVABLE	114	91	1200	1109
h1_djr	esm2_3b_supervised	v0.1	task_adapted_detector	operational_descriptive	5	845.17541503906261	0.99591608182768399	0.99423225485446431	1	1	0.00095419847328244271	RESOLVABLE	113	94	1200	1107
h2_vma_conditional	esmc6b_cosine	v0	encoder_readout	controlled_primary	1	0.95028424263000499	1	1	0.92553191489361697	NA	0.021276595744680851	RESOLUTION_LIMITED_NO_ESTIMATE	55	47	59	47
h2_vma_conditional	esmc6b_cosine	v0	encoder_readout	controlled_primary	2	0.94387292861938488	1	0.93617021276595747	0.87403740374037397	NA	0.021276595744680851	RESOLUTION_LIMITED_NO_ESTIMATE	119	18	59	47
h2_vma_conditional	esmc6b_cosine	v0	encoder_readout	controlled_primary	3	0.94974541664123546	1	1	0.91489361702127658	NA	1	RESOLUTION_LIMITED_NO_ESTIMATE	53	47	62	1
h2_vma_conditional	esmc6b_cosine	v0	encoder_readout	controlled_primary	4	0.95182168483734142	1	0.97619047619047616	0.95918367346938771	NA	0.023809523809523808	RESOLUTION_LIMITED_NO_ESTIMATE	55	49	59	42
h2_vma_conditional	esmc6b_cosine	v0	encoder_readout	controlled_primary	5	0.94080746173858654	1	0.93478260869565222	0.97916666666666663	NA	0.021739130434782608	RESOLUTION_LIMITED_NO_ESTIMATE	54	48	59	46
h2_vma_conditional	esm2_3b_cosine	v0.1	encoder_readout	controlled_primary	1	0.9916396737098695	1	1	1	NA	0.021276595744680851	RESOLUTION_LIMITED_NO_ESTIMATE	55	47	59	47
h2_vma_conditional	esm2_3b_cosine	v0.1	encoder_readout	controlled_primary	2	0.98630261421203624	1	0.7207446808510638	0.94334433443344345	NA	0.021276595744680851	RESOLUTION_LIMITED_NO_ESTIMATE	119	18	59	47
h2_vma_conditional	esm2_3b_cosine	v0.1	encoder_readout	controlled_primary	3	0.9897856116294862	1	1	0.96808510638297873	NA	1	RESOLUTION_LIMITED_NO_ESTIMATE	53	47	62	1
h2_vma_conditional	esm2_3b_cosine	v0.1	encoder_readout	controlled_primary	4	0.98944526910781871	1	1	1	NA	0.023809523809523808	RESOLUTION_LIMITED_NO_ESTIMATE	55	49	59	42
h2_vma_conditional	esm2_3b_cosine	v0.1	encoder_readout	controlled_primary	5	0.9887758493423463	1	0.97826086956521741	1	NA	0.021739130434782608	RESOLUTION_LIMITED_NO_ESTIMATE	54	48	59	46
h2_vma_conditional	esm2_650m_cosine	context	encoder_readout	controlled_context	1	0.9820275902748109	1	1	1	NA	0.021276595744680851	RESOLUTION_LIMITED_NO_ESTIMATE	55	47	59	47
h2_vma_conditional	esm2_650m_cosine	context	encoder_readout	controlled_context	2	0.97383183240890514	1	0.72783687943262421	0.99889988998899903	NA	0.021276595744680851	RESOLUTION_LIMITED_NO_ESTIMATE	119	18	59	47
h2_vma_conditional	esm2_650m_cosine	context	encoder_readout	controlled_context	3	0.98123681545257579	1	1	0.98936170212765961	NA	1	RESOLUTION_LIMITED_NO_ESTIMATE	53	47	62	1
h2_vma_conditional	esm2_650m_cosine	context	encoder_readout	controlled_context	4	0.97945010662078869	1	0.95238095238095233	1	NA	0.023809523809523808	RESOLUTION_LIMITED_NO_ESTIMATE	55	49	59	42
h2_vma_conditional	esm2_650m_cosine	context	encoder_readout	controlled_context	5	0.9805625081062318	1	1	1	NA	0.021739130434782608	RESOLUTION_LIMITED_NO_ESTIMATE	54	48	59	46
h2_vma_conditional	blastp	classical	pairwise	controlled_primary	1	31.600000000000005	1	0.97872340425531912	0.97872340425531912	NA	0.021276595744680851	RESOLUTION_LIMITED_NO_ESTIMATE	55	47	59	47
h2_vma_conditional	blastp	classical	pairwise	controlled_primary	2	29.300000000000004	1	0.97606382978723405	0.88888888888888884	NA	0.021276595744680851	RESOLUTION_LIMITED_NO_ESTIMATE	119	18	59	47
h2_vma_conditional	blastp	classical	pairwise	controlled_primary	3	29.600000000000005	0.99735449735449733	0.9838709677419355	0.95744680851063835	NA	1	RESOLUTION_LIMITED_NO_ESTIMATE	53	47	62	1
h2_vma_conditional	blastp	classical	pairwise	controlled_primary	4	28.900000000000002	1	0.92724867724867721	0.95918367346938771	NA	0.023809523809523808	RESOLUTION_LIMITED_NO_ESTIMATE	55	49	59	42
h2_vma_conditional	blastp	classical	pairwise	controlled_primary	5	35.800000000000004	1	1	0.9375	NA	0.021739130434782608	RESOLUTION_LIMITED_NO_ESTIMATE	54	48	59	46
h2_vma_conditional	diamond_ultra	classical	pairwise	controlled_primary	1	30.400000000000002	1	0.97872340425531912	0.95744680851063835	NA	0.021276595744680851	RESOLUTION_LIMITED_NO_ESTIMATE	55	47	59	47
h2_vma_conditional	diamond_ultra	classical	pairwise	controlled_primary	2	27.700000000000003	1	1	0.88888888888888884	NA	0.021276595744680851	RESOLUTION_LIMITED_NO_ESTIMATE	119	18	59	47
h2_vma_conditional	diamond_ultra	classical	pairwise	controlled_primary	3	29.600000000000005	1	0.9838709677419355	0.91489361702127658	NA	1	RESOLUTION_LIMITED_NO_ESTIMATE	53	47	62	1
h2_vma_conditional	diamond_ultra	classical	pairwise	controlled_primary	4	28.100000000000005	1	0.97619047619047616	0.93877551020408168	NA	0.023809523809523808	RESOLUTION_LIMITED_NO_ESTIMATE	55	49	59	42
h2_vma_conditional	diamond_ultra	classical	pairwise	controlled_primary	5	32.000000000000007	1	1	0.95833333333333337	NA	0.021739130434782608	RESOLUTION_LIMITED_NO_ESTIMATE	54	48	59	46
h2_vma_conditional	mmseqs_s7.5	classical	pairwise	controlled_primary	1	31.000000000000004	1	1	0.93617021276595747	NA	0.021276595744680851	RESOLUTION_LIMITED_NO_ESTIMATE	55	47	59	47
h2_vma_conditional	mmseqs_s7.5	classical	pairwise	controlled_primary	2	35.000000000000007	1	1	0.83333333333333337	NA	0.021276595744680851	RESOLUTION_LIMITED_NO_ESTIMATE	119	18	59	47
h2_vma_conditional	mmseqs_s7.5	classical	pairwise	controlled_primary	3	35.000000000000007	1	1	0.87234042553191493	NA	1	RESOLUTION_LIMITED_NO_ESTIMATE	53	47	62	1
h2_vma_conditional	mmseqs_s7.5	classical	pairwise	controlled_primary	4	30.000000000000004	0.99802371541501977	0.97619047619047616	0.95918367346938771	NA	0.023809523809523808	RESOLUTION_LIMITED_NO_ESTIMATE	55	49	59	42
h2_vma_conditional	mmseqs_s7.5	classical	pairwise	controlled_primary	5	31.000000000000004	1	0.99802371541501977	0.95833333333333337	NA	0.021739130434782608	RESOLUTION_LIMITED_NO_ESTIMATE	54	48	59	46
h2_vma_conditional	hmmer_component	classical	profile	controlled_primary	1	8.3000000000000025	1	0.97872340425531912	0.97872340425531912	NA	0.021276595744680851	RESOLUTION_LIMITED_NO_ESTIMATE	55	47	59	47
h2_vma_conditional	hmmer_component	classical	profile	controlled_primary	2	8.7000000000000011	1	1	0.88888888888888884	NA	0.021276595744680851	RESOLUTION_LIMITED_NO_ESTIMATE	119	18	59	47
h2_vma_conditional	hmmer_component	classical	profile	controlled_primary	3	6.5000000000000009	0.99867724867724872	0.967741935483871	0.97872340425531912	NA	1	RESOLUTION_LIMITED_NO_ESTIMATE	53	47	62	1
h2_vma_conditional	hmmer_component	classical	profile	controlled_primary	4	5.2000000000000011	1	0.87830687830687837	0.97959183673469385	NA	0.023809523809523808	RESOLUTION_LIMITED_NO_ESTIMATE	55	49	59	42
h2_vma_conditional	hmmer_component	classical	profile	controlled_primary	5	12.200000000000001	1	1	0.95833333333333337	NA	0.021739130434782608	RESOLUTION_LIMITED_NO_ESTIMATE	54	48	59	46
h2_vma_conditional	psiblast_longest_seed_positiveDB_3iter	classical	iterative_profile	resource_augmented_secondary	1	37.20000000000001	1	0.97872340425531912	1	NA	0.021276595744680851	RESOLUTION_LIMITED_NO_ESTIMATE	55	47	59	47
h2_vma_conditional	psiblast_longest_seed_positiveDB_3iter	classical	iterative_profile	resource_augmented_secondary	2	30.900000000000002	1	0.93617021276595747	1	NA	0.021276595744680851	RESOLUTION_LIMITED_NO_ESTIMATE	119	18	59	47
h2_vma_conditional	psiblast_longest_seed_positiveDB_3iter	classical	iterative_profile	resource_augmented_secondary	3	35.70000000000001	1	1	0.95744680851063835	NA	1	RESOLUTION_LIMITED_NO_ESTIMATE	53	47	62	1
h2_vma_conditional	psiblast_longest_seed_positiveDB_3iter	classical	iterative_profile	resource_augmented_secondary	4	31.300000000000004	1	0.97619047619047616	0.95918367346938771	NA	0.023809523809523808	RESOLUTION_LIMITED_NO_ESTIMATE	55	49	59	42
h2_vma_conditional	psiblast_longest_seed_positiveDB_3iter	classical	iterative_profile	resource_augmented_secondary	5	32.600000000000009	1	1	0.95833333333333337	NA	0.021739130434782608	RESOLUTION_LIMITED_NO_ESTIMATE	54	48	59	46
h2_vma_conditional	hmmer_family	classical	profile	metadata_augmented_secondary	1	4.8000000000000007	1	1	1	NA	0.021276595744680851	RESOLUTION_LIMITED_NO_ESTIMATE	55	47	59	47
h2_vma_conditional	hmmer_family	classical	profile	metadata_augmented_secondary	2	8.3000000000000025	1	1	0.94444444444444442	NA	0.021276595744680851	RESOLUTION_LIMITED_NO_ESTIMATE	119	18	59	47
h2_vma_conditional	hmmer_family	classical	profile	metadata_augmented_secondary	3	7.6000000000000005	1	0.9838709677419355	1	NA	1	RESOLUTION_LIMITED_NO_ESTIMATE	53	47	62	1
h2_vma_conditional	hmmer_family	classical	profile	metadata_augmented_secondary	4	5.7000000000000011	1	0.97619047619047616	0.97959183673469385	NA	0.023809523809523808	RESOLUTION_LIMITED_NO_ESTIMATE	55	49	59	42
h2_vma_conditional	hmmer_family	classical	profile	metadata_augmented_secondary	5	4.0000000000000009	1	1	0.97916666666666663	NA	0.021739130434782608	RESOLUTION_LIMITED_NO_ESTIMATE	54	48	59	46
h2_vma_conditional	esmc6b_supervised	v0	task_adapted_detector	operational_descriptive	1	-1.4969480037689207	1	1	1	NA	0.021276595744680851	RESOLUTION_LIMITED_NO_ESTIMATE	55	47	59	47
h2_vma_conditional	esmc6b_supervised	v0	task_adapted_detector	operational_descriptive	2	-4.0988197326660147	1	0.85992907801418439	1	NA	0.021276595744680851	RESOLUTION_LIMITED_NO_ESTIMATE	119	18	59	47
h2_vma_conditional	esmc6b_supervised	v0	task_adapted_detector	operational_descriptive	3	-3.4146709442138667	1	1	1	NA	1	RESOLUTION_LIMITED_NO_ESTIMATE	53	47	62	1
h2_vma_conditional	esmc6b_supervised	v0	task_adapted_detector	operational_descriptive	4	-3.6228992938995357	1	0.95238095238095233	1	NA	0.023809523809523808	RESOLUTION_LIMITED_NO_ESTIMATE	55	49	59	42
h2_vma_conditional	esmc6b_supervised	v0	task_adapted_detector	operational_descriptive	5	-3.2722039222717281	1	0.97826086956521741	1	NA	0.021739130434782608	RESOLUTION_LIMITED_NO_ESTIMATE	54	48	59	46
h2_vma_conditional	esm2_3b_supervised	v0.1	task_adapted_detector	operational_descriptive	1	-1.0431509017944334	1	1	1	NA	0.021276595744680851	RESOLUTION_LIMITED_NO_ESTIMATE	55	47	59	47
h2_vma_conditional	esm2_3b_supervised	v0.1	task_adapted_detector	operational_descriptive	2	-5.452317237854003	1	0.54255319148936176	1	NA	0.021276595744680851	RESOLUTION_LIMITED_NO_ESTIMATE	119	18	59	47
h2_vma_conditional	esm2_3b_supervised	v0.1	task_adapted_detector	operational_descriptive	3	-4.2704782485961905	1	1	1	NA	1	RESOLUTION_LIMITED_NO_ESTIMATE	53	47	62	1
h2_vma_conditional	esm2_3b_supervised	v0.1	task_adapted_detector	operational_descriptive	4	-4.3684320449829093	1	0.95238095238095233	1	NA	0.023809523809523808	RESOLUTION_LIMITED_NO_ESTIMATE	55	49	59	42
h2_vma_conditional	esm2_3b_supervised	v0.1	task_adapted_detector	operational_descriptive	5	-4.0334925651550284	1	1	1	NA	0.021739130434782608	RESOLUTION_LIMITED_NO_ESTIMATE	54	48	59	46
vma_end_to_end	esmc6b_cosine	v0	encoder_readout	controlled_primary	1	0.95140552520751964	0.99563274687976633	0.99815837937384899	0.92553191489361697	NA	0.0070921985815602835	RESOLUTION_LIMITED_NO_ESTIMATE	55	47	1259	778
vma_end_to_end	esmc6b_cosine	v0	encoder_readout	controlled_primary	2	0.95229995250701915	0.99519083541442921	0.9969001740027067	0.87183718371837182	NA	0.0070921985815602835	RESOLUTION_LIMITED_NO_ESTIMATE	119	18	1259	1162
vma_end_to_end	esmc6b_cosine	v0	encoder_readout	controlled_primary	3	0.94974541664123546	0.99743095696852924	0.99458915069722109	0.91489361702127658	NA	0.33333333333333331	RESOLUTION_LIMITED_NO_ESTIMATE	53	47	1262	1113
vma_end_to_end	esmc6b_cosine	v0	encoder_readout	controlled_primary	4	0.95195657014846813	0.99561145081813385	0.98892947728060887	0.95918367346938771	NA	0.0079365079365079361	RESOLUTION_LIMITED_NO_ESTIMATE	55	49	1259	1151
vma_end_to_end	esmc6b_cosine	v0	encoder_readout	controlled_primary	5	0.946222484111786	0.99539594843462242	0.97170546651569145	0.97916666666666663	NA	0.0072463768115942021	RESOLUTION_LIMITED_NO_ESTIMATE	54	48	1259	1153
vma_end_to_end	esm2_3b_cosine	v0.1	encoder_readout	controlled_primary	1	0.9916396737098695	1	1	1	NA	0.0070921985815602835	RESOLUTION_LIMITED_NO_ESTIMATE	55	47	1259	778
vma_end_to_end	esm2_3b_cosine	v0.1	encoder_readout	controlled_primary	2	0.98882281780242931	0.99519514856652391	0.97276328212281782	0.94279427942794269	NA	0.0070921985815602835	RESOLUTION_LIMITED_NO_ESTIMATE	119	18	1259	1162
vma_end_to_end	esm2_3b_cosine	v0.1	encoder_readout	controlled_primary	3	0.9897856116294862	0.9980732177263969	0.99759326113116731	0.96808510638297873	NA	0.33333333333333331	RESOLUTION_LIMITED_NO_ESTIMATE	53	47	1262	1113
vma_end_to_end	esm2_3b_cosine	v0.1	encoder_readout	controlled_primary	4	0.98944526910781871	0.99701246950274747	0.99815050673285222	1	NA	0.0079365079365079361	RESOLUTION_LIMITED_NO_ESTIMATE	55	49	1259	1151
vma_end_to_end	esm2_3b_cosine	v0.1	encoder_readout	controlled_primary	5	0.9887758493423463	0.9972574784729481	0.98855820508689518	1	NA	0.0072463768115942021	RESOLUTION_LIMITED_NO_ESTIMATE	54	48	1259	1153
vma_end_to_end	esm2_650m_cosine	context	encoder_readout	controlled_context	1	0.9820275902748109	0.99703765762282226	0.99817828878602355	1	NA	0.0070921985815602835	RESOLUTION_LIMITED_NO_ESTIMATE	55	47	1259	778
vma_end_to_end	esm2_650m_cosine	context	encoder_readout	controlled_context	2	0.98089742660522472	0.99519946171861862	0.99640394406135202	0.94004400440044	NA	0.0070921985815602835	RESOLUTION_LIMITED_NO_ESTIMATE	119	18	1259	1162
vma_end_to_end	esm2_650m_cosine	context	encoder_readout	controlled_context	3	0.98123681545257579	0.99758553498143976	0.99519946171861862	0.98936170212765961	NA	0.33333333333333331	RESOLUTION_LIMITED_NO_ESTIMATE	53	47	1262	1113
vma_end_to_end	esm2_650m_cosine	context	encoder_readout	controlled_context	4	0.98203963041305553	0.99510407255618261	0.99709785223648262	1	NA	0.0079365079365079361	RESOLUTION_LIMITED_NO_ESTIMATE	55	49	1259	1151
vma_end_to_end	esm2_650m_cosine	context	encoder_readout	controlled_context	5	0.9805625081062318	0.99817828878602355	0.99446794024066099	1	NA	0.0072463768115942021	RESOLUTION_LIMITED_NO_ESTIMATE	54	48	1259	1153
vma_end_to_end	blastp	classical	pairwise	controlled_primary	1	31.600000000000005	0.9972857725934996	0.98831771855353956	0.97872340425531912	NA	0.0070921985815602835	RESOLUTION_LIMITED_NO_ESTIMATE	55	47	1259	778
vma_end_to_end	blastp	classical	pairwise	controlled_primary	2	31.600000000000005	0.9961019887944309	0.99753388756417694	0.88888888888888884	NA	0.0070921985815602835	RESOLUTION_LIMITED_NO_ESTIMATE	119	18	1259	1162
vma_end_to_end	blastp	classical	pairwise	controlled_primary	3	31.200000000000003	0.99554771779715445	0.99249188049118175	0.93617021276595747	NA	0.33333333333333331	RESOLUTION_LIMITED_NO_ESTIMATE	53	47	1262	1113
vma_end_to_end	blastp	classical	pairwise	controlled_primary	4	31.600000000000005	0.9951684495829678	0.99675495030643457	0.95918367346938771	NA	0.0079365079365079361	RESOLUTION_LIMITED_NO_ESTIMATE	55	49	1259	1151
vma_end_to_end	blastp	classical	pairwise	controlled_primary	5	35.800000000000004	1	0.99942824471126357	0.9375	NA	0.0072463768115942021	RESOLUTION_LIMITED_NO_ESTIMATE	54	48	1259	1153
vma_end_to_end	diamond_ultra	classical	pairwise	controlled_primary	1	30.400000000000002	0.99696891581276448	0.99198501086813184	0.95744680851063835	NA	0.0070921985815602835	RESOLUTION_LIMITED_NO_ESTIMATE	55	47	1259	778
vma_end_to_end	diamond_ultra	classical	pairwise	controlled_primary	2	30.400000000000002	0.99580114643582673	0.9969001740027067	0.88888888888888884	NA	0.0070921985815602835	RESOLUTION_LIMITED_NO_ESTIMATE	119	18	1259	1162
vma_end_to_end	diamond_ultra	classical	pairwise	controlled_primary	3	29.600000000000005	0.99547042879069925	0.99102648706701346	0.91489361702127658	NA	0.33333333333333331	RESOLUTION_LIMITED_NO_ESTIMATE	53	47	1262	1113
vma_end_to_end	diamond_ultra	classical	pairwise	controlled_primary	4	29.300000000000004	0.99580458189848942	0.98540194171133721	0.93877551020408168	NA	0.0079365079365079361	RESOLUTION_LIMITED_NO_ESTIMATE	55	49	1259	1151
vma_end_to_end	diamond_ultra	classical	pairwise	controlled_primary	5	32.000000000000007	0.99907918968692444	0.99971412235563184	0.95833333333333337	NA	0.0072463768115942021	RESOLUTION_LIMITED_NO_ESTIMATE	54	48	1259	1153
vma_end_to_end	mmseqs_s7.5	classical	pairwise	controlled_primary	1	31.000000000000004	0.99785074434491206	0.9926614548963506	0.93617021276595747	NA	0.0070921985815602835	RESOLUTION_LIMITED_NO_ESTIMATE	55	47	1259	778
vma_end_to_end	mmseqs_s7.5	classical	pairwise	controlled_primary	2	35.000000000000007	0.99880094371767836	0.99873257287705952	0.83333333333333337	NA	0.0070921985815602835	RESOLUTION_LIMITED_NO_ESTIMATE	119	18	1259	1162
vma_end_to_end	mmseqs_s7.5	classical	pairwise	controlled_primary	3	35.000000000000007	1	0.99820357215256483	0.87234042553191493	NA	0.33333333333333331	RESOLUTION_LIMITED_NO_ESTIMATE	53	47	1262	1113
vma_end_to_end	mmseqs_s7.5	classical	pairwise	controlled_primary	4	32.000000000000007	0.99624758313365547	0.98772224477132875	0.93877551020408168	NA	0.0079365079365079361	RESOLUTION_LIMITED_NO_ESTIMATE	55	49	1259	1151
vma_end_to_end	mmseqs_s7.5	classical	pairwise	controlled_primary	5	33.000000000000007	0.9990732489752272	0.99796539498397485	0.95833333333333337	NA	0.0072463768115942021	RESOLUTION_LIMITED_NO_ESTIMATE	54	48	1259	1153
vma_end_to_end	hmmer_component	classical	profile	controlled_primary	1	9.0000000000000018	0.99506777512835387	0.99105429936889422	0.97872340425531912	NA	0.0070921985815602835	RESOLUTION_LIMITED_NO_ESTIMATE	55	47	1259	778
vma_end_to_end	hmmer_component	classical	profile	controlled_primary	2	9.7000000000000011	0.99519514856652391	0.99658331722197158	0.88888888888888884	NA	0.0070921985815602835	RESOLUTION_LIMITED_NO_ESTIMATE	119	18	1259	1162
vma_end_to_end	hmmer_component	classical	profile	controlled_primary	3	8.0000000000000018	0.99581803061114649	0.98174566204728075	0.97872340425531912	NA	0.33333333333333331	RESOLUTION_LIMITED_NO_ESTIMATE	53	47	1262	1113
vma_end_to_end	hmmer_component	classical	profile	controlled_primary	4	8.6000000000000014	0.99535776168715817	0.99618122673705445	0.97959183673469385	NA	0.0079365079365079361	RESOLUTION_LIMITED_NO_ESTIMATE	55	49	1259	1151
vma_end_to_end	hmmer_component	classical	profile	controlled_primary	5	12.200000000000001	0.99999603952553517	1	0.95833333333333337	NA	0.0072463768115942021	RESOLUTION_LIMITED_NO_ESTIMATE	54	48	1259	1153
vma_end_to_end	psiblast_longest_seed_positiveDB_3iter	classical	iterative_profile	resource_augmented_secondary	1	37.20000000000001	1	0.99290780141843971	1	NA	0.0070921985815602835	RESOLUTION_LIMITED_NO_ESTIMATE	55	47	1259	778
vma_end_to_end	psiblast_longest_seed_positiveDB_3iter	classical	iterative_profile	resource_augmented_secondary	2	31.300000000000004	0.99550677380536468	0.97104578049149481	1	NA	0.0070921985815602835	RESOLUTION_LIMITED_NO_ESTIMATE	119	18	1259	1162
vma_end_to_end	psiblast_longest_seed_positiveDB_3iter	classical	iterative_profile	resource_augmented_secondary	3	35.70000000000001	0.99879276749071988	0.99940262843488648	0.95744680851063835	NA	0.33333333333333331	RESOLUTION_LIMITED_NO_ESTIMATE	53	47	1262	1113
vma_end_to_end	psiblast_longest_seed_positiveDB_3iter	classical	iterative_profile	resource_augmented_secondary	4	33.300000000000004	0.99561145081813385	0.99786802085714599	0.95918367346938771	NA	0.0079365079365079361	RESOLUTION_LIMITED_NO_ESTIMATE	55	49	1259	1151
vma_end_to_end	psiblast_longest_seed_positiveDB_3iter	classical	iterative_profile	resource_augmented_secondary	5	32.600000000000009	0.99543180678450682	0.99198778800535969	0.95833333333333337	NA	0.0072463768115942021	RESOLUTION_LIMITED_NO_ESTIMATE	54	48	1259	1153
vma_end_to_end	hmmer_family	classical	profile	metadata_augmented_secondary	1	5.5000000000000009	0.99506777512835387	0.99365200167196244	1	NA	0.0070921985815602835	RESOLUTION_LIMITED_NO_ESTIMATE	55	47	1259	778
vma_end_to_end	hmmer_family	classical	profile	metadata_augmented_secondary	2	8.3000000000000025	0.99939831528279177	0.99816760112564717	0.94444444444444442	NA	0.0070921985815602835	RESOLUTION_LIMITED_NO_ESTIMATE	119	18	1259	1162
vma_end_to_end	hmmer_family	classical	profile	metadata_augmented_secondary	3	7.6000000000000005	0.99943502824858754	0.9946236559139785	1	NA	0.33333333333333331	RESOLUTION_LIMITED_NO_ESTIMATE	53	47	1262	1113
vma_end_to_end	hmmer_family	classical	profile	metadata_augmented_secondary	4	6.1000000000000005	0.99609045954285769	0.99441777429432965	0.97959183673469385	NA	0.0079365079365079361	RESOLUTION_LIMITED_NO_ESTIMATE	55	49	1259	1151
vma_end_to_end	hmmer_family	classical	profile	metadata_augmented_secondary	5	6.6000000000000005	0.9954039764234025	0.99793447946263736	0.97916666666666663	NA	0.0072463768115942021	RESOLUTION_LIMITED_NO_ESTIMATE	54	48	1259	1153
vma_end_to_end	esmc6b_supervised	v0	task_adapted_detector	operational_descriptive	1	1.6220988407664683	0.99732014349852849	0.99633666815987254	1	NA	0.0070921985815602835	RESOLUTION_LIMITED_NO_ESTIMATE	55	47	1259	778
vma_end_to_end	esmc6b_supervised	v0	task_adapted_detector	operational_descriptive	2	1.7993405494535819	1	1	0	NA	0.0070921985815602835	RESOLUTION_LIMITED_NO_ESTIMATE	119	18	1259	1162
vma_end_to_end	esmc6b_supervised	v0	task_adapted_detector	operational_descriptive	3	1.7298184705906221	0.99505807561259707	0.99051142482104015	1	NA	0.33333333333333331	RESOLUTION_LIMITED_NO_ESTIMATE	53	47	1262	1113
vma_end_to_end	esmc6b_supervised	v0	task_adapted_detector	operational_descriptive	4	2.021693393629862	0.99545432722733607	0.97929805408986359	1	NA	0.0079365079365079361	RESOLUTION_LIMITED_NO_ESTIMATE	55	49	1259	1151
vma_end_to_end	esmc6b_supervised	v0	task_adapted_detector	operational_descriptive	5	1.8234136031519292	0.99547558608332087	0.98728594045585194	1	NA	0.0072463768115942021	RESOLUTION_LIMITED_NO_ESTIMATE	54	48	1259	1153
vma_end_to_end	esm2_3b_supervised	v0.1	task_adapted_detector	operational_descriptive	1	1.4514369262942346	0.99541900281411788	0.99723756906077343	1	NA	0.0070921985815602835	RESOLUTION_LIMITED_NO_ESTIMATE	55	47	1259	778
vma_end_to_end	esm2_3b_supervised	v0.1	task_adapted_detector	operational_descriptive	2	1.7993405494535819	1	1	0	NA	0.0070921985815602835	RESOLUTION_LIMITED_NO_ESTIMATE	119	18	1259	1162
vma_end_to_end	esm2_3b_supervised	v0.1	task_adapted_detector	operational_descriptive	3	1.6940081007660395	0.99545355583858575	0.99339440756699404	1	NA	0.33333333333333331	RESOLUTION_LIMITED_NO_ESTIMATE	53	47	1262	1113
vma_end_to_end	esm2_3b_supervised	v0.1	task_adapted_detector	operational_descriptive	4	1.7311691836044483	0.99538995020055077	0.98022280072343759	1	NA	0.0079365079365079361	RESOLUTION_LIMITED_NO_ESTIMATE	55	49	1259	1151
vma_end_to_end	esm2_3b_supervised	v0.1	task_adapted_detector	operational_descriptive	5	1.6608160492074602	0.99541585784679709	0.99170191036099142	1	NA	0.0072463768115942021	RESOLUTION_LIMITED_NO_ESTIMATE	54	48	1259	1153
