model_id	label	raw_cv_rank	selected	selectable	metric	metric_label	fold	fold_score	mean	se	uncertainty_definition
esmc_6b	ESM-C 6B	1	True	True	weighted_S	Weighted S	1	0.9937075062278554	0.9971447092078872	0.0009142737733762574	sample SD of five shared-fold scores divided by sqrt(5)
esmc_6b	ESM-C 6B	1	True	True	weighted_S	Weighted S	2	0.9973613673445523	0.9971447092078872	0.0009142737733762574	sample SD of five shared-fold scores divided by sqrt(5)
esmc_6b	ESM-C 6B	1	True	True	weighted_S	Weighted S	3	0.9972570979578756	0.9971447092078872	0.0009142737733762574	sample SD of five shared-fold scores divided by sqrt(5)
esmc_6b	ESM-C 6B	1	True	True	weighted_S	Weighted S	4	0.9986160914323577	0.9971447092078872	0.0009142737733762574	sample SD of five shared-fold scores divided by sqrt(5)
esmc_6b	ESM-C 6B	1	True	True	weighted_S	Weighted S	5	0.9987814830767948	0.9971447092078872	0.0009142737733762574	sample SD of five shared-fold scores divided by sqrt(5)
esmc_6b	ESM-C 6B	1	True	True	head1	H1 AP	1	0.9981157492461559	0.9984698689777659	0.0003450926987367129	sample SD of five shared-fold scores divided by sqrt(5)
esmc_6b	ESM-C 6B	1	True	True	head1	H1 AP	2	0.9990952027257143	0.9984698689777659	0.0003450926987367129	sample SD of five shared-fold scores divided by sqrt(5)
esmc_6b	ESM-C 6B	1	True	True	head1	H1 AP	3	0.9994757687350382	0.9984698689777659	0.0003450926987367129	sample SD of five shared-fold scores divided by sqrt(5)
esmc_6b	ESM-C 6B	1	True	True	head1	H1 AP	4	0.9976934857205962	0.9984698689777659	0.0003450926987367129	sample SD of five shared-fold scores divided by sqrt(5)
esmc_6b	ESM-C 6B	1	True	True	head1	H1 AP	5	0.997969138461325	0.9984698689777659	0.0003450926987367129	sample SD of five shared-fold scores divided by sqrt(5)
esmc_6b	ESM-C 6B	1	True	True	head2	H2 AP	1	1.0	1.0	0.0	sample SD of five shared-fold scores divided by sqrt(5)
esmc_6b	ESM-C 6B	1	True	True	head2	H2 AP	2	1.0	1.0	0.0	sample SD of five shared-fold scores divided by sqrt(5)
esmc_6b	ESM-C 6B	1	True	True	head2	H2 AP	3	1.0	1.0	0.0	sample SD of five shared-fold scores divided by sqrt(5)
esmc_6b	ESM-C 6B	1	True	True	head2	H2 AP	4	1.0	1.0	0.0	sample SD of five shared-fold scores divided by sqrt(5)
esmc_6b	ESM-C 6B	1	True	True	head2	H2 AP	5	1.0	1.0	0.0	sample SD of five shared-fold scores divided by sqrt(5)
esmc_6b	ESM-C 6B	1	True	True	head3_phylum	H3 known macro-F1	1	0.9483805668016194	0.980627878212277	0.00953174642758758	sample SD of five shared-fold scores divided by sqrt(5)
esmc_6b	ESM-C 6B	1	True	True	head3_phylum	H3 known macro-F1	2	0.9790424570912375	0.980627878212277	0.00953174642758758	sample SD of five shared-fold scores divided by sqrt(5)
esmc_6b	ESM-C 6B	1	True	True	head3_phylum	H3 known macro-F1	3	0.9757163671685285	0.980627878212277	0.00953174642758758	sample SD of five shared-fold scores divided by sqrt(5)
esmc_6b	ESM-C 6B	1	True	True	head3_phylum	H3 known macro-F1	4	1.0	0.980627878212277	0.00953174642758758	sample SD of five shared-fold scores divided by sqrt(5)
esmc_6b	ESM-C 6B	1	True	True	head3_phylum	H3 known macro-F1	5	1.0	0.980627878212277	0.00953174642758758	sample SD of five shared-fold scores divided by sqrt(5)
esm2_3b	ESM-2 3B	2	False	True	weighted_S	Weighted S	1	0.9945164508131311	0.9948729683683369	0.0006575379035165536	sample SD of five shared-fold scores divided by sqrt(5)
esm2_3b	ESM-2 3B	2	False	True	weighted_S	Weighted S	2	0.9946279407998978	0.9948729683683369	0.0006575379035165536	sample SD of five shared-fold scores divided by sqrt(5)
esm2_3b	ESM-2 3B	2	False	True	weighted_S	Weighted S	3	0.9950396825396824	0.9948729683683369	0.0006575379035165536	sample SD of five shared-fold scores divided by sqrt(5)
esm2_3b	ESM-2 3B	2	False	True	weighted_S	Weighted S	4	0.997132153422731	0.9948729683683369	0.0006575379035165536	sample SD of five shared-fold scores divided by sqrt(5)
esm2_3b	ESM-2 3B	2	False	True	weighted_S	Weighted S	5	0.9930486142662425	0.9948729683683369	0.0006575379035165536	sample SD of five shared-fold scores divided by sqrt(5)
esm2_3b	ESM-2 3B	2	False	True	head1	H1 AP	1	0.9994639902216153	0.9993030608144473	0.00040083972565130863	sample SD of five shared-fold scores divided by sqrt(5)
esm2_3b	ESM-2 3B	2	False	True	head1	H1 AP	2	0.9978159424162629	0.9993030608144473	0.00040083972565130863	sample SD of five shared-fold scores divided by sqrt(5)
esm2_3b	ESM-2 3B	2	False	True	head1	H1 AP	3	0.9999999999999999	0.9993030608144473	0.00040083972565130863	sample SD of five shared-fold scores divided by sqrt(5)
esm2_3b	ESM-2 3B	2	False	True	head1	H1 AP	4	0.999235371434358	0.9993030608144473	0.00040083972565130863	sample SD of five shared-fold scores divided by sqrt(5)
esm2_3b	ESM-2 3B	2	False	True	head1	H1 AP	5	1.0	0.9993030608144473	0.00040083972565130863	sample SD of five shared-fold scores divided by sqrt(5)
esm2_3b	ESM-2 3B	2	False	True	head2	H2 AP	1	1.0	1.0	0.0	sample SD of five shared-fold scores divided by sqrt(5)
esm2_3b	ESM-2 3B	2	False	True	head2	H2 AP	2	1.0	1.0	0.0	sample SD of five shared-fold scores divided by sqrt(5)
esm2_3b	ESM-2 3B	2	False	True	head2	H2 AP	3	1.0	1.0	0.0	sample SD of five shared-fold scores divided by sqrt(5)
esm2_3b	ESM-2 3B	2	False	True	head2	H2 AP	4	1.0	1.0	0.0	sample SD of five shared-fold scores divided by sqrt(5)
esm2_3b	ESM-2 3B	2	False	True	head2	H2 AP	5	1.0	1.0	0.0	sample SD of five shared-fold scores divided by sqrt(5)
esm2_3b	ESM-2 3B	2	False	True	head3_phylum	H3 known macro-F1	1	0.9483805668016194	0.9529113187966866	0.007418014304168231	sample SD of five shared-fold scores divided by sqrt(5)
esm2_3b	ESM-2 3B	2	False	True	head3_phylum	H3 known macro-F1	2	0.9593837535014006	0.9529113187966866	0.007418014304168231	sample SD of five shared-fold scores divided by sqrt(5)
esm2_3b	ESM-2 3B	2	False	True	head3_phylum	H3 known macro-F1	3	0.9503968253968254	0.9529113187966866	0.007418014304168231	sample SD of five shared-fold scores divided by sqrt(5)
esm2_3b	ESM-2 3B	2	False	True	head3_phylum	H3 known macro-F1	4	0.9759093056211621	0.9529113187966866	0.007418014304168231	sample SD of five shared-fold scores divided by sqrt(5)
esm2_3b	ESM-2 3B	2	False	True	head3_phylum	H3 known macro-F1	5	0.9304861426624261	0.9529113187966866	0.007418014304168231	sample SD of five shared-fold scores divided by sqrt(5)
esmc_300m	ESM-C 300M	3	False	True	weighted_S	Weighted S	1	0.987802086929925	0.9934441424904288	0.001876640571320262	sample SD of five shared-fold scores divided by sqrt(5)
esmc_300m	ESM-C 300M	3	False	True	weighted_S	Weighted S	2	0.9960102181698978	0.9934441424904288	0.001876640571320262	sample SD of five shared-fold scores divided by sqrt(5)
esmc_300m	ESM-C 300M	3	False	True	weighted_S	Weighted S	3	0.9925885221137764	0.9934441424904288	0.001876640571320262	sample SD of five shared-fold scores divided by sqrt(5)
esmc_300m	ESM-C 300M	3	False	True	weighted_S	Weighted S	4	0.9988419416588895	0.9934441424904288	0.001876640571320262	sample SD of five shared-fold scores divided by sqrt(5)
esmc_300m	ESM-C 300M	3	False	True	weighted_S	Weighted S	5	0.9919779435796555	0.9934441424904288	0.001876640571320262	sample SD of five shared-fold scores divided by sqrt(5)
esmc_300m	ESM-C 300M	3	False	True	head1	H1 AP	1	0.9960794112924746	0.9954443335961229	0.0012709626846677414	sample SD of five shared-fold scores divided by sqrt(5)
esmc_300m	ESM-C 300M	3	False	True	head1	H1 AP	2	0.9968432874346234	0.9954443335961229	0.0012709626846677414	sample SD of five shared-fold scores divided by sqrt(5)
esmc_300m	ESM-C 300M	3	False	True	head1	H1 AP	3	0.995584044792802	0.9954443335961229	0.0012709626846677414	sample SD of five shared-fold scores divided by sqrt(5)
esmc_300m	ESM-C 300M	3	False	True	head1	H1 AP	4	0.9980699027648158	0.9954443335961229	0.0012709626846677414	sample SD of five shared-fold scores divided by sqrt(5)
esmc_300m	ESM-C 300M	3	False	True	head1	H1 AP	5	0.9906450216958991	0.9954443335961229	0.0012709626846677414	sample SD of five shared-fold scores divided by sqrt(5)
esmc_300m	ESM-C 300M	3	False	True	head2	H2 AP	1	1.0	1.0	0.0	sample SD of five shared-fold scores divided by sqrt(5)
esmc_300m	ESM-C 300M	3	False	True	head2	H2 AP	2	1.0	1.0	0.0	sample SD of five shared-fold scores divided by sqrt(5)
esmc_300m	ESM-C 300M	3	False	True	head2	H2 AP	3	1.0	1.0	0.0	sample SD of five shared-fold scores divided by sqrt(5)
esmc_300m	ESM-C 300M	3	False	True	head2	H2 AP	4	1.0	1.0	0.0	sample SD of five shared-fold scores divided by sqrt(5)
esmc_300m	ESM-C 300M	3	False	True	head2	H2 AP	5	1.0	1.0	0.0	sample SD of five shared-fold scores divided by sqrt(5)
esmc_300m	ESM-C 300M	3	False	True	head3_phylum	H3 known macro-F1	1	0.9015444015444015	0.9617754233275507	0.01684498058010544	sample SD of five shared-fold scores divided by sqrt(5)
esmc_300m	ESM-C 300M	3	False	True	head3_phylum	H3 known macro-F1	2	0.9790424570912375	0.9617754233275507	0.01684498058010544	sample SD of five shared-fold scores divided by sqrt(5)
esmc_300m	ESM-C 300M	3	False	True	head3_phylum	H3 known macro-F1	3	0.9523809523809523	0.9617754233275507	0.01684498058010544	sample SD of five shared-fold scores divided by sqrt(5)
esmc_300m	ESM-C 300M	3	False	True	head3_phylum	H3 known macro-F1	4	1.0	0.9617754233275507	0.01684498058010544	sample SD of five shared-fold scores divided by sqrt(5)
esmc_300m	ESM-C 300M	3	False	True	head3_phylum	H3 known macro-F1	5	0.9759093056211621	0.9617754233275507	0.01684498058010544	sample SD of five shared-fold scores divided by sqrt(5)
prostt5	ProstT5	4	False	True	weighted_S	Weighted S	1	0.9938717420002016	0.9931844807127662	0.00160139208257848	sample SD of five shared-fold scores divided by sqrt(5)
prostt5	ProstT5	4	False	True	weighted_S	Weighted S	2	0.994971918239885	0.9931844807127662	0.00160139208257848	sample SD of five shared-fold scores divided by sqrt(5)
prostt5	ProstT5	4	False	True	weighted_S	Weighted S	3	0.9927149101505585	0.9931844807127662	0.00160139208257848	sample SD of five shared-fold scores divided by sqrt(5)
prostt5	ProstT5	4	False	True	weighted_S	Weighted S	4	0.9874179316535107	0.9931844807127662	0.00160139208257848	sample SD of five shared-fold scores divided by sqrt(5)
prostt5	ProstT5	4	False	True	weighted_S	Weighted S	5	0.9969459015196752	0.9931844807127662	0.00160139208257848	sample SD of five shared-fold scores divided by sqrt(5)
prostt5	ProstT5	4	False	True	head1	H1 AP	1	0.9983894755333994	0.9958397221160787	0.0032095904752220896	sample SD of five shared-fold scores divided by sqrt(5)
prostt5	ProstT5	4	False	True	head1	H1 AP	2	0.9988391816320712	0.9958397221160787	0.0032095904752220896	sample SD of five shared-fold scores divided by sqrt(5)
prostt5	ProstT5	4	False	True	head1	H1 AP	3	0.9999999999999999	0.9958397221160787	0.0032095904752220896	sample SD of five shared-fold scores divided by sqrt(5)
prostt5	ProstT5	4	False	True	head1	H1 AP	4	0.9830450018189908	0.9958397221160787	0.0032095904752220896	sample SD of five shared-fold scores divided by sqrt(5)
prostt5	ProstT5	4	False	True	head1	H1 AP	5	0.9989249515959316	0.9958397221160787	0.0032095904752220896	sample SD of five shared-fold scores divided by sqrt(5)
prostt5	ProstT5	4	False	True	head2	H2 AP	1	1.0	1.0	0.0	sample SD of five shared-fold scores divided by sqrt(5)
prostt5	ProstT5	4	False	True	head2	H2 AP	2	1.0	1.0	0.0	sample SD of five shared-fold scores divided by sqrt(5)
prostt5	ProstT5	4	False	True	head2	H2 AP	3	1.0	1.0	0.0	sample SD of five shared-fold scores divided by sqrt(5)
prostt5	ProstT5	4	False	True	head2	H2 AP	4	1.0	1.0	0.0	sample SD of five shared-fold scores divided by sqrt(5)
prostt5	ProstT5	4	False	True	head2	H2 AP	5	1.0	1.0	0.0	sample SD of five shared-fold scores divided by sqrt(5)
prostt5	ProstT5	4	False	True	head3_phylum	H3 known macro-F1	1	0.9483805668016194	0.9568064744311903	0.00916626146388652	sample SD of five shared-fold scores divided by sqrt(5)
prostt5	ProstT5	4	False	True	head3_phylum	H3 known macro-F1	2	0.9566840926064227	0.9568064744311903	0.00916626146388652	sample SD of five shared-fold scores divided by sqrt(5)
prostt5	ProstT5	4	False	True	head3_phylum	H3 known macro-F1	3	0.9271491015055853	0.9568064744311903	0.00916626146388652	sample SD of five shared-fold scores divided by sqrt(5)
prostt5	ProstT5	4	False	True	head3_phylum	H3 known macro-F1	4	0.9759093056211621	0.9568064744311903	0.00916626146388652	sample SD of five shared-fold scores divided by sqrt(5)
prostt5	ProstT5	4	False	True	head3_phylum	H3 known macro-F1	5	0.9759093056211621	0.9568064744311903	0.00916626146388652	sample SD of five shared-fold scores divided by sqrt(5)
prott5_xl	ProtT5-XL-U50	5	False	True	weighted_S	Weighted S	1	0.9891373437161685	0.992471766284924	0.0016689082576689294	sample SD of five shared-fold scores divided by sqrt(5)
prott5_xl	ProtT5-XL-U50	5	False	True	weighted_S	Weighted S	2	0.9937358953468088	0.992471766284924	0.0016689082576689294	sample SD of five shared-fold scores divided by sqrt(5)
prott5_xl	ProtT5-XL-U50	5	False	True	weighted_S	Weighted S	3	0.9949947050284381	0.992471766284924	0.0016689082576689294	sample SD of five shared-fold scores divided by sqrt(5)
prott5_xl	ProtT5-XL-U50	5	False	True	weighted_S	Weighted S	4	0.9879722109594162	0.992471766284924	0.0016689082576689294	sample SD of five shared-fold scores divided by sqrt(5)
prott5_xl	ProtT5-XL-U50	5	False	True	weighted_S	Weighted S	5	0.9965186763737884	0.992471766284924	0.0016689082576689294	sample SD of five shared-fold scores divided by sqrt(5)
prott5_xl	ProtT5-XL-U50	5	False	True	head1	H1 AP	1	0.9983048392695473	0.9968622628506661	0.001447474617476725	sample SD of five shared-fold scores divided by sqrt(5)
prott5_xl	ProtT5-XL-U50	5	False	True	head1	H1 AP	2	0.9963291999944479	0.9968622628506661	0.001447474617476725	sample SD of five shared-fold scores divided by sqrt(5)
prott5_xl	ProtT5-XL-U50	5	False	True	head1	H1 AP	3	0.9999250374812593	0.9968622628506661	0.001447474617476725	sample SD of five shared-fold scores divided by sqrt(5)
prott5_xl	ProtT5-XL-U50	5	False	True	head1	H1 AP	4	0.9915393278219561	0.9968622628506661	0.001447474617476725	sample SD of five shared-fold scores divided by sqrt(5)
prott5_xl	ProtT5-XL-U50	5	False	True	head1	H1 AP	5	0.9982129096861205	0.9968622628506661	0.001447474617476725	sample SD of five shared-fold scores divided by sqrt(5)
prott5_xl	ProtT5-XL-U50	5	False	True	head2	H2 AP	1	1.0	1.0	0.0	sample SD of five shared-fold scores divided by sqrt(5)
prott5_xl	ProtT5-XL-U50	5	False	True	head2	H2 AP	2	1.0	1.0	0.0	sample SD of five shared-fold scores divided by sqrt(5)
prott5_xl	ProtT5-XL-U50	5	False	True	head2	H2 AP	3	1.0	1.0	0.0	sample SD of five shared-fold scores divided by sqrt(5)
prott5_xl	ProtT5-XL-U50	5	False	True	head2	H2 AP	4	1.0	1.0	0.0	sample SD of five shared-fold scores divided by sqrt(5)
prott5_xl	ProtT5-XL-U50	5	False	True	head2	H2 AP	5	1.0	1.0	0.0	sample SD of five shared-fold scores divided by sqrt(5)
prott5_xl	ProtT5-XL-U50	5	False	True	head3_phylum	H3 known macro-F1	1	0.9015444015444015	0.9435440857452431	0.0128059476874984	sample SD of five shared-fold scores divided by sqrt(5)
prott5_xl	ProtT5-XL-U50	5	False	True	head3_phylum	H3 known macro-F1	2	0.9593837535014006	0.9435440857452431	0.0128059476874984	sample SD of five shared-fold scores divided by sqrt(5)
prott5_xl	ProtT5-XL-U50	5	False	True	head3_phylum	H3 known macro-F1	3	0.9503968253968254	0.9435440857452431	0.0128059476874984	sample SD of five shared-fold scores divided by sqrt(5)
prott5_xl	ProtT5-XL-U50	5	False	True	head3_phylum	H3 known macro-F1	4	0.9304861426624261	0.9435440857452431	0.0128059476874984	sample SD of five shared-fold scores divided by sqrt(5)
prott5_xl	ProtT5-XL-U50	5	False	True	head3_phylum	H3 known macro-F1	5	0.9759093056211621	0.9435440857452431	0.0128059476874984	sample SD of five shared-fold scores divided by sqrt(5)
esm3_open_1_4b	ESM3-open 1.4B	6	False	True	weighted_S	Weighted S	1	0.9939406084786376	0.9924158492446997	0.0008513966607516571	sample SD of five shared-fold scores divided by sqrt(5)
esm3_open_1_4b	ESM3-open 1.4B	6	False	True	weighted_S	Weighted S	2	0.994635189025792	0.9924158492446997	0.0008513966607516571	sample SD of five shared-fold scores divided by sqrt(5)
esm3_open_1_4b	ESM3-open 1.4B	6	False	True	weighted_S	Weighted S	3	0.9923004637477537	0.9924158492446997	0.0008513966607516571	sample SD of five shared-fold scores divided by sqrt(5)
esm3_open_1_4b	ESM3-open 1.4B	6	False	True	weighted_S	Weighted S	4	0.9911716113251529	0.9924158492446997	0.0008513966607516571	sample SD of five shared-fold scores divided by sqrt(5)
esm3_open_1_4b	ESM3-open 1.4B	6	False	True	weighted_S	Weighted S	5	0.9900313736461623	0.9924158492446997	0.0008513966607516571	sample SD of five shared-fold scores divided by sqrt(5)
esm3_open_1_4b	ESM3-open 1.4B	6	False	True	head1	H1 AP	1	0.9985042529974595	0.9953481519764686	0.002117802705682842	sample SD of five shared-fold scores divided by sqrt(5)
esm3_open_1_4b	ESM3-open 1.4B	6	False	True	head1	H1 AP	2	0.9978280227927534	0.9953481519764686	0.002117802705682842	sample SD of five shared-fold scores divided by sqrt(5)
esm3_open_1_4b	ESM3-open 1.4B	6	False	True	head1	H1 AP	3	0.9998513563730954	0.9953481519764686	0.002117802705682842	sample SD of five shared-fold scores divided by sqrt(5)
esm3_open_1_4b	ESM3-open 1.4B	6	False	True	head1	H1 AP	4	0.9893011346050613	0.9953481519764686	0.002117802705682842	sample SD of five shared-fold scores divided by sqrt(5)
esm3_open_1_4b	ESM3-open 1.4B	6	False	True	head1	H1 AP	5	0.9912559931139744	0.9953481519764686	0.002117802705682842	sample SD of five shared-fold scores divided by sqrt(5)
esm3_open_1_4b	ESM3-open 1.4B	6	False	True	head2	H2 AP	1	1.0	1.0	0.0	sample SD of five shared-fold scores divided by sqrt(5)
esm3_open_1_4b	ESM3-open 1.4B	6	False	True	head2	H2 AP	2	1.0	1.0	0.0	sample SD of five shared-fold scores divided by sqrt(5)
esm3_open_1_4b	ESM3-open 1.4B	6	False	True	head2	H2 AP	3	1.0	1.0	0.0	sample SD of five shared-fold scores divided by sqrt(5)
esm3_open_1_4b	ESM3-open 1.4B	6	False	True	head2	H2 AP	4	1.0	1.0	0.0	sample SD of five shared-fold scores divided by sqrt(5)
esm3_open_1_4b	ESM3-open 1.4B	6	False	True	head2	H2 AP	5	1.0	1.0	0.0	sample SD of five shared-fold scores divided by sqrt(5)
esm3_open_1_4b	ESM3-open 1.4B	6	False	True	head3_phylum	H3 known macro-F1	1	0.9483805668016194	0.9520695805881848	0.008454769345579342	sample SD of five shared-fold scores divided by sqrt(5)
esm3_open_1_4b	ESM3-open 1.4B	6	False	True	head3_phylum	H3 known macro-F1	2	0.9593837535014006	0.9520695805881848	0.008454769345579342	sample SD of five shared-fold scores divided by sqrt(5)
esm3_open_1_4b	ESM3-open 1.4B	6	False	True	head3_phylum	H3 known macro-F1	3	0.9238964992389649	0.9520695805881848	0.008454769345579342	sample SD of five shared-fold scores divided by sqrt(5)
esm3_open_1_4b	ESM3-open 1.4B	6	False	True	head3_phylum	H3 known macro-F1	4	0.9759093056211621	0.9520695805881848	0.008454769345579342	sample SD of five shared-fold scores divided by sqrt(5)
esm3_open_1_4b	ESM3-open 1.4B	6	False	True	head3_phylum	H3 known macro-F1	5	0.9527777777777777	0.9520695805881848	0.008454769345579342	sample SD of five shared-fold scores divided by sqrt(5)
esmc_600m	ESM-C 600M	7	False	True	weighted_S	Weighted S	1	0.9889869591805558	0.9921932098747291	0.0029485648935782807	sample SD of five shared-fold scores divided by sqrt(5)
esmc_600m	ESM-C 600M	7	False	True	weighted_S	Weighted S	2	0.993766215311877	0.9921932098747291	0.0029485648935782807	sample SD of five shared-fold scores divided by sqrt(5)
esmc_600m	ESM-C 600M	7	False	True	weighted_S	Weighted S	3	0.9826094483212516	0.9921932098747291	0.0029485648935782807	sample SD of five shared-fold scores divided by sqrt(5)
esmc_600m	ESM-C 600M	7	False	True	weighted_S	Weighted S	4	0.9960174483604253	0.9921932098747291	0.0029485648935782807	sample SD of five shared-fold scores divided by sqrt(5)
esmc_600m	ESM-C 600M	7	False	True	weighted_S	Weighted S	5	0.9995859781995361	0.9921932098747291	0.0029485648935782807	sample SD of five shared-fold scores divided by sqrt(5)
esmc_600m	ESM-C 600M	7	False	True	head1	H1 AP	1	0.993690279157012	0.9931799907288663	0.0027254140808077687	sample SD of five shared-fold scores divided by sqrt(5)
esmc_600m	ESM-C 600M	7	False	True	head1	H1 AP	2	0.9963797332695615	0.9931799907288663	0.0027254140808077687	sample SD of five shared-fold scores divided by sqrt(5)
esmc_600m	ESM-C 600M	7	False	True	head1	H1 AP	3	0.983157563617822	0.9931799907288663	0.0027254140808077687	sample SD of five shared-fold scores divided by sqrt(5)
esmc_600m	ESM-C 600M	7	False	True	head1	H1 AP	4	0.9933624139340423	0.9931799907288663	0.0027254140808077687	sample SD of five shared-fold scores divided by sqrt(5)
esmc_600m	ESM-C 600M	7	False	True	head1	H1 AP	5	0.9993099636658938	0.9931799907288663	0.0027254140808077687	sample SD of five shared-fold scores divided by sqrt(5)
esmc_600m	ESM-C 600M	7	False	True	head2	H2 AP	1	1.0	1.0	0.0	sample SD of five shared-fold scores divided by sqrt(5)
esmc_600m	ESM-C 600M	7	False	True	head2	H2 AP	2	1.0	1.0	0.0	sample SD of five shared-fold scores divided by sqrt(5)
esmc_600m	ESM-C 600M	7	False	True	head2	H2 AP	3	1.0	1.0	0.0	sample SD of five shared-fold scores divided by sqrt(5)
esmc_600m	ESM-C 600M	7	False	True	head2	H2 AP	4	1.0	1.0	0.0	sample SD of five shared-fold scores divided by sqrt(5)
esmc_600m	ESM-C 600M	7	False	True	head2	H2 AP	5	1.0	1.0	0.0	sample SD of five shared-fold scores divided by sqrt(5)
esmc_600m	ESM-C 600M	7	False	True	head3_phylum	H3 known macro-F1	1	0.927727916863486	0.9628521543740944	0.016248653357646473	sample SD of five shared-fold scores divided by sqrt(5)
esmc_600m	ESM-C 600M	7	False	True	head3_phylum	H3 known macro-F1	2	0.9593837535014006	0.9628521543740944	0.016248653357646473	sample SD of five shared-fold scores divided by sqrt(5)
esmc_600m	ESM-C 600M	7	False	True	head3_phylum	H3 known macro-F1	3	0.9271491015055853	0.9628521543740944	0.016248653357646473	sample SD of five shared-fold scores divided by sqrt(5)
esmc_600m	ESM-C 600M	7	False	True	head3_phylum	H3 known macro-F1	4	1.0	0.9628521543740944	0.016248653357646473	sample SD of five shared-fold scores divided by sqrt(5)
esmc_600m	ESM-C 600M	7	False	True	head3_phylum	H3 known macro-F1	5	1.0	0.9628521543740944	0.016248653357646473	sample SD of five shared-fold scores divided by sqrt(5)
esm2_650m	ESM-2 650M	8	False	True	weighted_S	Weighted S	1	0.9869674332033771	0.9903763009547875	0.002412099974990469	sample SD of five shared-fold scores divided by sqrt(5)
esm2_650m	ESM-2 650M	8	False	True	weighted_S	Weighted S	2	0.9842732490322631	0.9903763009547875	0.002412099974990469	sample SD of five shared-fold scores divided by sqrt(5)
esm2_650m	ESM-2 650M	8	False	True	weighted_S	Weighted S	3	0.9888570735576243	0.9903763009547875	0.002412099974990469	sample SD of five shared-fold scores divided by sqrt(5)
esm2_650m	ESM-2 650M	8	False	True	weighted_S	Weighted S	4	0.9944178071691191	0.9903763009547875	0.002412099974990469	sample SD of five shared-fold scores divided by sqrt(5)
esm2_650m	ESM-2 650M	8	False	True	weighted_S	Weighted S	5	0.9973659418115536	0.9903763009547875	0.002412099974990469	sample SD of five shared-fold scores divided by sqrt(5)
esm2_650m	ESM-2 650M	8	False	True	head1	H1 AP	1	0.9975884601549546	0.9979167329400008	0.0009081058444865409	sample SD of five shared-fold scores divided by sqrt(5)
esm2_650m	ESM-2 650M	8	False	True	head1	H1 AP	2	0.9979554150537717	0.9979167329400008	0.0009081058444865409	sample SD of five shared-fold scores divided by sqrt(5)
esm2_650m	ESM-2 650M	8	False	True	head1	H1 AP	3	0.9997033097305437	0.9979167329400008	0.0009081058444865409	sample SD of five shared-fold scores divided by sqrt(5)
esm2_650m	ESM-2 650M	8	False	True	head1	H1 AP	4	0.9947114610116714	0.9979167329400008	0.0009081058444865409	sample SD of five shared-fold scores divided by sqrt(5)
esm2_650m	ESM-2 650M	8	False	True	head1	H1 AP	5	0.9996250187490625	0.9979167329400008	0.0009081058444865409	sample SD of five shared-fold scores divided by sqrt(5)
esm2_650m	ESM-2 650M	8	False	True	head2	H2 AP	1	1.0	1.0	0.0	sample SD of five shared-fold scores divided by sqrt(5)
esm2_650m	ESM-2 650M	8	False	True	head2	H2 AP	2	1.0	1.0	0.0	sample SD of five shared-fold scores divided by sqrt(5)
esm2_650m	ESM-2 650M	8	False	True	head2	H2 AP	3	1.0	1.0	0.0	sample SD of five shared-fold scores divided by sqrt(5)
esm2_650m	ESM-2 650M	8	False	True	head2	H2 AP	4	1.0	1.0	0.0	sample SD of five shared-fold scores divided by sqrt(5)
esm2_650m	ESM-2 650M	8	False	True	head2	H2 AP	5	1.0	1.0	0.0	sample SD of five shared-fold scores divided by sqrt(5)
esm2_650m	ESM-2 650M	8	False	True	head3_phylum	H3 known macro-F1	1	0.8841435711040436	0.9162626119078701	0.025071512257661504	sample SD of five shared-fold scores divided by sqrt(5)
esm2_650m	ESM-2 650M	8	False	True	head3_phylum	H3 known macro-F1	2	0.855	0.9162626119078701	0.025071512257661504	sample SD of five shared-fold scores divided by sqrt(5)
esm2_650m	ESM-2 650M	8	False	True	head3_phylum	H3 known macro-F1	3	0.8903508771929824	0.9162626119078701	0.025071512257661504	sample SD of five shared-fold scores divided by sqrt(5)
esm2_650m	ESM-2 650M	8	False	True	head3_phylum	H3 known macro-F1	4	0.9759093056211621	0.9162626119078701	0.025071512257661504	sample SD of five shared-fold scores divided by sqrt(5)
esm2_650m	ESM-2 650M	8	False	True	head3_phylum	H3 known macro-F1	5	0.9759093056211621	0.9162626119078701	0.025071512257661504	sample SD of five shared-fold scores divided by sqrt(5)
mimic_1b	MIMIC 1.0	9	False	False	weighted_S	Weighted S	1	0.9847845090585206	0.9893334879902878	0.0016267042305994172	sample SD of five shared-fold scores divided by sqrt(5)
mimic_1b	MIMIC 1.0	9	False	False	weighted_S	Weighted S	2	0.9947027958751633	0.9893334879902878	0.0016267042305994172	sample SD of five shared-fold scores divided by sqrt(5)
mimic_1b	MIMIC 1.0	9	False	False	weighted_S	Weighted S	3	0.9876060530421084	0.9893334879902878	0.0016267042305994172	sample SD of five shared-fold scores divided by sqrt(5)
mimic_1b	MIMIC 1.0	9	False	False	weighted_S	Weighted S	4	0.9897360289823062	0.9893334879902878	0.0016267042305994172	sample SD of five shared-fold scores divided by sqrt(5)
mimic_1b	MIMIC 1.0	9	False	False	weighted_S	Weighted S	5	0.9898380529933404	0.9893334879902878	0.0016267042305994172	sample SD of five shared-fold scores divided by sqrt(5)
mimic_1b	MIMIC 1.0	9	False	False	head1	H1 AP	1	0.9918473261636613	0.9938286837603206	0.0009520061225108425	sample SD of five shared-fold scores divided by sqrt(5)
mimic_1b	MIMIC 1.0	9	False	False	head1	H1 AP	2	0.9946642502767329	0.9938286837603206	0.0009520061225108425	sample SD of five shared-fold scores divided by sqrt(5)
mimic_1b	MIMIC 1.0	9	False	False	head1	H1 AP	3	0.9958778132712389	0.9938286837603206	0.0009520061225108425	sample SD of five shared-fold scores divided by sqrt(5)
mimic_1b	MIMIC 1.0	9	False	False	head1	H1 AP	4	0.9954859742297697	0.9938286837603206	0.0009520061225108425	sample SD of five shared-fold scores divided by sqrt(5)
mimic_1b	MIMIC 1.0	9	False	False	head1	H1 AP	5	0.9912680548602004	0.9938286837603206	0.0009520061225108425	sample SD of five shared-fold scores divided by sqrt(5)
mimic_1b	MIMIC 1.0	9	False	False	head2	H2 AP	1	1.0	1.0	0.0	sample SD of five shared-fold scores divided by sqrt(5)
mimic_1b	MIMIC 1.0	9	False	False	head2	H2 AP	2	1.0	1.0	0.0	sample SD of five shared-fold scores divided by sqrt(5)
mimic_1b	MIMIC 1.0	9	False	False	head2	H2 AP	3	1.0	1.0	0.0	sample SD of five shared-fold scores divided by sqrt(5)
mimic_1b	MIMIC 1.0	9	False	False	head2	H2 AP	4	1.0	1.0	0.0	sample SD of five shared-fold scores divided by sqrt(5)
mimic_1b	MIMIC 1.0	9	False	False	head2	H2 AP	5	1.0	1.0	0.0	sample SD of five shared-fold scores divided by sqrt(5)
mimic_1b	MIMIC 1.0	9	False	False	head3_phylum	H3 known macro-F1	1	0.8967611336032388	0.9303627773409545	0.015531719409496754	sample SD of five shared-fold scores divided by sqrt(5)
mimic_1b	MIMIC 1.0	9	False	False	head3_phylum	H3 known macro-F1	2	0.9790424570912375	0.9303627773409545	0.015531719409496754	sample SD of five shared-fold scores divided by sqrt(5)
mimic_1b	MIMIC 1.0	9	False	False	head3_phylum	H3 known macro-F1	3	0.9007936507936507	0.9303627773409545	0.015531719409496754	sample SD of five shared-fold scores divided by sqrt(5)
mimic_1b	MIMIC 1.0	9	False	False	head3_phylum	H3 known macro-F1	4	0.9244444444444444	0.9303627773409545	0.015531719409496754	sample SD of five shared-fold scores divided by sqrt(5)
mimic_1b	MIMIC 1.0	9	False	False	head3_phylum	H3 known macro-F1	5	0.9507722007722008	0.9303627773409545	0.015531719409496754	sample SD of five shared-fold scores divided by sqrt(5)
protrek_650m	ProTrek 650M	10	False	False	weighted_S	Weighted S	1	0.9780460507866922	0.9874114203535107	0.0029510392461686913	sample SD of five shared-fold scores divided by sqrt(5)
protrek_650m	ProTrek 650M	10	False	False	weighted_S	Weighted S	2	0.9964276421355635	0.9874114203535107	0.0029510392461686913	sample SD of five shared-fold scores divided by sqrt(5)
protrek_650m	ProTrek 650M	10	False	False	weighted_S	Weighted S	3	0.9864474995708011	0.9874114203535107	0.0029510392461686913	sample SD of five shared-fold scores divided by sqrt(5)
protrek_650m	ProTrek 650M	10	False	False	weighted_S	Weighted S	4	0.9893677685653778	0.9874114203535107	0.0029510392461686913	sample SD of five shared-fold scores divided by sqrt(5)
protrek_650m	ProTrek 650M	10	False	False	weighted_S	Weighted S	5	0.9867681407091187	0.9874114203535107	0.0029510392461686913	sample SD of five shared-fold scores divided by sqrt(5)
protrek_650m	ProTrek 650M	10	False	False	head1	H1 AP	1	0.9915158947531311	0.9945590909284856	0.0017801917074310302	sample SD of five shared-fold scores divided by sqrt(5)
protrek_650m	ProTrek 650M	10	False	False	head1	H1 AP	2	0.994046070225939	0.9945590909284856	0.0017801917074310302	sample SD of five shared-fold scores divided by sqrt(5)
protrek_650m	ProTrek 650M	10	False	False	head1	H1 AP	3	0.9985523606071782	0.9945590909284856	0.0017801917074310302	sample SD of five shared-fold scores divided by sqrt(5)
protrek_650m	ProTrek 650M	10	False	False	head1	H1 AP	4	0.9986888806848961	0.9945590909284856	0.0017801917074310302	sample SD of five shared-fold scores divided by sqrt(5)
protrek_650m	ProTrek 650M	10	False	False	head1	H1 AP	5	0.9899922483712836	0.9945590909284856	0.0017801917074310302	sample SD of five shared-fold scores divided by sqrt(5)
protrek_650m	ProTrek 650M	10	False	False	head2	H2 AP	1	1.0	1.0	0.0	sample SD of five shared-fold scores divided by sqrt(5)
protrek_650m	ProTrek 650M	10	False	False	head2	H2 AP	2	1.0	1.0	0.0	sample SD of five shared-fold scores divided by sqrt(5)
protrek_650m	ProTrek 650M	10	False	False	head2	H2 AP	3	1.0	1.0	0.0	sample SD of five shared-fold scores divided by sqrt(5)
protrek_650m	ProTrek 650M	10	False	False	head2	H2 AP	4	1.0	1.0	0.0	sample SD of five shared-fold scores divided by sqrt(5)
protrek_650m	ProTrek 650M	10	False	False	head2	H2 AP	5	1.0	1.0	0.0	sample SD of five shared-fold scores divided by sqrt(5)
protrek_650m	ProTrek 650M	10	False	False	head3_phylum	H3 known macro-F1	1	0.831365139348134	0.9067596579641926	0.02826114178771065	sample SD of five shared-fold scores divided by sqrt(5)
protrek_650m	ProTrek 650M	10	False	False	head3_phylum	H3 known macro-F1	2	1.0	0.9067596579641926	0.02826114178771065	sample SD of five shared-fold scores divided by sqrt(5)
protrek_650m	ProTrek 650M	10	False	False	head3_phylum	H3 known macro-F1	3	0.8731608320649416	0.9067596579641926	0.02826114178771065	sample SD of five shared-fold scores divided by sqrt(5)
protrek_650m	ProTrek 650M	10	False	False	head3_phylum	H3 known macro-F1	4	0.9015444015444015	0.9067596579641926	0.02826114178771065	sample SD of five shared-fold scores divided by sqrt(5)
protrek_650m	ProTrek 650M	10	False	False	head3_phylum	H3 known macro-F1	5	0.927727916863486	0.9067596579641926	0.02826114178771065	sample SD of five shared-fold scores divided by sqrt(5)
amplify_350m	AMPLIFY 350M	11	False	False	weighted_S	Weighted S	1	0.9798780435156234	0.9853629766917876	0.0021353908790210027	sample SD of five shared-fold scores divided by sqrt(5)
amplify_350m	AMPLIFY 350M	11	False	False	weighted_S	Weighted S	2	0.9856164566905777	0.9853629766917876	0.0021353908790210027	sample SD of five shared-fold scores divided by sqrt(5)
amplify_350m	AMPLIFY 350M	11	False	False	weighted_S	Weighted S	3	0.982099173510714	0.9853629766917876	0.0021353908790210027	sample SD of five shared-fold scores divided by sqrt(5)
amplify_350m	AMPLIFY 350M	11	False	False	weighted_S	Weighted S	4	0.9922856785676307	0.9853629766917876	0.0021353908790210027	sample SD of five shared-fold scores divided by sqrt(5)
amplify_350m	AMPLIFY 350M	11	False	False	weighted_S	Weighted S	5	0.9869355311743921	0.9853629766917876	0.0021353908790210027	sample SD of five shared-fold scores divided by sqrt(5)
amplify_350m	AMPLIFY 350M	11	False	False	head1	H1 AP	1	0.9971481756350511	0.9954131831930892	0.0007914303799981328	sample SD of five shared-fold scores divided by sqrt(5)
amplify_350m	AMPLIFY 350M	11	False	False	head1	H1 AP	2	0.9964058733134752	0.9954131831930892	0.0007914303799981328	sample SD of five shared-fold scores divided by sqrt(5)
amplify_350m	AMPLIFY 350M	11	False	False	head1	H1 AP	3	0.9928716702051609	0.9954131831930892	0.0007914303799981328	sample SD of five shared-fold scores divided by sqrt(5)
amplify_350m	AMPLIFY 350M	11	False	False	head1	H1 AP	4	0.996333752847954	0.9954131831930892	0.0007914303799981328	sample SD of five shared-fold scores divided by sqrt(5)
amplify_350m	AMPLIFY 350M	11	False	False	head1	H1 AP	5	0.994306443963805	0.9954131831930892	0.0007914303799981328	sample SD of five shared-fold scores divided by sqrt(5)
amplify_350m	AMPLIFY 350M	11	False	False	head2	H2 AP	1	0.9993447461629279	0.9985500513358057	0.0005996249298074172	sample SD of five shared-fold scores divided by sqrt(5)
amplify_350m	AMPLIFY 350M	11	False	False	head2	H2 AP	2	0.9998593555069086	0.9985500513358057	0.0005996249298074172	sample SD of five shared-fold scores divided by sqrt(5)
amplify_350m	AMPLIFY 350M	11	False	False	head2	H2 AP	3	0.9968669606037444	0.9985500513358057	0.0005996249298074172	sample SD of five shared-fold scores divided by sqrt(5)
amplify_350m	AMPLIFY 350M	11	False	False	head2	H2 AP	4	0.9973588302702685	0.9985500513358057	0.0005996249298074172	sample SD of five shared-fold scores divided by sqrt(5)
amplify_350m	AMPLIFY 350M	11	False	False	head2	H2 AP	5	0.999320364135179	0.9985500513358057	0.0005996249298074172	sample SD of five shared-fold scores divided by sqrt(5)
amplify_350m	AMPLIFY 350M	11	False	False	head3_phylum	H3 known macro-F1	1	0.8178571428571428	0.8855005137519238	0.022034450129279348	sample SD of five shared-fold scores divided by sqrt(5)
amplify_350m	AMPLIFY 350M	11	False	False	head3_phylum	H3 known macro-F1	2	0.8781512605042017	0.8855005137519238	0.022034450129279348	sample SD of five shared-fold scores divided by sqrt(5)
amplify_350m	AMPLIFY 350M	11	False	False	head3_phylum	H3 known macro-F1	3	0.8731608320649416	0.8855005137519238	0.022034450129279348	sample SD of five shared-fold scores divided by sqrt(5)
amplify_350m	AMPLIFY 350M	11	False	False	head3_phylum	H3 known macro-F1	4	0.9527777777777777	0.8855005137519238	0.022034450129279348	sample SD of five shared-fold scores divided by sqrt(5)
amplify_350m	AMPLIFY 350M	11	False	False	head3_phylum	H3 known macro-F1	5	0.9055555555555556	0.8855005137519238	0.022034450129279348	sample SD of five shared-fold scores divided by sqrt(5)
protsent_150m	ProtSent 150M	12	False	False	weighted_S	Weighted S	1	0.9867632651237133	0.9846703604015705	0.0038240076872320767	sample SD of five shared-fold scores divided by sqrt(5)
protsent_150m	ProtSent 150M	12	False	False	weighted_S	Weighted S	2	0.9957494852163531	0.9846703604015705	0.0038240076872320767	sample SD of five shared-fold scores divided by sqrt(5)
protsent_150m	ProtSent 150M	12	False	False	weighted_S	Weighted S	3	0.9724530045223194	0.9846703604015705	0.0038240076872320767	sample SD of five shared-fold scores divided by sqrt(5)
protsent_150m	ProtSent 150M	12	False	False	weighted_S	Weighted S	4	0.9869871203343097	0.9846703604015705	0.0038240076872320767	sample SD of five shared-fold scores divided by sqrt(5)
protsent_150m	ProtSent 150M	12	False	False	weighted_S	Weighted S	5	0.9813989268111571	0.9846703604015705	0.0038240076872320767	sample SD of five shared-fold scores divided by sqrt(5)
protsent_150m	ProtSent 150M	12	False	False	head1	H1 AP	1	0.99530759060132	0.9879220148590262	0.0038211249912480016	sample SD of five shared-fold scores divided by sqrt(5)
protsent_150m	ProtSent 150M	12	False	False	head1	H1 AP	2	0.9964087325120491	0.9879220148590262	0.0038211249912480016	sample SD of five shared-fold scores divided by sqrt(5)
protsent_150m	ProtSent 150M	12	False	False	head1	H1 AP	3	0.9763105630927547	0.9879220148590262	0.0038211249912480016	sample SD of five shared-fold scores divided by sqrt(5)
protsent_150m	ProtSent 150M	12	False	False	head1	H1 AP	4	0.9825093980880472	0.9879220148590262	0.0038211249912480016	sample SD of five shared-fold scores divided by sqrt(5)
protsent_150m	ProtSent 150M	12	False	False	head1	H1 AP	5	0.9890737900009604	0.9879220148590262	0.0038211249912480016	sample SD of five shared-fold scores divided by sqrt(5)
protsent_150m	ProtSent 150M	12	False	False	head2	H2 AP	1	0.9996753246753247	0.9999350649350649	6.493506493505663e-05	sample SD of five shared-fold scores divided by sqrt(5)
protsent_150m	ProtSent 150M	12	False	False	head2	H2 AP	2	1.0	0.9999350649350649	6.493506493505663e-05	sample SD of five shared-fold scores divided by sqrt(5)
protsent_150m	ProtSent 150M	12	False	False	head2	H2 AP	3	1.0	0.9999350649350649	6.493506493505663e-05	sample SD of five shared-fold scores divided by sqrt(5)
protsent_150m	ProtSent 150M	12	False	False	head2	H2 AP	4	1.0	0.9999350649350649	6.493506493505663e-05	sample SD of five shared-fold scores divided by sqrt(5)
protsent_150m	ProtSent 150M	12	False	False	head2	H2 AP	5	1.0	0.9999350649350649	6.493506493505663e-05	sample SD of five shared-fold scores divided by sqrt(5)
protsent_150m	ProtSent 150M	12	False	False	head3_phylum	H3 known macro-F1	1	0.8967611336032388	0.9193663200563537	0.023989206588946547	sample SD of five shared-fold scores divided by sqrt(5)
protsent_150m	ProtSent 150M	12	False	False	head3_phylum	H3 known macro-F1	2	0.9790424570912375	0.9193663200563537	0.023989206588946547	sample SD of five shared-fold scores divided by sqrt(5)
protsent_150m	ProtSent 150M	12	False	False	head3_phylum	H3 known macro-F1	3	0.8666666666666667	0.9193663200563537	0.023989206588946547	sample SD of five shared-fold scores divided by sqrt(5)
protsent_150m	ProtSent 150M	12	False	False	head3_phylum	H3 known macro-F1	4	0.9748148148148148	0.9193663200563537	0.023989206588946547	sample SD of five shared-fold scores divided by sqrt(5)
protsent_150m	ProtSent 150M	12	False	False	head3_phylum	H3 known macro-F1	5	0.8795465281058101	0.9193663200563537	0.023989206588946547	sample SD of five shared-fold scores divided by sqrt(5)
esm2_150m	ESM-2 150M	13	False	False	weighted_S	Weighted S	1	0.9838753942899471	0.9828409321736162	0.002509187059098173	sample SD of five shared-fold scores divided by sqrt(5)
esm2_150m	ESM-2 150M	13	False	False	weighted_S	Weighted S	2	0.9915571247739484	0.9828409321736162	0.002509187059098173	sample SD of five shared-fold scores divided by sqrt(5)
esm2_150m	ESM-2 150M	13	False	False	weighted_S	Weighted S	3	0.9786362730406968	0.9828409321736162	0.002509187059098173	sample SD of five shared-fold scores divided by sqrt(5)
esm2_150m	ESM-2 150M	13	False	False	weighted_S	Weighted S	4	0.9772554553415371	0.9828409321736162	0.002509187059098173	sample SD of five shared-fold scores divided by sqrt(5)
esm2_150m	ESM-2 150M	13	False	False	weighted_S	Weighted S	5	0.9828804134219518	0.9828409321736162	0.002509187059098173	sample SD of five shared-fold scores divided by sqrt(5)
esm2_150m	ESM-2 150M	13	False	False	head1	H1 AP	1	0.9967367682610231	0.9914927874896542	0.003796726468562045	sample SD of five shared-fold scores divided by sqrt(5)
esm2_150m	ESM-2 150M	13	False	False	head1	H1 AP	2	0.9986898174175266	0.9914927874896542	0.003796726468562045	sample SD of five shared-fold scores divided by sqrt(5)
esm2_150m	ESM-2 150M	13	False	False	head1	H1 AP	3	0.9939895942526751	0.9914927874896542	0.003796726468562045	sample SD of five shared-fold scores divided by sqrt(5)
esm2_150m	ESM-2 150M	13	False	False	head1	H1 AP	4	0.9772709969978	0.9914927874896542	0.003796726468562045	sample SD of five shared-fold scores divided by sqrt(5)
esm2_150m	ESM-2 150M	13	False	False	head1	H1 AP	5	0.9907767605192459	0.9914927874896542	0.003796726468562045	sample SD of five shared-fold scores divided by sqrt(5)
esm2_150m	ESM-2 150M	13	False	False	head2	H2 AP	1	1.0	1.0	0.0	sample SD of five shared-fold scores divided by sqrt(5)
esm2_150m	ESM-2 150M	13	False	False	head2	H2 AP	2	1.0	1.0	0.0	sample SD of five shared-fold scores divided by sqrt(5)
esm2_150m	ESM-2 150M	13	False	False	head2	H2 AP	3	1.0	1.0	0.0	sample SD of five shared-fold scores divided by sqrt(5)
esm2_150m	ESM-2 150M	13	False	False	head2	H2 AP	4	1.0	1.0	0.0	sample SD of five shared-fold scores divided by sqrt(5)
esm2_150m	ESM-2 150M	13	False	False	head2	H2 AP	5	1.0	1.0	0.0	sample SD of five shared-fold scores divided by sqrt(5)
esm2_150m	ESM-2 150M	13	False	False	head3_phylum	H3 known macro-F1	1	0.8583333333333334	0.8794525967982381	0.018059910985622558	sample SD of five shared-fold scores divided by sqrt(5)
esm2_150m	ESM-2 150M	13	False	False	head3_phylum	H3 known macro-F1	2	0.9234323432343234	0.8794525967982381	0.018059910985622558	sample SD of five shared-fold scores divided by sqrt(5)
esm2_150m	ESM-2 150M	13	False	False	head3_phylum	H3 known macro-F1	3	0.8224251648909182	0.8794525967982381	0.018059910985622558	sample SD of five shared-fold scores divided by sqrt(5)
esm2_150m	ESM-2 150M	13	False	False	head3_phylum	H3 known macro-F1	4	0.9089285714285714	0.8794525967982381	0.018059910985622558	sample SD of five shared-fold scores divided by sqrt(5)
esm2_150m	ESM-2 150M	13	False	False	head3_phylum	H3 known macro-F1	5	0.8841435711040436	0.8794525967982381	0.018059910985622558	sample SD of five shared-fold scores divided by sqrt(5)
ankh3_large	Ankh3 Large	14	False	False	weighted_S	Weighted S	1	0.9891845568457167	0.9818028041853848	0.0020960484931306176	sample SD of five shared-fold scores divided by sqrt(5)
ankh3_large	Ankh3 Large	14	False	False	weighted_S	Weighted S	2	0.9772828553020498	0.9818028041853848	0.0020960484931306176	sample SD of five shared-fold scores divided by sqrt(5)
ankh3_large	Ankh3 Large	14	False	False	weighted_S	Weighted S	3	0.9788687553266626	0.9818028041853848	0.0020960484931306176	sample SD of five shared-fold scores divided by sqrt(5)
ankh3_large	Ankh3 Large	14	False	False	weighted_S	Weighted S	4	0.9833114964331782	0.9818028041853848	0.0020960484931306176	sample SD of five shared-fold scores divided by sqrt(5)
ankh3_large	Ankh3 Large	14	False	False	weighted_S	Weighted S	5	0.9803663570193172	0.9818028041853848	0.0020960484931306176	sample SD of five shared-fold scores divided by sqrt(5)
ankh3_large	Ankh3 Large	14	False	False	head1	H1 AP	1	0.9978773398126063	0.9910948758456897	0.0019697282705224374	sample SD of five shared-fold scores divided by sqrt(5)
ankh3_large	Ankh3 Large	14	False	False	head1	H1 AP	2	0.9865885588969725	0.9910948758456897	0.0019697282705224374	sample SD of five shared-fold scores divided by sqrt(5)
ankh3_large	Ankh3 Large	14	False	False	head1	H1 AP	3	0.9921935395795253	0.9910948758456897	0.0019697282705224374	sample SD of five shared-fold scores divided by sqrt(5)
ankh3_large	Ankh3 Large	14	False	False	head1	H1 AP	4	0.9879265681293713	0.9910948758456897	0.0019697282705224374	sample SD of five shared-fold scores divided by sqrt(5)
ankh3_large	Ankh3 Large	14	False	False	head1	H1 AP	5	0.9908883728099731	0.9910948758456897	0.0019697282705224374	sample SD of five shared-fold scores divided by sqrt(5)
ankh3_large	Ankh3 Large	14	False	False	head2	H2 AP	1	0.9996753246753247	0.9999350649350649	6.493506493505663e-05	sample SD of five shared-fold scores divided by sqrt(5)
ankh3_large	Ankh3 Large	14	False	False	head2	H2 AP	2	1.0	0.9999350649350649	6.493506493505663e-05	sample SD of five shared-fold scores divided by sqrt(5)
ankh3_large	Ankh3 Large	14	False	False	head2	H2 AP	3	1.0	0.9999350649350649	6.493506493505663e-05	sample SD of five shared-fold scores divided by sqrt(5)
ankh3_large	Ankh3 Large	14	False	False	head2	H2 AP	4	1.0	0.9999350649350649	6.493506493505663e-05	sample SD of five shared-fold scores divided by sqrt(5)
ankh3_large	Ankh3 Large	14	False	False	head2	H2 AP	5	1.0	0.9999350649350649	6.493506493505663e-05	sample SD of five shared-fold scores divided by sqrt(5)
ankh3_large	Ankh3 Large	14	False	False	head3_phylum	H3 known macro-F1	1	0.9055555555555556	0.8716535919745162	0.014349656413493587	sample SD of five shared-fold scores divided by sqrt(5)
ankh3_large	Ankh3 Large	14	False	False	head3_phylum	H3 known macro-F1	2	0.853297199638663	0.8716535919745162	0.014349656413493587	sample SD of five shared-fold scores divided by sqrt(5)
ankh3_large	Ankh3 Large	14	False	False	head3_phylum	H3 known macro-F1	3	0.8355263157894737	0.8716535919745162	0.014349656413493587	sample SD of five shared-fold scores divided by sqrt(5)
ankh3_large	Ankh3 Large	14	False	False	head3_phylum	H3 known macro-F1	4	0.9055555555555556	0.8716535919745162	0.014349656413493587	sample SD of five shared-fold scores divided by sqrt(5)
ankh3_large	Ankh3 Large	14	False	False	head3_phylum	H3 known macro-F1	5	0.8583333333333334	0.8716535919745162	0.014349656413493587	sample SD of five shared-fold scores divided by sqrt(5)
