task	method	system_version	layer	track	mean_component_sensitivity_99.5	mean_normalized_pauc_fpr_0.005	low_fpr_pauc_fold_count	low_fpr_pauc_status	mean_evaluation_specificity	minimum_fold_evaluation_specificity	specificity_gate_99.5	inference_scope
h1_djr	esmc6b_cosine	v0	encoder_readout	controlled_primary	0.73395928428852442	0.65500175655158477	5	COMPLETE_FIVE_FOLD	0.99455154787411182	0.98756906077348061	FAIL_AT_LEAST_ONE_FOLD	TRAIN_ONLY_COMPONENT_CROSSFIT_DEVELOPMENT
h1_djr	esm2_3b_cosine	v0.1	encoder_readout	controlled_primary	0.92383972489863664	0.88854579055918015	5	COMPLETE_FIVE_FOLD	0.99524917041450023	0.9936887801974561	FAIL_AT_LEAST_ONE_FOLD	TRAIN_ONLY_COMPONENT_CROSSFIT_DEVELOPMENT
h1_djr	esm2_650m_cosine	context	encoder_readout	controlled_context	0.89537886373185582	0.83964056871078563	5	COMPLETE_FIVE_FOLD	0.99477748356420226	0.99179321380751773	FAIL_AT_LEAST_ONE_FOLD	TRAIN_ONLY_COMPONENT_CROSSFIT_DEVELOPMENT
h1_djr	blastp	classical	pairwise	controlled_primary	0.8692397155895154	0.76525291195949863	5	COMPLETE_FIVE_FOLD	0.9944481401924159	0.99311728754491069	FAIL_AT_LEAST_ONE_FOLD	TRAIN_ONLY_COMPONENT_CROSSFIT_DEVELOPMENT
h1_djr	diamond_ultra	classical	pairwise	controlled_primary	0.90251052139350008	0.79191596201820891	5	COMPLETE_FIVE_FOLD	0.99434077108405761	0.99042108406749296	FAIL_AT_LEAST_ONE_FOLD	TRAIN_ONLY_COMPONENT_CROSSFIT_DEVELOPMENT
h1_djr	mmseqs_s7.5	classical	pairwise	controlled_primary	0.88052665419686704	0.78078400910798285	5	COMPLETE_FIVE_FOLD	0.99390162682822303	0.99042108406749296	FAIL_AT_LEAST_ONE_FOLD	TRAIN_ONLY_COMPONENT_CROSSFIT_DEVELOPMENT
h1_djr	hmmer_component	classical	profile	controlled_primary	0.90159131648493351	0.80469905300170308	5	COMPLETE_FIVE_FOLD	0.99482092419888879	0.99318351500671942	FAIL_AT_LEAST_ONE_FOLD	TRAIN_ONLY_COMPONENT_CROSSFIT_DEVELOPMENT
h2_vma_conditional	esmc6b_cosine	v0	encoder_readout	controlled_primary	0.93056265515826442	NA	0	NOT_HEADLINE_RESOLUTION_LIMITED_FOLD	0.96942865953041724	0.93478260869565222	FAIL_AT_LEAST_ONE_FOLD	TRAIN_ONLY_COMPONENT_CROSSFIT_DEVELOPMENT
h2_vma_conditional	esm2_3b_cosine	v0.1	encoder_readout	controlled_primary	0.98228588816328433	NA	0	NOT_HEADLINE_RESOLUTION_LIMITED_FOLD	0.93980111008325617	0.7207446808510638	FAIL_AT_LEAST_ONE_FOLD	TRAIN_ONLY_COMPONENT_CROSSFIT_DEVELOPMENT
h2_vma_conditional	esm2_650m_cosine	context	encoder_readout	controlled_context	0.99765231842333191	NA	0	NOT_HEADLINE_RESOLUTION_LIMITED_FOLD	0.93604356636271535	0.72783687943262421	FAIL_AT_LEAST_ONE_FOLD	TRAIN_ONLY_COMPONENT_CROSSFIT_DEVELOPMENT
h2_vma_conditional	blastp	classical	pairwise	controlled_primary	0.94434855502484683	NA	0	NOT_HEADLINE_RESOLUTION_LIMITED_FOLD	0.97318137580663322	0.92724867724867721	FAIL_AT_LEAST_ONE_FOLD	TRAIN_ONLY_COMPONENT_CROSSFIT_DEVELOPMENT
h2_vma_conditional	diamond_ultra	classical	pairwise	controlled_primary	0.93166763159164367	NA	0	NOT_HEADLINE_RESOLUTION_LIMITED_FOLD	0.98775696963754611	0.97619047619047616	FAIL_AT_LEAST_ONE_FOLD	TRAIN_ONLY_COMPONENT_CROSSFIT_DEVELOPMENT
h2_vma_conditional	mmseqs_s7.5	classical	pairwise	controlled_primary	0.91187219568678535	NA	0	NOT_HEADLINE_RESOLUTION_LIMITED_FOLD	0.99484283832109921	0.97619047619047616	FAIL_AT_LEAST_ONE_FOLD	TRAIN_ONLY_COMPONENT_CROSSFIT_DEVELOPMENT
h2_vma_conditional	hmmer_component	classical	profile	controlled_primary	0.9568521734935107	NA	0	NOT_HEADLINE_RESOLUTION_LIMITED_FOLD	0.96495444360921367	0.87830687830687837	FAIL_AT_LEAST_ONE_FOLD	TRAIN_ONLY_COMPONENT_CROSSFIT_DEVELOPMENT
vma_end_to_end	esmc6b_cosine	v0	encoder_readout	controlled_primary	0.93012261115386397	NA	0	NOT_HEADLINE_RESOLUTION_LIMITED_FOLD	0.99005652957401546	0.97170546651569145	FAIL_AT_LEAST_ONE_FOLD	TRAIN_ONLY_COMPONENT_CROSSFIT_DEVELOPMENT
vma_end_to_end	esm2_3b_cosine	v0.1	encoder_readout	controlled_primary	0.98217587716218424	NA	0	NOT_HEADLINE_RESOLUTION_LIMITED_FOLD	0.99141305101474653	0.97276328212281782	FAIL_AT_LEAST_ONE_FOLD	TRAIN_ONLY_COMPONENT_CROSSFIT_DEVELOPMENT
vma_end_to_end	esm2_650m_cosine	context	encoder_readout	controlled_context	0.98588114130561988	NA	0	NOT_HEADLINE_RESOLUTION_LIMITED_FOLD	0.99626949740862736	0.99446794024066099	FAIL_AT_LEAST_ONE_FOLD	TRAIN_ONLY_COMPONENT_CROSSFIT_DEVELOPMENT
vma_end_to_end	blastp	classical	pairwise	controlled_primary	0.94009323587591065	NA	0	NOT_HEADLINE_RESOLUTION_LIMITED_FOLD	0.99490533632531919	0.98831771855353956	FAIL_AT_LEAST_ONE_FOLD	TRAIN_ONLY_COMPONENT_CROSSFIT_DEVELOPMENT
vma_end_to_end	diamond_ultra	classical	pairwise	controlled_primary	0.93166763159164367	NA	0	NOT_HEADLINE_RESOLUTION_LIMITED_FOLD	0.99300554720096412	0.98540194171133721	FAIL_AT_LEAST_ONE_FOLD	TRAIN_ONLY_COMPONENT_CROSSFIT_DEVELOPMENT
vma_end_to_end	mmseqs_s7.5	classical	pairwise	controlled_primary	0.90779056303372418	NA	0	NOT_HEADLINE_RESOLUTION_LIMITED_FOLD	0.99505704793625571	0.98772224477132875	FAIL_AT_LEAST_ONE_FOLD	TRAIN_ONLY_COMPONENT_CROSSFIT_DEVELOPMENT
vma_end_to_end	hmmer_component	classical	profile	controlled_primary	0.9568521734935107	NA	0	NOT_HEADLINE_RESOLUTION_LIMITED_FOLD	0.99311290107504013	0.98174566204728075	FAIL_AT_LEAST_ONE_FOLD	TRAIN_ONLY_COMPONENT_CROSSFIT_DEVELOPMENT
