tip_id	tier	rank	alternative	AA_side_n	AA_own_n	AA_support	AA_strong	AA_pure_singleton	AA_pat_alt	AA_pat_frac	AA_edge_alt	AA_edge_frac	AA_members	3DI_side_n	3DI_own_n	3DI_support	3DI_strong	3DI_pure_singleton	3DI_pat_alt	3DI_pat_frac	3DI_edge_alt	3DI_edge_frac	3DI_members
Gold__Archintovirales_C0002	C_special_topology_review	Class	Virophaviricetes	95	1	100/100	TRUE	FALSE	Virophaviricetes	1	Virophaviricetes	1	Gold__Archintovirales_C0002;Silver_R3__Divpevirales_C0001;Silver_R3__Priklausovirales_C0007;Gold__Lavidavirales_C0008;Silver_R3__Lavidavirales_C0010;Silver_R3__Lavidavirales_C0011;Silver_R3__Lavidavirales_C0006;Silver_R3__Lavidavirales_C0009;Silver_R3__Priklausovirales_C0113;Gold__Lavidavirales_C0003;Silver_R3__Priklausovirales_C0077;Silver_R3__Priklausovirales_C0153;Silver_R3__Priklausovirales_C0196;Silver_R3__Priklausovirales_C0178;Gold__Priklausovirales_C0151;Silver_R3__Imitervirales_C0475;Silver_R3__Priklausovirales_C0097;Silver_R3__Priklausovirales_C0102;Silver_R3__Priklausovirales_C0108;Silver_R3__Priklausovirales_C0038;Silver_R3__Priklausovirales_C0185;Gold__Priklausovirales_C0157;Silver_R3__Lavidavirales_C0002;Silver_R3__Priklausovirales_C0040;Silver_R3__Priklausovirales_C0065;Silver_R3__Priklausovirales_C0092;Silver_R3__Priklausovirales_C0129;Silver_R3__Priklausovirales_C0003;Silver_R3__Priklausovirales_C0076;Silver_R3__Priklausovirales_C0162;Silver_R3__Priklausovirales_C0103;Gold__Lavidavirales_C0001;Silver_R3__Priklausovirales_C0046;Silver_R3__Priklausovirales_C0100;Silver_R3__Priklausovirales_C0137;Silver_R3__Priklausovirales_C0105;Silver_R3__Priklausovirales_C0128;Silver_R3__Priklausovirales_C0094;Silver_R3__Priklausovirales_C0158;Silver_R3__Priklausovirales_C0034;Silver_R3__Priklausovirales_C0068;Silver_R3__Priklausovirales_C0028;Silver_R3__Priklausovirales_C0202;Silver_R3__Priklausovirales_C0095;Silver_R3__Priklausovirales_C0057;Gold__Mividavirales_C0001;Silver_R3__Mividavirales_C0006;Silver_R3__Priklausovirales_C0061;Silver_R3__Priklausovirales_C0142;Silver_R3__Priklausovirales_C0203;Silver_R3__Priklausovirales_C0066;Silver_R3__Priklausovirales_C0184;Silver_R3__Mividavirales_C0005;Silver_R3__Priklausovirales_C0115;Silver_R3__Priklausovirales_C0164;Silver_R3__Priklausovirales_C0144;Silver_R3__Priklausovirales_C0004;Silver_R3__Priklausovirales_C0171;Silver_R3__Priklausovirales_C0049;Silver_R3__Priklausovirales_C0206;Silver_R3__Priklausovirales_C0127;Silver_R3__Mividavirales_C0007;Silver_R3__Priklausovirales_C0069;Silver_R3__Priklausovirales_C0180;Silver_R3__Priklausovirales_C0074;Silver_R3__Mividavirales_C0002;Silver_R3__Mividavirales_C0004;Silver_R3__Priklausovirales_C0139;Silver_R3__Priklausovirales_C0143;Silver_R3__Priklausovirales_C0106;Silver_R3__Priklausovirales_C0168;Silver_R3__Priklausovirales_C0173;Silver_R3__Priklausovirales_C0035;Silver_R3__Priklausovirales_C0195;Silver_R3__Priklausovirales_C0048;Silver_R3__Priklausovirales_C0021;Silver_R3__Priklausovirales_C0101;Silver_R3__Priklausovirales_C0024;Silver_R3__Priklausovirales_C0107;Silver_R3__Priklausovirales_C0136;Silver_R3__Priklausovirales_C0053;Silver_R3__Priklausovirales_C0078;Silver_R3__Priklausovirales_C0198;Silver_R3__Priklausovirales_C0152;Silver_R3__Priklausovirales_C0030;Silver_R3__Priklausovirales_C0163;Silver_R3__Priklausovirales_C0190;Silver_R3__Priklausovirales_C0032;Silver_R3__Priklausovirales_C0117;Silver_R3__Priklausovirales_C0085;Silver_R3__Priklausovirales_C0114;Silver_R3__Priklausovirales_C0186;Silver_R3__Priklausovirales_C0070;Silver_R3__Priklausovirales_C0140;Silver_R3__Priklausovirales_C0006	95	1	100/100	TRUE	FALSE	Virophaviricetes	1	Virophaviricetes	0.666666666666667	Gold__Archintovirales_C0002;Gold__Lavidavirales_C0001;Silver_R3__Priklausovirales_C0046;Silver_R3__Priklausovirales_C0137;Silver_R3__Priklausovirales_C0100;Silver_R3__Priklausovirales_C0105;Silver_R3__Priklausovirales_C0128;Silver_R3__Priklausovirales_C0034;Silver_R3__Priklausovirales_C0035;Silver_R3__Priklausovirales_C0049;Gold__Mividavirales_C0001;Silver_R3__Priklausovirales_C0142;Silver_R3__Priklausovirales_C0006;Silver_R3__Mividavirales_C0002;Silver_R3__Mividavirales_C0004;Silver_R3__Priklausovirales_C0139;Silver_R3__Mividavirales_C0007;Silver_R3__Priklausovirales_C0069;Silver_R3__Priklausovirales_C0180;Silver_R3__Mividavirales_C0006;Silver_R3__Priklausovirales_C0061;Silver_R3__Priklausovirales_C0057;Silver_R3__Priklausovirales_C0095;Silver_R3__Priklausovirales_C0066;Silver_R3__Priklausovirales_C0184;Silver_R3__Priklausovirales_C0203;Silver_R3__Priklausovirales_C0206;Silver_R3__Priklausovirales_C0028;Silver_R3__Priklausovirales_C0202;Silver_R3__Priklausovirales_C0068;Silver_R3__Priklausovirales_C0173;Silver_R3__Priklausovirales_C0127;Silver_R3__Priklausovirales_C0094;Silver_R3__Priklausovirales_C0158;Silver_R3__Priklausovirales_C0106;Silver_R3__Mividavirales_C0005;Silver_R3__Priklausovirales_C0115;Silver_R3__Priklausovirales_C0004;Silver_R3__Priklausovirales_C0144;Silver_R3__Priklausovirales_C0164;Silver_R3__Priklausovirales_C0171;Silver_R3__Priklausovirales_C0168;Silver_R3__Priklausovirales_C0195;Silver_R3__Priklausovirales_C0021;Silver_R3__Priklausovirales_C0101;Silver_R3__Priklausovirales_C0143;Silver_R3__Priklausovirales_C0053;Silver_R3__Priklausovirales_C0024;Silver_R3__Priklausovirales_C0107;Silver_R3__Priklausovirales_C0136;Silver_R3__Priklausovirales_C0048;Silver_R3__Priklausovirales_C0152;Silver_R3__Priklausovirales_C0078;Silver_R3__Priklausovirales_C0085;Silver_R3__Priklausovirales_C0114;Silver_R3__Priklausovirales_C0030;Silver_R3__Priklausovirales_C0190;Silver_R3__Priklausovirales_C0163;Silver_R3__Priklausovirales_C0117;Silver_R3__Priklausovirales_C0198;Silver_R3__Priklausovirales_C0032;Silver_R3__Priklausovirales_C0070;Silver_R3__Priklausovirales_C0140;Silver_R3__Priklausovirales_C0074;Silver_R3__Priklausovirales_C0186;Silver_R3__Priklausovirales_C0103;Gold__Lavidavirales_C0008;Silver_R3__Lavidavirales_C0011;Silver_R3__Lavidavirales_C0010;Silver_R3__Lavidavirales_C0006;Silver_R3__Lavidavirales_C0009;Silver_R3__Priklausovirales_C0129;Gold__Lavidavirales_C0003;Silver_R3__Priklausovirales_C0077;Silver_R3__Priklausovirales_C0153;Silver_R3__Priklausovirales_C0196;Silver_R3__Priklausovirales_C0178;Gold__Priklausovirales_C0151;Silver_R3__Imitervirales_C0475;Silver_R3__Priklausovirales_C0038;Silver_R3__Priklausovirales_C0185;Silver_R3__Priklausovirales_C0097;Silver_R3__Priklausovirales_C0102;Silver_R3__Priklausovirales_C0108;Gold__Priklausovirales_C0157;Silver_R3__Lavidavirales_C0002;Silver_R3__Priklausovirales_C0003;Silver_R3__Priklausovirales_C0040;Silver_R3__Priklausovirales_C0092;Silver_R3__Priklausovirales_C0065;Silver_R3__Priklausovirales_C0076;Silver_R3__Priklausovirales_C0162;Silver_R3__Priklausovirales_C0113;Silver_R3__Divpevirales_C0001;Silver_R3__Priklausovirales_C0007
Gold__Belfryvirales_C0001	B_support_limited_audit	Phylum	Preplasmiviricota	6	1	32.8/57	FALSE	TRUE	Preplasmiviricota	0.8	Preplasmiviricota	0.777777777777778	Gold__Belfryvirales_C0001;Gold__Kalamavirales_phage_C0001;Silver_R3__Kalamavirales_phage_C0005;Silver_R3__Kalamavirales_phage_C0004;Gold__Kalamavirales_phage_C0002;Silver_R3__Kalamavirales_phage_C0003	6	1	99.9/100	TRUE	TRUE	Preplasmiviricota	1	Preplasmiviricota	1	Gold__Belfryvirales_C0001;Gold__Kalamavirales_phage_C0001;Gold__Kalamavirales_phage_C0002;Silver_R3__Kalamavirales_phage_C0003;Silver_R3__Kalamavirales_phage_C0004;Silver_R3__Kalamavirales_phage_C0005
Gold__Belfryvirales_C0001	B_support_limited_audit	Class	Tectiliviricetes	6	1	32.8/57	FALSE	TRUE	Tectiliviricetes	0.8	Tectiliviricetes	0.555555555555556	Gold__Belfryvirales_C0001;Gold__Kalamavirales_phage_C0001;Silver_R3__Kalamavirales_phage_C0005;Silver_R3__Kalamavirales_phage_C0004;Gold__Kalamavirales_phage_C0002;Silver_R3__Kalamavirales_phage_C0003	6	1	99.9/100	TRUE	TRUE	Tectiliviricetes	1	Tectiliviricetes	0.6	Gold__Belfryvirales_C0001;Gold__Kalamavirales_phage_C0001;Gold__Kalamavirales_phage_C0002;Silver_R3__Kalamavirales_phage_C0003;Silver_R3__Kalamavirales_phage_C0004;Silver_R3__Kalamavirales_phage_C0005
Gold__Chitovirales_C0003	A_priority_audit	Class	Megaviricetes	3	1	94.8/97	TRUE	TRUE	Megaviricetes	1	Megaviricetes	1	Gold__Chitovirales_C0003;Silver_R3__Pimascovirales_C0048;Silver_R3__Pimascovirales_C0008	7	1	100/99	TRUE	TRUE	Megaviricetes	1	Megaviricetes	1	Gold__Chitovirales_C0003;Silver_R3__Algavirales_C0833;Silver_R3__Imitervirales_C0009;Gold__Imitervirales_C0109;Silver_R3__Algavirales_C0361;Gold__Imitervirales_C0537;Silver_R3__Imitervirales_C0264
Gold__Lautamovirales_C0001	C_special_topology_review	Phylum	Nucleocytoviricota	11	1	97.5/96	TRUE	TRUE	Nucleocytoviricota	1	Nucleocytoviricota	1	Gold__Lautamovirales_C0001;Silver_R3__Algavirales_C0821;Gold__Mamonoviridae_C0001;Silver_R3__Algavirales_C1104;Silver_R3__Algavirales_C1201;Silver_R3__Algavirales_C0555;Silver_R3__Algavirales_C0209;Silver_R3__Algavirales_C1018;Silver_R3__Algavirales_C0575;Silver_R3__Algavirales_C1264;Silver_R3__Imitervirales_C0599						Produgelaviricota	0.6	Produgelaviricota	0.625	
Gold__Lautamovirales_C0001	C_special_topology_review	Class	Belvinaviricetes						Megaviricetes	1	Megaviricetes	1		25	1	99.9/100	TRUE	TRUE	Belvinaviricetes	0.6	Belvinaviricetes	0.625	Gold__Atroposvirales_C0001;Silver_R3__Coyopavirales_C0001;Gold__Lautamovirales_C0001;Gold__Vinavirales_C0001;Gold__Vinavirales_C0008;Silver_R3__Vinavirales_C0004;Silver_R3__Vinavirales_C0005;Silver_R3__Vinavirales_C0006;Silver_R3__Vinavirales_C0002;Silver_R3__Vinavirales_C0016;Silver_R3__Vinavirales_C0018;Silver_R3__Vinavirales_C0019;Silver_R3__Vinavirales_C0003;Silver_R3__Vinavirales_C0007;Silver_R3__Vinavirales_C0015;Silver_R3__Vinavirales_C0020;Silver_R3__Vinavirales_C0022;Silver_R3__Vinavirales_C0010;Silver_R3__Vinavirales_C0013;Silver_R3__Vinavirales_C0014;Silver_R3__Vinavirales_C0017;Gold__Vinavirales_C0009;Silver_R3__Vinavirales_C0011;Silver_R3__Vinavirales_C0021;Silver_R3__Vinavirales_C0012
Gold__Lautamovirales_C0001	C_special_topology_review	Class	Megaviricetes	11	1	97.5/96	TRUE	TRUE	Megaviricetes	1	Megaviricetes	1	Gold__Lautamovirales_C0001;Silver_R3__Algavirales_C0821;Gold__Mamonoviridae_C0001;Silver_R3__Algavirales_C1104;Silver_R3__Algavirales_C1201;Silver_R3__Algavirales_C0555;Silver_R3__Algavirales_C0209;Silver_R3__Algavirales_C1018;Silver_R3__Algavirales_C0575;Silver_R3__Algavirales_C1264;Silver_R3__Imitervirales_C0599						Belvinaviricetes	0.6	Belvinaviricetes	0.625	
Silver_R3__Algavirales_C0116	D_weak_or_context_sensitive	Class	Mriyaviricetes	3	1	27.7/53	FALSE	TRUE	Mriyaviricetes	0.8	Mriyaviricetes	0.8	Silver_R3__Algavirales_C0116;Silver_R3__Yaraviridae_C0002;Silver_R3__Yaraviridae_C0010	3	1	50.2/64	FALSE	TRUE	Mriyaviricetes	1	Mriyaviricetes	0.833333333333333	Silver_R3__Algavirales_C0116;Silver_R3__Yaraviridae_C0002;Silver_R3__Yaraviridae_C0010
Silver_R3__Algavirales_C0459	B_support_limited_audit	Class	Mriyaviricetes	5	1	98.1/95	TRUE	TRUE	Mriyaviricetes	1	Mriyaviricetes	1	Gold__Yaraviridae_C0006;Silver_R3__Yaraviridae_C0020;Silver_R3__Algavirales_C0459;Silver_R3__Yaraviridae_C0013;Silver_R3__Yaraviridae_C0017	3	1	95/90	FALSE	TRUE	Mriyaviricetes	1	Mriyaviricetes	1	Silver_R3__Algavirales_C0459;Silver_R3__Yaraviridae_C0017;Silver_R3__Yaraviridae_C0013
Silver_R3__Algavirales_C0579	D_weak_or_context_sensitive	Phylum	Produgelaviricota						Nucleocytoviricota	1	Nucleocytoviricota	1		26	1	92.3/94	FALSE	TRUE	Nucleocytoviricota	1	Produgelaviricota	0.666666666666667	Gold__Atroposvirales_C0001;Silver_R3__Coyopavirales_C0001;Gold__Lautamovirales_C0001;Gold__Vinavirales_C0001;Gold__Vinavirales_C0008;Silver_R3__Vinavirales_C0004;Silver_R3__Vinavirales_C0005;Silver_R3__Vinavirales_C0006;Silver_R3__Vinavirales_C0002;Silver_R3__Vinavirales_C0016;Silver_R3__Vinavirales_C0018;Silver_R3__Vinavirales_C0019;Silver_R3__Vinavirales_C0003;Silver_R3__Vinavirales_C0007;Silver_R3__Vinavirales_C0015;Silver_R3__Vinavirales_C0020;Silver_R3__Vinavirales_C0022;Silver_R3__Vinavirales_C0010;Silver_R3__Vinavirales_C0013;Silver_R3__Vinavirales_C0014;Silver_R3__Vinavirales_C0017;Gold__Vinavirales_C0009;Silver_R3__Vinavirales_C0011;Silver_R3__Vinavirales_C0021;Silver_R3__Vinavirales_C0012;Silver_R3__Algavirales_C0579
Silver_R3__Algavirales_C0579	D_weak_or_context_sensitive	Class	Belvinaviricetes						Megaviricetes	1	Megaviricetes	1		26	1	92.3/94	FALSE	FALSE	Megaviricetes	1	Belvinaviricetes	0.5	Gold__Atroposvirales_C0001;Silver_R3__Coyopavirales_C0001;Gold__Lautamovirales_C0001;Gold__Vinavirales_C0001;Gold__Vinavirales_C0008;Silver_R3__Vinavirales_C0004;Silver_R3__Vinavirales_C0005;Silver_R3__Vinavirales_C0006;Silver_R3__Vinavirales_C0002;Silver_R3__Vinavirales_C0016;Silver_R3__Vinavirales_C0018;Silver_R3__Vinavirales_C0019;Silver_R3__Vinavirales_C0003;Silver_R3__Vinavirales_C0007;Silver_R3__Vinavirales_C0015;Silver_R3__Vinavirales_C0020;Silver_R3__Vinavirales_C0022;Silver_R3__Vinavirales_C0010;Silver_R3__Vinavirales_C0013;Silver_R3__Vinavirales_C0014;Silver_R3__Vinavirales_C0017;Gold__Vinavirales_C0009;Silver_R3__Vinavirales_C0011;Silver_R3__Vinavirales_C0021;Silver_R3__Vinavirales_C0012;Silver_R3__Algavirales_C0579
Silver_R3__Algavirales_C0731	D_weak_or_context_sensitive	Class	Mriyaviricetes	4	1	80.8/35	FALSE	TRUE	Mriyaviricetes	1	Mriyaviricetes	0.714285714285714	Silver_R3__Algavirales_C0731;Silver_R3__Yaraviridae_C0015;Silver_R3__Yaraviridae_C0009;Silver_R3__Yaraviridae_C0016	3	1	91.3/56	FALSE	TRUE	Mriyaviricetes	1	Mriyaviricetes	1	Silver_R3__Algavirales_C0731;Silver_R3__Yaraviridae_C0011;Silver_R3__Yaraviridae_C0009
Silver_R3__Algavirales_C1049	D_weak_or_context_sensitive	Class	Mriyaviricetes						Mriyaviricetes	0.8	Mriyaviricetes	0.8		3	1	86.6/67	FALSE	TRUE	Mriyaviricetes	1	Mriyaviricetes	0.833333333333333	Silver_R3__Algavirales_C1049;Silver_R3__Yaraviridae_C0001;Silver_R3__Yaraviridae_C0018
Silver_R3__Algavirales_C1246	D_weak_or_context_sensitive	Class	Mriyaviricetes	3	1	57.3/51	FALSE	TRUE	Mriyaviricetes	1	Mriyaviricetes	1	Silver_R3__Algavirales_C1246;Silver_R3__Yaraviridae_C0003;Silver_R3__Yaraviridae_C0012						Mriyaviricetes	0.8	Mriyaviricetes	0.714285714285714	
Silver_R3__Archintovirales_C0005	C_special_topology_review	Class	Polintoviricetes	5	1	89.6/86	FALSE	TRUE	Aquintoviricetes	0.6	Polintoviricetes	0.666666666666667	Gold__Amphintovirales_C0007;Silver_R3__Amphintovirales_C0004;Silver_R3__Amphintovirales_C0013;Gold__Amphintovirales_C0019;Silver_R3__Archintovirales_C0005	5	1	95.8/97	TRUE	TRUE	Polintoviricetes	0.8	Polintoviricetes	0.666666666666667	Gold__Amphintovirales_C0007;Silver_R3__Amphintovirales_C0004;Silver_R3__Amphintovirales_C0013;Gold__Amphintovirales_C0019;Silver_R3__Archintovirales_C0005
Silver_R3__Asfuvirales_C0011	A_priority_audit	Class	Megaviricetes	3	1	100/100	TRUE	TRUE	Megaviricetes	0.6	Megaviricetes	1	Silver_R3__Algavirales_C1200;Silver_R3__Asfuvirales_C0011;Silver_R3__Imitervirales_C0211	3	1	99.9/100	TRUE	TRUE	Megaviricetes	0.6	Megaviricetes	0.571428571428571	Silver_R3__Algavirales_C1200;Silver_R3__Asfuvirales_C0011;Silver_R3__Imitervirales_C0211
Silver_R3__Chitovirales_C0013	B_support_limited_audit	Class	Megaviricetes	3	1	98.2/100	TRUE	TRUE	Megaviricetes	1	Megaviricetes	1	Silver_R3__Algavirales_C0081;Silver_R3__Chitovirales_C0013;Silver_R3__Imitervirales_C0271	3	1	98.5/87	FALSE	TRUE	Megaviricetes	1	Megaviricetes	1	Silver_R3__Algavirales_C0081;Silver_R3__Chitovirales_C0013;Silver_R3__Imitervirales_C0271
Silver_R3__Chitovirales_C0017	D_weak_or_context_sensitive	Class	Megaviricetes	6	1	65.3/66	FALSE	TRUE	Megaviricetes	0.8	Megaviricetes	0.777777777777778	Silver_R3__Algavirales_C0979;Silver_R3__Imitervirales_C0348;Silver_R3__Imitervirales_C0267;Silver_R3__Imitervirales_C0841;Silver_R3__Imitervirales_C0845;Silver_R3__Chitovirales_C0017	4	1	22.1/47	FALSE	TRUE	Megaviricetes	0.8	Megaviricetes	0.75	Silver_R3__Algavirales_C0979;Silver_R3__Imitervirales_C0845;Silver_R3__Imitervirales_C0348;Silver_R3__Chitovirales_C0017
Silver_R3__Imitervirales_C0370	D_weak_or_context_sensitive	Phylum	Preplasmiviricota	4	1	0/46	FALSE	TRUE	Nucleocytoviricota	1	Nucleocytoviricota	0.625	Gold__Rowavirales_C0001;Silver_R3__Rowavirales_C0003;Silver_R3__Rowavirales_C0010;Silver_R3__Imitervirales_C0370						Nucleocytoviricota	1	Nucleocytoviricota	1	
Silver_R3__Imitervirales_C0370	D_weak_or_context_sensitive	Class	Pharingeaviricetes	4	1	0/46	FALSE	TRUE	Megaviricetes	1	Megaviricetes	0.625	Gold__Rowavirales_C0001;Silver_R3__Rowavirales_C0003;Silver_R3__Rowavirales_C0010;Silver_R3__Imitervirales_C0370						Megaviricetes	1	Megaviricetes	1	
Silver_R3__Imitervirales_C0475	A_priority_audit	Phylum	Preplasmiviricota	95	1	100/100	TRUE	TRUE	Preplasmiviricota	1	Preplasmiviricota	1	Gold__Archintovirales_C0002;Silver_R3__Divpevirales_C0001;Silver_R3__Priklausovirales_C0007;Gold__Lavidavirales_C0008;Silver_R3__Lavidavirales_C0010;Silver_R3__Lavidavirales_C0011;Silver_R3__Lavidavirales_C0006;Silver_R3__Lavidavirales_C0009;Silver_R3__Priklausovirales_C0113;Gold__Lavidavirales_C0003;Silver_R3__Priklausovirales_C0077;Silver_R3__Priklausovirales_C0153;Silver_R3__Priklausovirales_C0196;Silver_R3__Priklausovirales_C0178;Gold__Priklausovirales_C0151;Silver_R3__Imitervirales_C0475;Silver_R3__Priklausovirales_C0097;Silver_R3__Priklausovirales_C0102;Silver_R3__Priklausovirales_C0108;Silver_R3__Priklausovirales_C0038;Silver_R3__Priklausovirales_C0185;Gold__Priklausovirales_C0157;Silver_R3__Lavidavirales_C0002;Silver_R3__Priklausovirales_C0040;Silver_R3__Priklausovirales_C0065;Silver_R3__Priklausovirales_C0092;Silver_R3__Priklausovirales_C0129;Silver_R3__Priklausovirales_C0003;Silver_R3__Priklausovirales_C0076;Silver_R3__Priklausovirales_C0162;Silver_R3__Priklausovirales_C0103;Gold__Lavidavirales_C0001;Silver_R3__Priklausovirales_C0046;Silver_R3__Priklausovirales_C0100;Silver_R3__Priklausovirales_C0137;Silver_R3__Priklausovirales_C0105;Silver_R3__Priklausovirales_C0128;Silver_R3__Priklausovirales_C0094;Silver_R3__Priklausovirales_C0158;Silver_R3__Priklausovirales_C0034;Silver_R3__Priklausovirales_C0068;Silver_R3__Priklausovirales_C0028;Silver_R3__Priklausovirales_C0202;Silver_R3__Priklausovirales_C0095;Silver_R3__Priklausovirales_C0057;Gold__Mividavirales_C0001;Silver_R3__Mividavirales_C0006;Silver_R3__Priklausovirales_C0061;Silver_R3__Priklausovirales_C0142;Silver_R3__Priklausovirales_C0203;Silver_R3__Priklausovirales_C0066;Silver_R3__Priklausovirales_C0184;Silver_R3__Mividavirales_C0005;Silver_R3__Priklausovirales_C0115;Silver_R3__Priklausovirales_C0164;Silver_R3__Priklausovirales_C0144;Silver_R3__Priklausovirales_C0004;Silver_R3__Priklausovirales_C0171;Silver_R3__Priklausovirales_C0049;Silver_R3__Priklausovirales_C0206;Silver_R3__Priklausovirales_C0127;Silver_R3__Mividavirales_C0007;Silver_R3__Priklausovirales_C0069;Silver_R3__Priklausovirales_C0180;Silver_R3__Priklausovirales_C0074;Silver_R3__Mividavirales_C0002;Silver_R3__Mividavirales_C0004;Silver_R3__Priklausovirales_C0139;Silver_R3__Priklausovirales_C0143;Silver_R3__Priklausovirales_C0106;Silver_R3__Priklausovirales_C0168;Silver_R3__Priklausovirales_C0173;Silver_R3__Priklausovirales_C0035;Silver_R3__Priklausovirales_C0195;Silver_R3__Priklausovirales_C0048;Silver_R3__Priklausovirales_C0021;Silver_R3__Priklausovirales_C0101;Silver_R3__Priklausovirales_C0024;Silver_R3__Priklausovirales_C0107;Silver_R3__Priklausovirales_C0136;Silver_R3__Priklausovirales_C0053;Silver_R3__Priklausovirales_C0078;Silver_R3__Priklausovirales_C0198;Silver_R3__Priklausovirales_C0152;Silver_R3__Priklausovirales_C0030;Silver_R3__Priklausovirales_C0163;Silver_R3__Priklausovirales_C0190;Silver_R3__Priklausovirales_C0032;Silver_R3__Priklausovirales_C0117;Silver_R3__Priklausovirales_C0085;Silver_R3__Priklausovirales_C0114;Silver_R3__Priklausovirales_C0186;Silver_R3__Priklausovirales_C0070;Silver_R3__Priklausovirales_C0140;Silver_R3__Priklausovirales_C0006	94	1	99.9/100	TRUE	TRUE	Preplasmiviricota	1	Preplasmiviricota	1	Gold__Lavidavirales_C0001;Silver_R3__Priklausovirales_C0046;Silver_R3__Priklausovirales_C0137;Silver_R3__Priklausovirales_C0100;Silver_R3__Priklausovirales_C0105;Silver_R3__Priklausovirales_C0128;Silver_R3__Priklausovirales_C0034;Silver_R3__Priklausovirales_C0035;Silver_R3__Priklausovirales_C0049;Gold__Mividavirales_C0001;Silver_R3__Priklausovirales_C0142;Silver_R3__Priklausovirales_C0006;Silver_R3__Mividavirales_C0002;Silver_R3__Mividavirales_C0004;Silver_R3__Priklausovirales_C0139;Silver_R3__Mividavirales_C0007;Silver_R3__Priklausovirales_C0069;Silver_R3__Priklausovirales_C0180;Silver_R3__Mividavirales_C0006;Silver_R3__Priklausovirales_C0061;Silver_R3__Priklausovirales_C0057;Silver_R3__Priklausovirales_C0095;Silver_R3__Priklausovirales_C0066;Silver_R3__Priklausovirales_C0184;Silver_R3__Priklausovirales_C0203;Silver_R3__Priklausovirales_C0206;Silver_R3__Priklausovirales_C0028;Silver_R3__Priklausovirales_C0202;Silver_R3__Priklausovirales_C0068;Silver_R3__Priklausovirales_C0173;Silver_R3__Priklausovirales_C0127;Silver_R3__Priklausovirales_C0094;Silver_R3__Priklausovirales_C0158;Silver_R3__Priklausovirales_C0106;Silver_R3__Mividavirales_C0005;Silver_R3__Priklausovirales_C0115;Silver_R3__Priklausovirales_C0004;Silver_R3__Priklausovirales_C0144;Silver_R3__Priklausovirales_C0164;Silver_R3__Priklausovirales_C0171;Silver_R3__Priklausovirales_C0168;Silver_R3__Priklausovirales_C0195;Silver_R3__Priklausovirales_C0021;Silver_R3__Priklausovirales_C0101;Silver_R3__Priklausovirales_C0143;Silver_R3__Priklausovirales_C0053;Silver_R3__Priklausovirales_C0024;Silver_R3__Priklausovirales_C0107;Silver_R3__Priklausovirales_C0136;Silver_R3__Priklausovirales_C0048;Silver_R3__Priklausovirales_C0152;Silver_R3__Priklausovirales_C0078;Silver_R3__Priklausovirales_C0085;Silver_R3__Priklausovirales_C0114;Silver_R3__Priklausovirales_C0030;Silver_R3__Priklausovirales_C0190;Silver_R3__Priklausovirales_C0163;Silver_R3__Priklausovirales_C0117;Silver_R3__Priklausovirales_C0198;Silver_R3__Priklausovirales_C0032;Silver_R3__Priklausovirales_C0070;Silver_R3__Priklausovirales_C0140;Silver_R3__Priklausovirales_C0074;Silver_R3__Priklausovirales_C0186;Silver_R3__Priklausovirales_C0103;Gold__Lavidavirales_C0008;Silver_R3__Lavidavirales_C0011;Silver_R3__Lavidavirales_C0010;Silver_R3__Lavidavirales_C0006;Silver_R3__Lavidavirales_C0009;Silver_R3__Priklausovirales_C0129;Gold__Lavidavirales_C0003;Silver_R3__Priklausovirales_C0077;Silver_R3__Priklausovirales_C0153;Silver_R3__Priklausovirales_C0196;Silver_R3__Priklausovirales_C0178;Gold__Priklausovirales_C0151;Silver_R3__Imitervirales_C0475;Silver_R3__Priklausovirales_C0038;Silver_R3__Priklausovirales_C0185;Silver_R3__Priklausovirales_C0097;Silver_R3__Priklausovirales_C0102;Silver_R3__Priklausovirales_C0108;Gold__Priklausovirales_C0157;Silver_R3__Lavidavirales_C0002;Silver_R3__Priklausovirales_C0003;Silver_R3__Priklausovirales_C0040;Silver_R3__Priklausovirales_C0092;Silver_R3__Priklausovirales_C0065;Silver_R3__Priklausovirales_C0076;Silver_R3__Priklausovirales_C0162;Silver_R3__Priklausovirales_C0113;Silver_R3__Divpevirales_C0001;Silver_R3__Priklausovirales_C0007
Silver_R3__Imitervirales_C0475	A_priority_audit	Class	Virophaviricetes	95	1	100/100	TRUE	FALSE	Virophaviricetes	1	Virophaviricetes	1	Gold__Archintovirales_C0002;Silver_R3__Divpevirales_C0001;Silver_R3__Priklausovirales_C0007;Gold__Lavidavirales_C0008;Silver_R3__Lavidavirales_C0010;Silver_R3__Lavidavirales_C0011;Silver_R3__Lavidavirales_C0006;Silver_R3__Lavidavirales_C0009;Silver_R3__Priklausovirales_C0113;Gold__Lavidavirales_C0003;Silver_R3__Priklausovirales_C0077;Silver_R3__Priklausovirales_C0153;Silver_R3__Priklausovirales_C0196;Silver_R3__Priklausovirales_C0178;Gold__Priklausovirales_C0151;Silver_R3__Imitervirales_C0475;Silver_R3__Priklausovirales_C0097;Silver_R3__Priklausovirales_C0102;Silver_R3__Priklausovirales_C0108;Silver_R3__Priklausovirales_C0038;Silver_R3__Priklausovirales_C0185;Gold__Priklausovirales_C0157;Silver_R3__Lavidavirales_C0002;Silver_R3__Priklausovirales_C0040;Silver_R3__Priklausovirales_C0065;Silver_R3__Priklausovirales_C0092;Silver_R3__Priklausovirales_C0129;Silver_R3__Priklausovirales_C0003;Silver_R3__Priklausovirales_C0076;Silver_R3__Priklausovirales_C0162;Silver_R3__Priklausovirales_C0103;Gold__Lavidavirales_C0001;Silver_R3__Priklausovirales_C0046;Silver_R3__Priklausovirales_C0100;Silver_R3__Priklausovirales_C0137;Silver_R3__Priklausovirales_C0105;Silver_R3__Priklausovirales_C0128;Silver_R3__Priklausovirales_C0094;Silver_R3__Priklausovirales_C0158;Silver_R3__Priklausovirales_C0034;Silver_R3__Priklausovirales_C0068;Silver_R3__Priklausovirales_C0028;Silver_R3__Priklausovirales_C0202;Silver_R3__Priklausovirales_C0095;Silver_R3__Priklausovirales_C0057;Gold__Mividavirales_C0001;Silver_R3__Mividavirales_C0006;Silver_R3__Priklausovirales_C0061;Silver_R3__Priklausovirales_C0142;Silver_R3__Priklausovirales_C0203;Silver_R3__Priklausovirales_C0066;Silver_R3__Priklausovirales_C0184;Silver_R3__Mividavirales_C0005;Silver_R3__Priklausovirales_C0115;Silver_R3__Priklausovirales_C0164;Silver_R3__Priklausovirales_C0144;Silver_R3__Priklausovirales_C0004;Silver_R3__Priklausovirales_C0171;Silver_R3__Priklausovirales_C0049;Silver_R3__Priklausovirales_C0206;Silver_R3__Priklausovirales_C0127;Silver_R3__Mividavirales_C0007;Silver_R3__Priklausovirales_C0069;Silver_R3__Priklausovirales_C0180;Silver_R3__Priklausovirales_C0074;Silver_R3__Mividavirales_C0002;Silver_R3__Mividavirales_C0004;Silver_R3__Priklausovirales_C0139;Silver_R3__Priklausovirales_C0143;Silver_R3__Priklausovirales_C0106;Silver_R3__Priklausovirales_C0168;Silver_R3__Priklausovirales_C0173;Silver_R3__Priklausovirales_C0035;Silver_R3__Priklausovirales_C0195;Silver_R3__Priklausovirales_C0048;Silver_R3__Priklausovirales_C0021;Silver_R3__Priklausovirales_C0101;Silver_R3__Priklausovirales_C0024;Silver_R3__Priklausovirales_C0107;Silver_R3__Priklausovirales_C0136;Silver_R3__Priklausovirales_C0053;Silver_R3__Priklausovirales_C0078;Silver_R3__Priklausovirales_C0198;Silver_R3__Priklausovirales_C0152;Silver_R3__Priklausovirales_C0030;Silver_R3__Priklausovirales_C0163;Silver_R3__Priklausovirales_C0190;Silver_R3__Priklausovirales_C0032;Silver_R3__Priklausovirales_C0117;Silver_R3__Priklausovirales_C0085;Silver_R3__Priklausovirales_C0114;Silver_R3__Priklausovirales_C0186;Silver_R3__Priklausovirales_C0070;Silver_R3__Priklausovirales_C0140;Silver_R3__Priklausovirales_C0006	94	1	99.9/100	TRUE	TRUE	Virophaviricetes	1	Virophaviricetes	1	Gold__Lavidavirales_C0001;Silver_R3__Priklausovirales_C0046;Silver_R3__Priklausovirales_C0137;Silver_R3__Priklausovirales_C0100;Silver_R3__Priklausovirales_C0105;Silver_R3__Priklausovirales_C0128;Silver_R3__Priklausovirales_C0034;Silver_R3__Priklausovirales_C0035;Silver_R3__Priklausovirales_C0049;Gold__Mividavirales_C0001;Silver_R3__Priklausovirales_C0142;Silver_R3__Priklausovirales_C0006;Silver_R3__Mividavirales_C0002;Silver_R3__Mividavirales_C0004;Silver_R3__Priklausovirales_C0139;Silver_R3__Mividavirales_C0007;Silver_R3__Priklausovirales_C0069;Silver_R3__Priklausovirales_C0180;Silver_R3__Mividavirales_C0006;Silver_R3__Priklausovirales_C0061;Silver_R3__Priklausovirales_C0057;Silver_R3__Priklausovirales_C0095;Silver_R3__Priklausovirales_C0066;Silver_R3__Priklausovirales_C0184;Silver_R3__Priklausovirales_C0203;Silver_R3__Priklausovirales_C0206;Silver_R3__Priklausovirales_C0028;Silver_R3__Priklausovirales_C0202;Silver_R3__Priklausovirales_C0068;Silver_R3__Priklausovirales_C0173;Silver_R3__Priklausovirales_C0127;Silver_R3__Priklausovirales_C0094;Silver_R3__Priklausovirales_C0158;Silver_R3__Priklausovirales_C0106;Silver_R3__Mividavirales_C0005;Silver_R3__Priklausovirales_C0115;Silver_R3__Priklausovirales_C0004;Silver_R3__Priklausovirales_C0144;Silver_R3__Priklausovirales_C0164;Silver_R3__Priklausovirales_C0171;Silver_R3__Priklausovirales_C0168;Silver_R3__Priklausovirales_C0195;Silver_R3__Priklausovirales_C0021;Silver_R3__Priklausovirales_C0101;Silver_R3__Priklausovirales_C0143;Silver_R3__Priklausovirales_C0053;Silver_R3__Priklausovirales_C0024;Silver_R3__Priklausovirales_C0107;Silver_R3__Priklausovirales_C0136;Silver_R3__Priklausovirales_C0048;Silver_R3__Priklausovirales_C0152;Silver_R3__Priklausovirales_C0078;Silver_R3__Priklausovirales_C0085;Silver_R3__Priklausovirales_C0114;Silver_R3__Priklausovirales_C0030;Silver_R3__Priklausovirales_C0190;Silver_R3__Priklausovirales_C0163;Silver_R3__Priklausovirales_C0117;Silver_R3__Priklausovirales_C0198;Silver_R3__Priklausovirales_C0032;Silver_R3__Priklausovirales_C0070;Silver_R3__Priklausovirales_C0140;Silver_R3__Priklausovirales_C0074;Silver_R3__Priklausovirales_C0186;Silver_R3__Priklausovirales_C0103;Gold__Lavidavirales_C0008;Silver_R3__Lavidavirales_C0011;Silver_R3__Lavidavirales_C0010;Silver_R3__Lavidavirales_C0006;Silver_R3__Lavidavirales_C0009;Silver_R3__Priklausovirales_C0129;Gold__Lavidavirales_C0003;Silver_R3__Priklausovirales_C0077;Silver_R3__Priklausovirales_C0153;Silver_R3__Priklausovirales_C0196;Silver_R3__Priklausovirales_C0178;Gold__Priklausovirales_C0151;Silver_R3__Imitervirales_C0475;Silver_R3__Priklausovirales_C0038;Silver_R3__Priklausovirales_C0185;Silver_R3__Priklausovirales_C0097;Silver_R3__Priklausovirales_C0102;Silver_R3__Priklausovirales_C0108;Gold__Priklausovirales_C0157;Silver_R3__Lavidavirales_C0002;Silver_R3__Priklausovirales_C0003;Silver_R3__Priklausovirales_C0040;Silver_R3__Priklausovirales_C0092;Silver_R3__Priklausovirales_C0065;Silver_R3__Priklausovirales_C0076;Silver_R3__Priklausovirales_C0162;Silver_R3__Priklausovirales_C0113;Silver_R3__Divpevirales_C0001;Silver_R3__Priklausovirales_C0007
Silver_R3__Imitervirales_C0629	D_weak_or_context_sensitive	Class	Pokkesviricetes	3	1	21.4/65	FALSE	TRUE	Pokkesviricetes	0.6	Pokkesviricetes	1	Gold__Asfuvirales_C0025;Silver_R3__Asfuvirales_C0012;Silver_R3__Imitervirales_C0629	4	1	97.5/93	FALSE	TRUE	Pokkesviricetes	0.6	Pokkesviricetes	0.666666666666667	Gold__Asfuvirales_C0025;Silver_R3__Asfuvirales_C0012;Silver_R3__Asfuvirales_C0016;Silver_R3__Imitervirales_C0629
Silver_R3__Priklausovirales_C0052	A_priority_audit	Phylum	Nucleocytoviricota	3	1	99.8/100	TRUE	TRUE	Nucleocytoviricota	0.8	Nucleocytoviricota	1	Silver_R3__Algavirales_C0138;Silver_R3__Imitervirales_C0911;Silver_R3__Priklausovirales_C0052	3	1	99.9/100	TRUE	TRUE	Nucleocytoviricota	1	Nucleocytoviricota	1	Silver_R3__Algavirales_C0138;Silver_R3__Imitervirales_C0911;Silver_R3__Priklausovirales_C0052
Silver_R3__Priklausovirales_C0052	A_priority_audit	Class	Megaviricetes	3	1	99.8/100	TRUE	TRUE	Megaviricetes	0.6	Megaviricetes	0.4	Silver_R3__Algavirales_C0138;Silver_R3__Imitervirales_C0911;Silver_R3__Priklausovirales_C0052	3	1	99.9/100	TRUE	TRUE	Megaviricetes	0.8	Megaviricetes	0.666666666666667	Silver_R3__Algavirales_C0138;Silver_R3__Imitervirales_C0911;Silver_R3__Priklausovirales_C0052
Silver_R3__Priklausovirales_C0082	A_priority_audit	Phylum	Nucleocytoviricota	3	1	100/100	TRUE	TRUE	Nucleocytoviricota	1	Nucleocytoviricota	0.9	Silver_R3__Algavirales_C1152;Silver_R3__Priklausovirales_C0082;Silver_R3__Chitovirales_C0014	3	1	99.8/100	TRUE	TRUE	Nucleocytoviricota	1	Nucleocytoviricota	1	Silver_R3__Algavirales_C1152;Silver_R3__Priklausovirales_C0082;Silver_R3__Chitovirales_C0014
Silver_R3__Priklausovirales_C0174	B_support_limited_audit	Phylum	Nucleocytoviricota	14	1	83.8/78	FALSE	TRUE	Nucleocytoviricota	1	Nucleocytoviricota	1	Silver_R3__Algavirales_C0116;Silver_R3__Yaraviridae_C0002;Silver_R3__Yaraviridae_C0010;Silver_R3__Algavirales_C1049;Silver_R3__Yaraviridae_C0001;Silver_R3__Algavirales_C1246;Silver_R3__Yaraviridae_C0003;Silver_R3__Yaraviridae_C0012;Silver_R3__Yaraviridae_C0018;Silver_R3__Yaraviridae_C0005;Silver_R3__Yaraviridae_C0019;Silver_R3__Yaraviridae_C0014;Silver_R3__Algavirales_C0864;Silver_R3__Priklausovirales_C0174	4	1	98.3/99	TRUE	TRUE	Nucleocytoviricota	1	Nucleocytoviricota	1	Silver_R3__Algavirales_C0864;Silver_R3__Priklausovirales_C0174;Silver_R3__Algavirales_C1246;Silver_R3__Yaraviridae_C0003
Silver_R3__Yaraviridae_C0007	D_weak_or_context_sensitive	Class	Megaviricetes						Megaviricetes	0.8	Mriyaviricetes	0.6							Megaviricetes	0.8	Megaviricetes	0.416666666666667	
Silver_R3__Yaraviridae_C0008	D_weak_or_context_sensitive	Class	Megaviricetes						Megaviricetes	0.8	Mriyaviricetes	0.6							Megaviricetes	0.8	Megaviricetes	0.416666666666667	
