min_tips	max_tips	pure_singleton_only	dual_supported_tip_n	tip_ids
5	30	False	0	
5	30	True	0	
3	30	False	4	Gold__Chitovirales_C0003;Silver_R3__Asfuvirales_C0011;Silver_R3__Priklausovirales_C0052;Silver_R3__Priklausovirales_C0082
3	30	True	4	Gold__Chitovirales_C0003;Silver_R3__Asfuvirales_C0011;Silver_R3__Priklausovirales_C0052;Silver_R3__Priklausovirales_C0082
3	50	False	4	Gold__Chitovirales_C0003;Silver_R3__Asfuvirales_C0011;Silver_R3__Priklausovirales_C0052;Silver_R3__Priklausovirales_C0082
3	50	True	4	Gold__Chitovirales_C0003;Silver_R3__Asfuvirales_C0011;Silver_R3__Priklausovirales_C0052;Silver_R3__Priklausovirales_C0082
3	100	False	6	Gold__Archintovirales_C0002;Gold__Chitovirales_C0003;Silver_R3__Asfuvirales_C0011;Silver_R3__Imitervirales_C0475;Silver_R3__Priklausovirales_C0052;Silver_R3__Priklausovirales_C0082
3	100	True	5	Gold__Chitovirales_C0003;Silver_R3__Asfuvirales_C0011;Silver_R3__Imitervirales_C0475;Silver_R3__Priklausovirales_C0052;Silver_R3__Priklausovirales_C0082
3	547	False	8	Gold__Archintovirales_C0002;Gold__Chitovirales_C0003;Gold__Lautamovirales_C0001;Silver_R3__Asfuvirales_C0011;Silver_R3__Chitovirales_C0013;Silver_R3__Imitervirales_C0475;Silver_R3__Priklausovirales_C0052;Silver_R3__Priklausovirales_C0082
3	547	True	5	Gold__Chitovirales_C0003;Silver_R3__Asfuvirales_C0011;Silver_R3__Imitervirales_C0475;Silver_R3__Priklausovirales_C0052;Silver_R3__Priklausovirales_C0082
