tree_tip_id	sequence_sha256	frozen_sequence_entity_id	frozen_fasta_record_id	phylum	scope
Gold__Archintovirales_C0002	599cb5275548c227a3e0ae3572c75bc4b51b59837c225e46df1a0b204e6b32de	SEQ_599cb5275548c227	Gold__Archintovirales_C0002	Preplasmiviricota	candidate_exclusion_only_not_a_negative_label
Gold__Belfryvirales_C0001	2ff2d86a5b8281f5f223ed097d86074887c1b98a8509f6b647e1db8a7a043821	SEQ_2ff2d86a5b8281f5	Gold__Belfryvirales_C0001	Produgelaviricota	candidate_exclusion_only_not_a_negative_label
Gold__Chitovirales_C0003	4506d7658d2d72fb63eddce6e4adb7b579b17f0a0f6d81faca4da5db7450a750	SEQ_4506d7658d2d72fb	Gold__Chitovirales_C0003	Nucleocytoviricota	candidate_exclusion_only_not_a_negative_label
Gold__Lautamovirales_C0001	4a17bf3780b7ad1535830415d7c9b24be1917c889a29f4f49f77a334530bd825	SEQ_4a17bf3780b7ad15	Gold__Lautamovirales_C0001	Produgelaviricota	candidate_exclusion_only_not_a_negative_label
Silver_R3__Algavirales_C0116	c900d54e1c09448a489c5a49234869285b3b2646d5a6c10f98c704e1d1bc056f	SEQ_c900d54e1c09448a	Silver_R3__Algavirales_C0116	Nucleocytoviricota	candidate_exclusion_only_not_a_negative_label
Silver_R3__Algavirales_C0459	9dfa5c10e3da99e769d3dd370678bfaebe428ced5bc216c6c15128399ff3815d	SEQ_9dfa5c10e3da99e7	Silver_R3__Algavirales_C0459	Nucleocytoviricota	candidate_exclusion_only_not_a_negative_label
Silver_R3__Algavirales_C0579	575356bcf0d420b0baeadc7f48bdf11aa691e94cc8c852d79bbc4020c319b855	SEQ_575356bcf0d420b0	Silver_R3__Algavirales_C0579	Nucleocytoviricota	candidate_exclusion_only_not_a_negative_label
Silver_R3__Algavirales_C0731	cec225a0c94e39a48be7801267a60d5662f519532273e7f8c93945cca9a1acad	SEQ_cec225a0c94e39a4	Silver_R3__Algavirales_C0731	Nucleocytoviricota	candidate_exclusion_only_not_a_negative_label
Silver_R3__Algavirales_C1049	8b840f28309986e3fdcb71153f41c72fd7621c42a0e1cce7f48fc56f566141e2	SEQ_8b840f28309986e3	Silver_R3__Algavirales_C1049	Nucleocytoviricota	candidate_exclusion_only_not_a_negative_label
Silver_R3__Algavirales_C1246	2792785834f1dd55142ade5adcb1e872a9c2d9b58fea1313f017c1ea5f84747c	SEQ_2792785834f1dd55	Silver_R3__Algavirales_C1246	Nucleocytoviricota	candidate_exclusion_only_not_a_negative_label
Silver_R3__Archintovirales_C0005	c3283d88583a35d460f63af0f7db46b00b278b0397530b19480ef2ef1c402822	SEQ_c3283d88583a35d4	Silver_R3__Archintovirales_C0005	Preplasmiviricota	candidate_exclusion_only_not_a_negative_label
Silver_R3__Asfuvirales_C0011	bb50e3a7c32f74eccd4638a6a2ffba86fcc75d424268583949bc8e46a97c62a3	SEQ_bb50e3a7c32f74ec	Silver_R3__Asfuvirales_C0011	Nucleocytoviricota	candidate_exclusion_only_not_a_negative_label
Silver_R3__Chitovirales_C0013	39a8b8854d27dbf4d57e517d3962cbc3b0eb1e3fad869b1e6d86231b41da91db	SEQ_39a8b8854d27dbf4	Silver_R3__Chitovirales_C0013	Nucleocytoviricota	candidate_exclusion_only_not_a_negative_label
Silver_R3__Chitovirales_C0017	5f780f680ba2c4a69f62b0ad42146fb40611c93ece9c1c32fc1183f3a77fac93	SEQ_5f780f680ba2c4a6	Silver_R3__Chitovirales_C0017	Nucleocytoviricota	candidate_exclusion_only_not_a_negative_label
Silver_R3__Chitovirales_C0021	f5264a970e2cf25a6560b96a89637be5512f5135580d23c55558156d8d475741	SEQ_f5264a970e2cf25a	Silver_R3__Chitovirales_C0021	Nucleocytoviricota	candidate_exclusion_only_not_a_negative_label
Silver_R3__Chitovirales_C0030	5615c3513ca8e1e3c95d6999f9a3f7edb789ac0fe04500224c30d6552ed1ee47	SEQ_5615c3513ca8e1e3	Silver_R3__Chitovirales_C0030	Nucleocytoviricota	candidate_exclusion_only_not_a_negative_label
Silver_R3__Imitervirales_C0034	b9fb178d8d3b58d71f3440126f8cad551a0d661d649a3947a4670cda82e02a94	SEQ_b9fb178d8d3b58d7	Silver_R3__Imitervirales_C0034	Nucleocytoviricota	candidate_exclusion_only_not_a_negative_label
Silver_R3__Imitervirales_C0370	fc7df54a856bb8c210121b3778c59cc51fd97578ee0bc2330ef6dd96b97b34bc	SEQ_fc7df54a856bb8c2	Silver_R3__Imitervirales_C0370	Nucleocytoviricota	candidate_exclusion_only_not_a_negative_label
Silver_R3__Imitervirales_C0385	42429f0559bf9303cf8a753a599b32f2f2bba2a6dfd14e6128cde8e59c3dab6b	SEQ_42429f0559bf9303	Silver_R3__Imitervirales_C0385	Nucleocytoviricota	candidate_exclusion_only_not_a_negative_label
Silver_R3__Imitervirales_C0475	485a99255ea577be3bf0fac116bec6e23e8b475b833646478eb182beb814931f	SEQ_485a99255ea577be	Silver_R3__Imitervirales_C0475	Nucleocytoviricota	candidate_exclusion_only_not_a_negative_label
Silver_R3__Imitervirales_C0629	911e858b9b25b8fbd0dc07f27f22cad2cb14acab96a86d53b7d551f73e106d9f	SEQ_911e858b9b25b8fb	Silver_R3__Imitervirales_C0629	Nucleocytoviricota	candidate_exclusion_only_not_a_negative_label
Silver_R3__Imitervirales_C0741	82870cd908756f34c64fca3163c459bd48e66b7a51e4689be4c6fd1f26134a90	SEQ_82870cd908756f34	Silver_R3__Imitervirales_C0741	Nucleocytoviricota	candidate_exclusion_only_not_a_negative_label
Silver_R3__Imitervirales_C0756	45e02f8e3f42a715bda7fa7d178cadfc70dd506689b91d07652db61c7a49be4d	SEQ_45e02f8e3f42a715	Silver_R3__Imitervirales_C0756	Nucleocytoviricota	candidate_exclusion_only_not_a_negative_label
Silver_R3__Imitervirales_C0771	af44a46ea051bf02f737e702ea37558085d2dab0d1e3ea43b13ad6cc307fdcf1	SEQ_af44a46ea051bf02	Silver_R3__Imitervirales_C0771	Nucleocytoviricota	candidate_exclusion_only_not_a_negative_label
Silver_R3__Pimascovirales_C0042	8bafc87724435750eb6622acafca0ebe27e62b5e7d6a95c4d14f1f8db6003bfb	SEQ_8bafc87724435750	Silver_R3__Pimascovirales_C0042	Nucleocytoviricota	candidate_exclusion_only_not_a_negative_label
Silver_R3__Priklausovirales_C0052	9e9a72a7cebe2ee55d6cd1e670651e08cef61c9a77c3483f92b470fdeb4c6a58	SEQ_9e9a72a7cebe2ee5	Silver_R3__Priklausovirales_C0052	Preplasmiviricota	candidate_exclusion_only_not_a_negative_label
Silver_R3__Priklausovirales_C0082	69f967d2c446d548ad510332118c2c4f50f8a759b85825c4e4854a9c5f3e1ed7	SEQ_69f967d2c446d548	Silver_R3__Priklausovirales_C0082	Preplasmiviricota	candidate_exclusion_only_not_a_negative_label
Silver_R3__Priklausovirales_C0174	332beb62ad0d9ce3ad61af29e9942c3ff46d6b6c897c3197892df9402a13539b	SEQ_332beb62ad0d9ce3	Silver_R3__Priklausovirales_C0174	Preplasmiviricota	candidate_exclusion_only_not_a_negative_label
Silver_R3__Yaraviridae_C0007	6bc7619cbdc22d556dae0eab5cb1914774d9aff5684800db392672e9b927db6e	SEQ_6bc7619cbdc22d55	Silver_R3__Yaraviridae_C0007	Nucleocytoviricota	candidate_exclusion_only_not_a_negative_label
Silver_R3__Yaraviridae_C0008	4f2feaa10cc48aaacbc37d2897bfd9522fb8d01e33a3191e2ac13b5fbf3423ea	SEQ_4f2feaa10cc48aaa	Silver_R3__Yaraviridae_C0008	Nucleocytoviricota	candidate_exclusion_only_not_a_negative_label
