task	method	track	evaluation_fold	calibration_fold	specificity_target	component_balanced_sensitivity	record_sensitivity	observed_source_balanced_specificity	calibration_resolution_status	endpoint_status
h1_djr	blastp	controlled_primary	1	2	0.9900	0.93971631205673767	0.93859649122807021	0.98768554689067967	CALIBRATION_NONZERO_FP_ROW_RESOLVABLE	SECONDARY
h1_djr	blastp	controlled_primary	1	2	0.9950	0.8936170212765957	0.89473684210526316	0.99315365088845753	CALIBRATION_NONZERO_FP_ROW_RESOLVABLE	PRIMARY
h1_djr	blastp	controlled_primary	1	2	0.9990	0.76063829787234039	0.7807017543859649	0.99726743317903543	CALIBRATION_NONZERO_FP_ROW_RESOLVABLE	RESOLUTION_LIMITED_SECONDARY
h1_djr	blastp	controlled_primary	2	3	0.9900	0.96153846153846156	0.9831460674157303	0.99056142725183127	CALIBRATION_NONZERO_FP_ROW_RESOLVABLE	SECONDARY
h1_djr	blastp	controlled_primary	2	3	0.9950	0.92292460015232303	0.9606741573033708	0.99490182810251127	CALIBRATION_NONZERO_FP_ROW_RESOLVABLE	PRIMARY
h1_djr	blastp	controlled_primary	2	3	0.9990	0.71596851992891597	0.8146067415730337	0.99915254237288131	CALIBRATION_NONZERO_FP_ROW_RESOLVABLE	RESOLUTION_LIMITED_SECONDARY
h1_djr	blastp	controlled_primary	3	4	0.9900	0.875	0.94782608695652171	0.98742931822004842	CALIBRATION_NONZERO_FP_ROW_RESOLVABLE	SECONDARY
h1_djr	blastp	controlled_primary	3	4	0.9950	0.77083333333333337	0.90434782608695652	0.99311728754491069	CALIBRATION_NONZERO_FP_ROW_RESOLVABLE	PRIMARY
h1_djr	blastp	controlled_primary	3	4	0.9990	0.70833333333333337	0.87826086956521743	0.99520808802280791	CALIBRATION_NONZERO_FP_ROW_RESOLVABLE	RESOLUTION_LIMITED_SECONDARY
h1_djr	blastp	controlled_primary	4	5	0.9900	0.92307692307692313	0.92982456140350878	0.99661016949152548	CALIBRATION_NONZERO_FP_ROW_RESOLVABLE	SECONDARY
h1_djr	blastp	controlled_primary	4	5	0.9950	0.89010989010989006	0.90350877192982459	0.99745762711864405	CALIBRATION_NONZERO_FP_ROW_RESOLVABLE	PRIMARY
h1_djr	blastp	controlled_primary	4	5	0.9990	0.74664224664224665	0.77192982456140347	1	CALIBRATION_NONZERO_FP_ROW_RESOLVABLE	RESOLUTION_LIMITED_SECONDARY
h1_djr	blastp	controlled_primary	5	1	0.9900	0.96808510638297873	0.97345132743362828	0.98998664449478224	CALIBRATION_NONZERO_FP_ROW_RESOLVABLE	SECONDARY
h1_djr	blastp	controlled_primary	5	1	0.9950	0.8687137330754352	0.87610619469026552	0.99361030730755628	CALIBRATION_NONZERO_FP_ROW_RESOLVABLE	PRIMARY
h1_djr	blastp	controlled_primary	5	1	0.9990	0.75773694390715662	0.73451327433628322	0.99818816859361292	CALIBRATION_NONZERO_FP_ROW_RESOLVABLE	RESOLUTION_LIMITED_SECONDARY
h1_djr	diamond_ultra	controlled_primary	1	2	0.9900	0.93617021276595747	0.92982456140350878	0.989036898242031	CALIBRATION_NONZERO_FP_ROW_RESOLVABLE	SECONDARY
h1_djr	diamond_ultra	controlled_primary	1	2	0.9950	0.91489361702127658	0.91228070175438591	0.99042108406749296	CALIBRATION_NONZERO_FP_ROW_RESOLVABLE	PRIMARY
h1_djr	diamond_ultra	controlled_primary	1	2	0.9990	0.82978723404255317	0.84210526315789469	0.99726743317903543	CALIBRATION_NONZERO_FP_ROW_RESOLVABLE	RESOLUTION_LIMITED_SECONDARY
h1_djr	diamond_ultra	controlled_primary	2	3	0.9900	0.93846153846153846	0.9719101123595506	0.99140888487894996	CALIBRATION_NONZERO_FP_ROW_RESOLVABLE	SECONDARY
h1_djr	diamond_ultra	controlled_primary	2	3	0.9950	0.92307692307692313	0.9662921348314607	0.99490182810251127	CALIBRATION_NONZERO_FP_ROW_RESOLVABLE	PRIMARY
h1_djr	diamond_ultra	controlled_primary	2	3	0.9990	0.73241939578573245	0.8595505617977528	0.99872881355932208	CALIBRATION_NONZERO_FP_ROW_RESOLVABLE	RESOLUTION_LIMITED_SECONDARY
h1_djr	diamond_ultra	controlled_primary	3	4	0.9900	0.875	0.94782608695652171	0.98742284849190642	CALIBRATION_NONZERO_FP_ROW_RESOLVABLE	SECONDARY
h1_djr	diamond_ultra	controlled_primary	3	4	0.9950	0.8125	0.92173913043478262	0.99371465911002421	CALIBRATION_NONZERO_FP_ROW_RESOLVABLE	PRIMARY
h1_djr	diamond_ultra	controlled_primary	3	4	0.9990	0.6875	0.86956521739130432	0.99700667244629049	CALIBRATION_NONZERO_FP_ROW_RESOLVABLE	RESOLUTION_LIMITED_SECONDARY
h1_djr	diamond_ultra	controlled_primary	4	5	0.9900	0.96703296703296704	0.97368421052631582	0.9945674537082394	CALIBRATION_NONZERO_FP_ROW_RESOLVABLE	SECONDARY
h1_djr	diamond_ultra	controlled_primary	4	5	0.9950	0.9285714285714286	0.93859649122807021	0.99915254237288131	CALIBRATION_NONZERO_FP_ROW_RESOLVABLE	PRIMARY
h1_djr	diamond_ultra	controlled_primary	4	5	0.9990	0.87362637362637363	0.88596491228070173	0.99915254237288131	CALIBRATION_NONZERO_FP_ROW_RESOLVABLE	RESOLUTION_LIMITED_SECONDARY
h1_djr	diamond_ultra	controlled_primary	5	1	0.9900	0.97872340425531912	0.98230088495575218	0.98912901156167754	CALIBRATION_NONZERO_FP_ROW_RESOLVABLE	SECONDARY
h1_djr	diamond_ultra	controlled_primary	5	1	0.9950	0.93351063829787229	0.93805309734513276	0.9935137417673785	CALIBRATION_NONZERO_FP_ROW_RESOLVABLE	PRIMARY
h1_djr	diamond_ultra	controlled_primary	5	1	0.9990	0.76837524177949701	0.74336283185840712	0.99818816859361292	CALIBRATION_NONZERO_FP_ROW_RESOLVABLE	RESOLUTION_LIMITED_SECONDARY
h1_djr	esm2_650m_cosine	controlled_primary	1	2	0.9900	0.92340425531914905	0.92982456140350878	0.98901000447961773	CALIBRATION_NONZERO_FP_ROW_RESOLVABLE	SECONDARY
h1_djr	esm2_650m_cosine	controlled_primary	1	2	0.9950	0.92340425531914905	0.92982456140350878	0.99312378677019564	CALIBRATION_NONZERO_FP_ROW_RESOLVABLE	PRIMARY
h1_djr	esm2_650m_cosine	controlled_primary	1	2	0.9990	0.86808510638297887	0.8771929824561403	0.99864864864864866	CALIBRATION_NONZERO_FP_ROW_RESOLVABLE	RESOLUTION_LIMITED_SECONDARY
h1_djr	esm2_650m_cosine	controlled_primary	2	3	0.9900	0.88535161208428537	0.88764044943820219	0.98435586775794293	CALIBRATION_NONZERO_FP_ROW_RESOLVABLE	SECONDARY
h1_djr	esm2_650m_cosine	controlled_primary	2	3	0.9950	0.83712236608276214	0.8595505617977528	0.99619771863117867	CALIBRATION_NONZERO_FP_ROW_RESOLVABLE	PRIMARY
h1_djr	esm2_650m_cosine	controlled_primary	2	3	0.9990	0.6999746128458999	0.7696629213483146	0.99904942965779464	CALIBRATION_NONZERO_FP_ROW_RESOLVABLE	RESOLUTION_LIMITED_SECONDARY
h1_djr	esm2_650m_cosine	controlled_primary	3	4	0.9900	0.9438844086021505	0.86956521739130432	0.99009161135049106	CALIBRATION_NONZERO_FP_ROW_RESOLVABLE	SECONDARY
h1_djr	esm2_650m_cosine	controlled_primary	3	4	0.9950	0.94321236559139787	0.85217391304347823	0.99639636142489296	CALIBRATION_NONZERO_FP_ROW_RESOLVABLE	PRIMARY
h1_djr	esm2_650m_cosine	controlled_primary	3	4	0.9990	0.94153225806451601	0.80869565217391304	0.99819494584837543	CALIBRATION_NONZERO_FP_ROW_RESOLVABLE	RESOLUTION_LIMITED_SECONDARY
h1_djr	esm2_650m_cosine	controlled_primary	4	5	0.9900	0.9218559218559218	0.92105263157894735	0.98447389046732636	CALIBRATION_NONZERO_FP_ROW_RESOLVABLE	SECONDARY
h1_djr	esm2_650m_cosine	controlled_primary	4	5	0.9950	0.90903540903540891	0.88596491228070173	0.99179321380751773	CALIBRATION_NONZERO_FP_ROW_RESOLVABLE	PRIMARY
h1_djr	esm2_650m_cosine	controlled_primary	4	5	0.9990	0.89560439560439564	0.84210526315789469	0.99637830247215964	CALIBRATION_NONZERO_FP_ROW_RESOLVABLE	RESOLUTION_LIMITED_SECONDARY
h1_djr	esm2_650m_cosine	controlled_primary	5	1	0.9900	0.88894261766602189	0.86725663716814161	0.99232385790789934	CALIBRATION_NONZERO_FP_ROW_RESOLVABLE	SECONDARY
h1_djr	esm2_650m_cosine	controlled_primary	5	1	0.9950	0.86411992263056081	0.84070796460176989	0.99637633718722585	CALIBRATION_NONZERO_FP_ROW_RESOLVABLE	PRIMARY
h1_djr	esm2_650m_cosine	controlled_primary	5	1	0.9990	0.81673114119922641	0.76106194690265483	0.99914236706689541	CALIBRATION_NONZERO_FP_ROW_RESOLVABLE	RESOLUTION_LIMITED_SECONDARY
h1_djr	esmc6b_cosine	controlled_primary	1	2	0.9900	0.7873860182370821	0.7807017543859649	0.98342541436464093	CALIBRATION_NONZERO_FP_ROW_RESOLVABLE	SECONDARY
h1_djr	esmc6b_cosine	controlled_primary	1	2	0.9950	0.76079027355623108	0.75438596491228072	0.98756906077348061	CALIBRATION_NONZERO_FP_ROW_RESOLVABLE	PRIMARY
h1_djr	esmc6b_cosine	controlled_primary	1	2	0.9990	0.64224924012158058	0.64912280701754388	0.99171270718232041	CALIBRATION_NONZERO_FP_ROW_RESOLVABLE	RESOLUTION_LIMITED_SECONDARY
h1_djr	esmc6b_cosine	controlled_primary	2	3	0.9900	0.59112718964204103	0.6292134831460674	0.99344912031964938	CALIBRATION_NONZERO_FP_ROW_RESOLVABLE	SECONDARY
h1_djr	esmc6b_cosine	controlled_primary	2	3	0.9950	0.55990099009900995	0.601123595505618	0.99344912031964938	CALIBRATION_NONZERO_FP_ROW_RESOLVABLE	PRIMARY
h1_djr	esmc6b_cosine	controlled_primary	2	3	0.9990	0.47745620715917741	0.5	0.99904942965779464	CALIBRATION_NONZERO_FP_ROW_RESOLVABLE	RESOLUTION_LIMITED_SECONDARY
h1_djr	esmc6b_cosine	controlled_primary	3	4	0.9900	0.89213709677419351	0.85217391304347823	0.98556603651514563	CALIBRATION_NONZERO_FP_ROW_RESOLVABLE	SECONDARY
h1_djr	esmc6b_cosine	controlled_primary	3	4	0.9950	0.8911290322580645	0.82608695652173914	0.99548736462093868	CALIBRATION_NONZERO_FP_ROW_RESOLVABLE	PRIMARY
h1_djr	esmc6b_cosine	controlled_primary	3	4	0.9990	0.885752688172043	0.68695652173913047	0.99819494584837543	CALIBRATION_NONZERO_FP_ROW_RESOLVABLE	RESOLUTION_LIMITED_SECONDARY
h1_djr	esmc6b_cosine	controlled_primary	4	5	0.9900	0.79975579975579969	0.80701754385964908	0.99325626204238926	CALIBRATION_NONZERO_FP_ROW_RESOLVABLE	SECONDARY
h1_djr	esmc6b_cosine	controlled_primary	4	5	0.9950	0.78510378510378498	0.74561403508771928	0.99710982658959535	CALIBRATION_NONZERO_FP_ROW_RESOLVABLE	PRIMARY
h1_djr	esmc6b_cosine	controlled_primary	4	5	0.9990	0.7289377289377289	0.68421052631578949	0.9980732177263969	CALIBRATION_NONZERO_FP_ROW_RESOLVABLE	RESOLUTION_LIMITED_SECONDARY
h1_djr	esmc6b_cosine	controlled_primary	5	1	0.9900	0.77143778207607994	0.7168141592920354	0.99255954329409612	CALIBRATION_NONZERO_FP_ROW_RESOLVABLE	SECONDARY
h1_djr	esmc6b_cosine	controlled_primary	5	1	0.9950	0.6728723404255319	0.59292035398230092	0.99914236706689541	CALIBRATION_NONZERO_FP_ROW_RESOLVABLE	PRIMARY
h1_djr	esmc6b_cosine	controlled_primary	5	1	0.9990	0.61702127659574468	0.53982300884955747	0.99914236706689541	CALIBRATION_NONZERO_FP_ROW_RESOLVABLE	RESOLUTION_LIMITED_SECONDARY
h1_djr	esmc6b_supervised	operational_descriptive	1	2	0.9900	0.98936170212765961	0.99122807017543857	0.98627743765865317	CALIBRATION_NONZERO_FP_ROW_RESOLVABLE	SECONDARY
h1_djr	esmc6b_supervised	operational_descriptive	1	2	0.9950	0.98936170212765961	0.99122807017543857	0.99180229953710619	CALIBRATION_NONZERO_FP_ROW_RESOLVABLE	PRIMARY
h1_djr	esmc6b_supervised	operational_descriptive	1	2	0.9990	0.97872340425531912	0.98245614035087714	1	CALIBRATION_NONZERO_FP_ROW_RESOLVABLE	RESOLUTION_LIMITED_SECONDARY
h1_djr	esmc6b_supervised	operational_descriptive	2	3	0.9900	0.98461538461538467	0.9943820224719101	0.99809885931558939	CALIBRATION_NONZERO_FP_ROW_RESOLVABLE	SECONDARY
h1_djr	esmc6b_supervised	operational_descriptive	2	3	0.9950	0.89230769230769236	0.9606741573033708	0.99809885931558939	CALIBRATION_NONZERO_FP_ROW_RESOLVABLE	PRIMARY
h1_djr	esmc6b_supervised	operational_descriptive	2	3	0.9990	0.62307692307692308	0.8539325842696629	0.99904942965779464	CALIBRATION_NONZERO_FP_ROW_RESOLVABLE	RESOLUTION_LIMITED_SECONDARY
h1_djr	esmc6b_supervised	operational_descriptive	3	4	0.9900	1	1	0.98622810536167937	CALIBRATION_NONZERO_FP_ROW_RESOLVABLE	SECONDARY
h1_djr	esmc6b_supervised	operational_descriptive	3	4	0.9950	1	1	0.99281213203421192	CALIBRATION_NONZERO_FP_ROW_RESOLVABLE	PRIMARY
h1_djr	esmc6b_supervised	operational_descriptive	3	4	0.9990	0.99966397849462363	0.99130434782608701	0.99550030407722268	CALIBRATION_NONZERO_FP_ROW_RESOLVABLE	RESOLUTION_LIMITED_SECONDARY
h1_djr	esmc6b_supervised	operational_descriptive	4	5	0.9900	1	1	0.98901897390679594	CALIBRATION_NONZERO_FP_ROW_RESOLVABLE	SECONDARY
h1_djr	esmc6b_supervised	operational_descriptive	4	5	0.9950	1	1	0.99541491133535809	CALIBRATION_NONZERO_FP_ROW_RESOLVABLE	PRIMARY
h1_djr	esmc6b_supervised	operational_descriptive	4	5	0.9990	0.98901098901098905	0.99122807017543857	0.99818915123607976	CALIBRATION_NONZERO_FP_ROW_RESOLVABLE	RESOLUTION_LIMITED_SECONDARY
h1_djr	esmc6b_supervised	operational_descriptive	5	1	0.9900	1	1	0.9829324499495895	CALIBRATION_NONZERO_FP_ROW_RESOLVABLE	SECONDARY
h1_djr	esmc6b_supervised	operational_descriptive	5	1	0.9950	0.99468085106382975	0.99115044247787609	0.99094084296806462	CALIBRATION_NONZERO_FP_ROW_RESOLVABLE	PRIMARY
h1_djr	esmc6b_supervised	operational_descriptive	5	1	0.9990	0.98404255319148937	0.98230088495575218	0.99828473413379071	CALIBRATION_NONZERO_FP_ROW_RESOLVABLE	RESOLUTION_LIMITED_SECONDARY
h1_djr	hmmer_component	controlled_primary	1	2	0.9900	0.92553191489361697	0.92105263157894735	0.98636405965759022	CALIBRATION_NONZERO_FP_ROW_RESOLVABLE	SECONDARY
h1_djr	hmmer_component	controlled_primary	1	2	0.9950	0.91489361702127658	0.91228070175438591	0.99318351500671942	CALIBRATION_NONZERO_FP_ROW_RESOLVABLE	PRIMARY
h1_djr	hmmer_component	controlled_primary	1	2	0.9990	0.86170212765957444	0.86842105263157898	0.99726743317903543	CALIBRATION_NONZERO_FP_ROW_RESOLVABLE	RESOLUTION_LIMITED_SECONDARY
h1_djr	hmmer_component	controlled_primary	2	3	0.9900	0.96153846153846156	0.9831460674157303	0.98662638826233595	CALIBRATION_NONZERO_FP_ROW_RESOLVABLE	SECONDARY
h1_djr	hmmer_component	controlled_primary	2	3	0.9950	0.92307692307692313	0.9662921348314607	0.99518431397821749	CALIBRATION_NONZERO_FP_ROW_RESOLVABLE	PRIMARY
h1_djr	hmmer_component	controlled_primary	2	3	0.9990	0.81492764661081496	0.9101123595505618	0.99915254237288131	CALIBRATION_NONZERO_FP_ROW_RESOLVABLE	RESOLUTION_LIMITED_SECONDARY
h1_djr	hmmer_component	controlled_primary	3	4	0.9900	0.89583333333333337	0.95652173913043481	0.99102001733887146	CALIBRATION_NONZERO_FP_ROW_RESOLVABLE	SECONDARY
h1_djr	hmmer_component	controlled_primary	3	4	0.9950	0.83333333333333337	0.93043478260869561	0.99371465911002421	CALIBRATION_NONZERO_FP_ROW_RESOLVABLE	PRIMARY
h1_djr	hmmer_component	controlled_primary	3	4	0.9990	0.75	0.89565217391304353	0.99700667244629049	CALIBRATION_NONZERO_FP_ROW_RESOLVABLE	RESOLUTION_LIMITED_SECONDARY
h1_djr	hmmer_component	controlled_primary	4	5	0.9900	0.95604395604395609	0.96491228070175439	0.99628903911259159	CALIBRATION_NONZERO_FP_ROW_RESOLVABLE	SECONDARY
h1_djr	hmmer_component	controlled_primary	4	5	0.9950	0.91208791208791207	0.92105263157894735	0.99745762711864405	CALIBRATION_NONZERO_FP_ROW_RESOLVABLE	PRIMARY
h1_djr	hmmer_component	controlled_primary	4	5	0.9990	0.66910866910866917	0.69298245614035092	0.99915254237288131	CALIBRATION_NONZERO_FP_ROW_RESOLVABLE	RESOLUTION_LIMITED_SECONDARY
h1_djr	hmmer_component	controlled_primary	5	1	0.9900	0.97872340425531912	0.98230088495575218	0.98922557710185532	CALIBRATION_NONZERO_FP_ROW_RESOLVABLE	SECONDARY
h1_djr	hmmer_component	controlled_primary	5	1	0.9950	0.92456479690522242	0.92920353982300885	0.99456450578083877	CALIBRATION_NONZERO_FP_ROW_RESOLVABLE	PRIMARY
h1_djr	hmmer_component	controlled_primary	5	1	0.9990	0.82422630560928423	0.81415929203539827	0.99742710120068612	CALIBRATION_NONZERO_FP_ROW_RESOLVABLE	RESOLUTION_LIMITED_SECONDARY
h1_djr	hmmer_family	metadata_augmented_secondary	1	2	0.9900	1	1	0.98773652461943318	CALIBRATION_NONZERO_FP_ROW_RESOLVABLE	SECONDARY
h1_djr	hmmer_family	metadata_augmented_secondary	1	2	0.9950	1	1	0.99727650480635688	CALIBRATION_NONZERO_FP_ROW_RESOLVABLE	PRIMARY
h1_djr	hmmer_family	metadata_augmented_secondary	1	2	0.9990	1	1	0.99729729729729732	CALIBRATION_NONZERO_FP_ROW_RESOLVABLE	RESOLUTION_LIMITED_SECONDARY
h1_djr	hmmer_family	metadata_augmented_secondary	2	3	0.9900	1	1	0.9883643745569376	CALIBRATION_NONZERO_FP_ROW_RESOLVABLE	SECONDARY
h1_djr	hmmer_family	metadata_augmented_secondary	2	3	0.9950	1	1	0.9937584584649094	CALIBRATION_NONZERO_FP_ROW_RESOLVABLE	PRIMARY
h1_djr	hmmer_family	metadata_augmented_secondary	2	3	0.9990	0.98461538461538467	0.9943820224719101	0.99640394406135202	CALIBRATION_NONZERO_FP_ROW_RESOLVABLE	RESOLUTION_LIMITED_SECONDARY
h1_djr	hmmer_family	metadata_augmented_secondary	3	4	0.9900	1	1	0.98801375032887784	CALIBRATION_NONZERO_FP_ROW_RESOLVABLE	SECONDARY
h1_djr	hmmer_family	metadata_augmented_secondary	3	4	0.9950	1	1	0.99145510655642255	CALIBRATION_NONZERO_FP_ROW_RESOLVABLE	PRIMARY
h1_djr	hmmer_family	metadata_augmented_secondary	3	4	0.9990	1	1	0.99820788530465954	CALIBRATION_NONZERO_FP_ROW_RESOLVABLE	RESOLUTION_LIMITED_SECONDARY
h1_djr	hmmer_family	metadata_augmented_secondary	4	5	0.9900	0.98901098901098905	0.99122807017543857	0.99009829855328046	CALIBRATION_NONZERO_FP_ROW_RESOLVABLE	SECONDARY
h1_djr	hmmer_family	metadata_augmented_secondary	4	5	0.9950	0.98901098901098905	0.99122807017543857	0.99360406257143785	CALIBRATION_NONZERO_FP_ROW_RESOLVABLE	PRIMARY
h1_djr	hmmer_family	metadata_augmented_secondary	4	5	0.9990	0.98901098901098905	0.99122807017543857	0.99818915123607976	CALIBRATION_NONZERO_FP_ROW_RESOLVABLE	RESOLUTION_LIMITED_SECONDARY
h1_djr	hmmer_family	metadata_augmented_secondary	5	1	0.9900	0.98936170212765961	0.99115044247787609	0.99012958331696632	CALIBRATION_NONZERO_FP_ROW_RESOLVABLE	SECONDARY
h1_djr	hmmer_family	metadata_augmented_secondary	5	1	0.9950	0.98936170212765961	0.99115044247787609	0.99222729236772156	CALIBRATION_NONZERO_FP_ROW_RESOLVABLE	PRIMARY
h1_djr	hmmer_family	metadata_augmented_secondary	5	1	0.9990	0.97872340425531912	0.98230088495575218	0.99809160305343514	CALIBRATION_NONZERO_FP_ROW_RESOLVABLE	RESOLUTION_LIMITED_SECONDARY
h1_djr	mmseqs_s7.5	controlled_primary	1	2	0.9900	0.92553191489361697	0.92105263157894735	0.99041811371164423	CALIBRATION_NONZERO_FP_ROW_RESOLVABLE	SECONDARY
h1_djr	mmseqs_s7.5	controlled_primary	1	2	0.9950	0.91489361702127658	0.91228070175438591	0.99042108406749296	CALIBRATION_NONZERO_FP_ROW_RESOLVABLE	PRIMARY
h1_djr	mmseqs_s7.5	controlled_primary	1	2	0.9990	0.82978723404255317	0.84210526315789469	0.99726743317903543	CALIBRATION_NONZERO_FP_ROW_RESOLVABLE	RESOLUTION_LIMITED_SECONDARY
h1_djr	mmseqs_s7.5	controlled_primary	2	3	0.9900	0.93846153846153846	0.9719101123595506	0.99140888487894996	CALIBRATION_NONZERO_FP_ROW_RESOLVABLE	SECONDARY
h1_djr	mmseqs_s7.5	controlled_primary	2	3	0.9950	0.92307692307692313	0.9662921348314607	0.99490182810251127	CALIBRATION_NONZERO_FP_ROW_RESOLVABLE	PRIMARY
h1_djr	mmseqs_s7.5	controlled_primary	2	3	0.9990	0.73226707286113224	0.8539325842696629	0.99872881355932208	CALIBRATION_NONZERO_FP_ROW_RESOLVABLE	RESOLUTION_LIMITED_SECONDARY
h1_djr	mmseqs_s7.5	controlled_primary	3	4	0.9900	0.85416666666666663	0.93913043478260871	0.98833184529586071	CALIBRATION_NONZERO_FP_ROW_RESOLVABLE	SECONDARY
h1_djr	mmseqs_s7.5	controlled_primary	3	4	0.9950	0.8125	0.92173913043478262	0.99311728754491069	CALIBRATION_NONZERO_FP_ROW_RESOLVABLE	PRIMARY
h1_djr	mmseqs_s7.5	controlled_primary	3	4	0.9990	0.6875	0.86956521739130432	0.9961106150986202	CALIBRATION_NONZERO_FP_ROW_RESOLVABLE	RESOLUTION_LIMITED_SECONDARY
h1_djr	mmseqs_s7.5	controlled_primary	4	5	0.9900	0.9505494505494505	0.95614035087719296	0.99479932072760524	CALIBRATION_NONZERO_FP_ROW_RESOLVABLE	SECONDARY
h1_djr	mmseqs_s7.5	controlled_primary	4	5	0.9950	0.90109890109890112	0.91228070175438591	0.99745762711864405	CALIBRATION_NONZERO_FP_ROW_RESOLVABLE	PRIMARY
h1_djr	mmseqs_s7.5	controlled_primary	4	5	0.9990	0.66971916971916978	0.70175438596491224	1	CALIBRATION_NONZERO_FP_ROW_RESOLVABLE	RESOLUTION_LIMITED_SECONDARY
h1_djr	mmseqs_s7.5	controlled_primary	5	1	0.9900	0.96808510638297873	0.97345132743362828	0.98912901156167754	CALIBRATION_NONZERO_FP_ROW_RESOLVABLE	SECONDARY
h1_djr	mmseqs_s7.5	controlled_primary	5	1	0.9950	0.85106382978723405	0.8584070796460177	0.99361030730755628	CALIBRATION_NONZERO_FP_ROW_RESOLVABLE	PRIMARY
h1_djr	mmseqs_s7.5	controlled_primary	5	1	0.9990	0.79497098646034803	0.76991150442477874	0.99818816859361292	CALIBRATION_NONZERO_FP_ROW_RESOLVABLE	RESOLUTION_LIMITED_SECONDARY
h1_djr	psiblast_longest_seed_positiveDB_3iter	resource_augmented_secondary	1	2	0.9900	0.98936170212765961	0.99122807017543857	0.98906676236029289	CALIBRATION_NONZERO_FP_ROW_RESOLVABLE	SECONDARY
h1_djr	psiblast_longest_seed_positiveDB_3iter	resource_augmented_secondary	1	2	0.9950	0.98936170212765961	0.99122807017543857	0.99042108406749296	CALIBRATION_NONZERO_FP_ROW_RESOLVABLE	PRIMARY
h1_djr	psiblast_longest_seed_positiveDB_3iter	resource_augmented_secondary	1	2	0.9990	0.93617021276595747	0.94736842105263153	0.99726743317903543	CALIBRATION_NONZERO_FP_ROW_RESOLVABLE	RESOLUTION_LIMITED_SECONDARY
h1_djr	psiblast_longest_seed_positiveDB_3iter	resource_augmented_secondary	2	3	0.9900	0.96923076923076923	0.9887640449438202	0.98791594165538876	CALIBRATION_NONZERO_FP_ROW_RESOLVABLE	SECONDARY
h1_djr	psiblast_longest_seed_positiveDB_3iter	resource_augmented_secondary	2	3	0.9950	0.96923076923076923	0.9887640449438202	0.99518431397821749	CALIBRATION_NONZERO_FP_ROW_RESOLVABLE	PRIMARY
h1_djr	psiblast_longest_seed_positiveDB_3iter	resource_augmented_secondary	2	3	0.9990	0.90769230769230769	0.9606741573033708	0.99872881355932208	CALIBRATION_NONZERO_FP_ROW_RESOLVABLE	RESOLUTION_LIMITED_SECONDARY
h1_djr	psiblast_longest_seed_positiveDB_3iter	resource_augmented_secondary	3	4	0.9900	0.91666666666666663	0.9652173913043478	0.99192254441468375	CALIBRATION_NONZERO_FP_ROW_RESOLVABLE	SECONDARY
h1_djr	psiblast_longest_seed_positiveDB_3iter	resource_augmented_secondary	3	4	0.9950	0.89583333333333337	0.95652173913043481	0.99401334489258097	CALIBRATION_NONZERO_FP_ROW_RESOLVABLE	PRIMARY
h1_djr	psiblast_longest_seed_positiveDB_3iter	resource_augmented_secondary	3	4	0.9990	0.875	0.94782608695652171	0.99700667244629049	CALIBRATION_NONZERO_FP_ROW_RESOLVABLE	RESOLUTION_LIMITED_SECONDARY
h1_djr	psiblast_longest_seed_positiveDB_3iter	resource_augmented_secondary	4	5	0.9900	0.96703296703296704	0.97368421052631582	0.99479932072760524	CALIBRATION_NONZERO_FP_ROW_RESOLVABLE	SECONDARY
h1_djr	psiblast_longest_seed_positiveDB_3iter	resource_augmented_secondary	4	5	0.9950	0.95604395604395609	0.96491228070175439	0.99745762711864405	CALIBRATION_NONZERO_FP_ROW_RESOLVABLE	PRIMARY
h1_djr	psiblast_longest_seed_positiveDB_3iter	resource_augmented_secondary	4	5	0.9990	0.82967032967032972	0.85087719298245612	1	CALIBRATION_NONZERO_FP_ROW_RESOLVABLE	RESOLUTION_LIMITED_SECONDARY
h1_djr	psiblast_longest_seed_positiveDB_3iter	resource_augmented_secondary	5	1	0.9900	0.97872340425531912	0.98230088495575218	0.99094084296806462	CALIBRATION_NONZERO_FP_ROW_RESOLVABLE	SECONDARY
h1_djr	psiblast_longest_seed_positiveDB_3iter	resource_augmented_secondary	5	1	0.9950	0.93617021276595747	0.94690265486725667	0.99361030730755628	CALIBRATION_NONZERO_FP_ROW_RESOLVABLE	PRIMARY
h1_djr	psiblast_longest_seed_positiveDB_3iter	resource_augmented_secondary	5	1	0.9990	0.92456479690522242	0.92920353982300885	0.99818816859361292	CALIBRATION_NONZERO_FP_ROW_RESOLVABLE	RESOLUTION_LIMITED_SECONDARY
h2_vma_conditional	blastp	controlled_primary	1	2	0.9900	0.97872340425531912	0.98181818181818181	0.97872340425531912	CALIBRATION_NONZERO_FP_ROW_RESOLVABLE	SECONDARY
h2_vma_conditional	blastp	controlled_primary	1	2	0.9950	0.97872340425531912	0.98181818181818181	0.97872340425531912	CALIBRATION_NONZERO_FP_ROW_RESOLVABLE	PRIMARY
h2_vma_conditional	blastp	controlled_primary	1	2	0.9990	0.97872340425531912	0.98181818181818181	0.97872340425531912	CALIBRATION_ZERO_FP_ROW_RESOLUTION_LIMITED	RESOLUTION_LIMITED_SECONDARY
h2_vma_conditional	blastp	controlled_primary	2	3	0.9900	0.88888888888888884	0.98319327731092432	0.97606382978723405	CALIBRATION_RESOLUTION_LIMITED_SINGLE_COMPONENT_ZERO_FP	SECONDARY
h2_vma_conditional	blastp	controlled_primary	2	3	0.9950	0.88888888888888884	0.98319327731092432	0.97606382978723405	CALIBRATION_RESOLUTION_LIMITED_SINGLE_COMPONENT_ZERO_FP	PRIMARY
h2_vma_conditional	blastp	controlled_primary	2	3	0.9990	0.88888888888888884	0.98319327731092432	0.97606382978723405	CALIBRATION_RESOLUTION_LIMITED_SINGLE_COMPONENT_ZERO_FP	RESOLUTION_LIMITED_SECONDARY
h2_vma_conditional	blastp	controlled_primary	3	4	0.9900	0.95744680851063835	0.96226415094339623	0.9838709677419355	CALIBRATION_NONZERO_FP_ROW_RESOLVABLE	SECONDARY
h2_vma_conditional	blastp	controlled_primary	3	4	0.9950	0.95744680851063835	0.96226415094339623	0.9838709677419355	CALIBRATION_NONZERO_FP_ROW_RESOLVABLE	PRIMARY
h2_vma_conditional	blastp	controlled_primary	3	4	0.9990	0.93617021276595747	0.94339622641509435	1	CALIBRATION_ZERO_FP_ROW_RESOLUTION_LIMITED	RESOLUTION_LIMITED_SECONDARY
h2_vma_conditional	blastp	controlled_primary	4	5	0.9900	0.95918367346938771	0.96363636363636362	0.92724867724867721	CALIBRATION_NONZERO_FP_ROW_RESOLVABLE	SECONDARY
h2_vma_conditional	blastp	controlled_primary	4	5	0.9950	0.95918367346938771	0.96363636363636362	0.92724867724867721	CALIBRATION_NONZERO_FP_ROW_RESOLVABLE	PRIMARY
h2_vma_conditional	blastp	controlled_primary	4	5	0.9990	0.95918367346938771	0.96363636363636362	0.92724867724867721	CALIBRATION_ZERO_FP_ROW_RESOLUTION_LIMITED	RESOLUTION_LIMITED_SECONDARY
h2_vma_conditional	blastp	controlled_primary	5	1	0.9900	0.9375	0.94444444444444442	1	CALIBRATION_NONZERO_FP_ROW_RESOLVABLE	SECONDARY
h2_vma_conditional	blastp	controlled_primary	5	1	0.9950	0.9375	0.94444444444444442	1	CALIBRATION_NONZERO_FP_ROW_RESOLVABLE	PRIMARY
h2_vma_conditional	blastp	controlled_primary	5	1	0.9990	0.9375	0.94444444444444442	1	CALIBRATION_ZERO_FP_ROW_RESOLUTION_LIMITED	RESOLUTION_LIMITED_SECONDARY
h2_vma_conditional	diamond_ultra	controlled_primary	1	2	0.9900	0.95744680851063835	0.96363636363636362	0.97872340425531912	CALIBRATION_NONZERO_FP_ROW_RESOLVABLE	SECONDARY
h2_vma_conditional	diamond_ultra	controlled_primary	1	2	0.9950	0.95744680851063835	0.96363636363636362	0.97872340425531912	CALIBRATION_NONZERO_FP_ROW_RESOLVABLE	PRIMARY
h2_vma_conditional	diamond_ultra	controlled_primary	1	2	0.9990	0.95744680851063835	0.96363636363636362	0.97872340425531912	CALIBRATION_ZERO_FP_ROW_RESOLUTION_LIMITED	RESOLUTION_LIMITED_SECONDARY
h2_vma_conditional	diamond_ultra	controlled_primary	2	3	0.9900	0.88888888888888884	0.98319327731092432	1	CALIBRATION_RESOLUTION_LIMITED_SINGLE_COMPONENT_ZERO_FP	SECONDARY
h2_vma_conditional	diamond_ultra	controlled_primary	2	3	0.9950	0.88888888888888884	0.98319327731092432	1	CALIBRATION_RESOLUTION_LIMITED_SINGLE_COMPONENT_ZERO_FP	PRIMARY
h2_vma_conditional	diamond_ultra	controlled_primary	2	3	0.9990	0.88888888888888884	0.98319327731092432	1	CALIBRATION_RESOLUTION_LIMITED_SINGLE_COMPONENT_ZERO_FP	RESOLUTION_LIMITED_SECONDARY
h2_vma_conditional	diamond_ultra	controlled_primary	3	4	0.9900	0.91489361702127658	0.92452830188679247	0.9838709677419355	CALIBRATION_NONZERO_FP_ROW_RESOLVABLE	SECONDARY
h2_vma_conditional	diamond_ultra	controlled_primary	3	4	0.9950	0.91489361702127658	0.92452830188679247	0.9838709677419355	CALIBRATION_NONZERO_FP_ROW_RESOLVABLE	PRIMARY
h2_vma_conditional	diamond_ultra	controlled_primary	3	4	0.9990	0.91489361702127658	0.92452830188679247	0.9838709677419355	CALIBRATION_ZERO_FP_ROW_RESOLUTION_LIMITED	RESOLUTION_LIMITED_SECONDARY
h2_vma_conditional	diamond_ultra	controlled_primary	4	5	0.9900	0.93877551020408168	0.94545454545454544	0.97619047619047616	CALIBRATION_NONZERO_FP_ROW_RESOLVABLE	SECONDARY
h2_vma_conditional	diamond_ultra	controlled_primary	4	5	0.9950	0.93877551020408168	0.94545454545454544	0.97619047619047616	CALIBRATION_NONZERO_FP_ROW_RESOLVABLE	PRIMARY
h2_vma_conditional	diamond_ultra	controlled_primary	4	5	0.9990	0.93877551020408168	0.94545454545454544	0.97619047619047616	CALIBRATION_ZERO_FP_ROW_RESOLUTION_LIMITED	RESOLUTION_LIMITED_SECONDARY
h2_vma_conditional	diamond_ultra	controlled_primary	5	1	0.9900	0.95833333333333337	0.96296296296296291	1	CALIBRATION_NONZERO_FP_ROW_RESOLVABLE	SECONDARY
h2_vma_conditional	diamond_ultra	controlled_primary	5	1	0.9950	0.95833333333333337	0.96296296296296291	1	CALIBRATION_NONZERO_FP_ROW_RESOLVABLE	PRIMARY
h2_vma_conditional	diamond_ultra	controlled_primary	5	1	0.9990	0.95833333333333337	0.96296296296296291	1	CALIBRATION_ZERO_FP_ROW_RESOLUTION_LIMITED	RESOLUTION_LIMITED_SECONDARY
h2_vma_conditional	esm2_650m_cosine	controlled_primary	1	2	0.9900	1	1	1	CALIBRATION_NONZERO_FP_ROW_RESOLVABLE	SECONDARY
h2_vma_conditional	esm2_650m_cosine	controlled_primary	1	2	0.9950	1	1	1	CALIBRATION_NONZERO_FP_ROW_RESOLVABLE	PRIMARY
h2_vma_conditional	esm2_650m_cosine	controlled_primary	1	2	0.9990	1	1	1	CALIBRATION_ZERO_FP_ROW_RESOLUTION_LIMITED	RESOLUTION_LIMITED_SECONDARY
h2_vma_conditional	esm2_650m_cosine	controlled_primary	2	3	0.9900	0.99889988998899881	0.98319327731092432	0.72783687943262421	CALIBRATION_RESOLUTION_LIMITED_SINGLE_COMPONENT_ZERO_FP	SECONDARY
h2_vma_conditional	esm2_650m_cosine	controlled_primary	2	3	0.9950	0.99889988998899881	0.98319327731092432	0.72783687943262421	CALIBRATION_RESOLUTION_LIMITED_SINGLE_COMPONENT_ZERO_FP	PRIMARY
h2_vma_conditional	esm2_650m_cosine	controlled_primary	2	3	0.9990	0.99889988998899881	0.98319327731092432	0.72783687943262421	CALIBRATION_RESOLUTION_LIMITED_SINGLE_COMPONENT_ZERO_FP	RESOLUTION_LIMITED_SECONDARY
h2_vma_conditional	esm2_650m_cosine	controlled_primary	3	4	0.9900	0.98936170212765961	0.98113207547169812	1	CALIBRATION_NONZERO_FP_ROW_RESOLVABLE	SECONDARY
h2_vma_conditional	esm2_650m_cosine	controlled_primary	3	4	0.9950	0.98936170212765961	0.98113207547169812	1	CALIBRATION_NONZERO_FP_ROW_RESOLVABLE	PRIMARY
h2_vma_conditional	esm2_650m_cosine	controlled_primary	3	4	0.9990	0.98936170212765961	0.98113207547169812	1	CALIBRATION_ZERO_FP_ROW_RESOLUTION_LIMITED	RESOLUTION_LIMITED_SECONDARY
h2_vma_conditional	esm2_650m_cosine	controlled_primary	4	5	0.9900	1	1	0.95238095238095233	CALIBRATION_NONZERO_FP_ROW_RESOLVABLE	SECONDARY
h2_vma_conditional	esm2_650m_cosine	controlled_primary	4	5	0.9950	1	1	0.95238095238095233	CALIBRATION_NONZERO_FP_ROW_RESOLVABLE	PRIMARY
h2_vma_conditional	esm2_650m_cosine	controlled_primary	4	5	0.9990	1	1	0.95238095238095233	CALIBRATION_ZERO_FP_ROW_RESOLUTION_LIMITED	RESOLUTION_LIMITED_SECONDARY
h2_vma_conditional	esm2_650m_cosine	controlled_primary	5	1	0.9900	1	1	1	CALIBRATION_NONZERO_FP_ROW_RESOLVABLE	SECONDARY
h2_vma_conditional	esm2_650m_cosine	controlled_primary	5	1	0.9950	1	1	1	CALIBRATION_NONZERO_FP_ROW_RESOLVABLE	PRIMARY
h2_vma_conditional	esm2_650m_cosine	controlled_primary	5	1	0.9990	1	1	1	CALIBRATION_ZERO_FP_ROW_RESOLUTION_LIMITED	RESOLUTION_LIMITED_SECONDARY
h2_vma_conditional	esmc6b_cosine	controlled_primary	1	2	0.9900	0.92553191489361697	0.92727272727272725	1	CALIBRATION_NONZERO_FP_ROW_RESOLVABLE	SECONDARY
h2_vma_conditional	esmc6b_cosine	controlled_primary	1	2	0.9950	0.92553191489361697	0.92727272727272725	1	CALIBRATION_NONZERO_FP_ROW_RESOLVABLE	PRIMARY
h2_vma_conditional	esmc6b_cosine	controlled_primary	1	2	0.9990	0.92553191489361697	0.92727272727272725	1	CALIBRATION_ZERO_FP_ROW_RESOLUTION_LIMITED	RESOLUTION_LIMITED_SECONDARY
h2_vma_conditional	esmc6b_cosine	controlled_primary	2	3	0.9900	0.87403740374037397	0.75630252100840334	0.93617021276595747	CALIBRATION_RESOLUTION_LIMITED_SINGLE_COMPONENT_ZERO_FP	SECONDARY
h2_vma_conditional	esmc6b_cosine	controlled_primary	2	3	0.9950	0.87403740374037397	0.75630252100840334	0.93617021276595747	CALIBRATION_RESOLUTION_LIMITED_SINGLE_COMPONENT_ZERO_FP	PRIMARY
h2_vma_conditional	esmc6b_cosine	controlled_primary	2	3	0.9990	0.87403740374037397	0.75630252100840334	0.93617021276595747	CALIBRATION_RESOLUTION_LIMITED_SINGLE_COMPONENT_ZERO_FP	RESOLUTION_LIMITED_SECONDARY
h2_vma_conditional	esmc6b_cosine	controlled_primary	3	4	0.9900	0.91489361702127658	0.90566037735849059	1	CALIBRATION_NONZERO_FP_ROW_RESOLVABLE	SECONDARY
h2_vma_conditional	esmc6b_cosine	controlled_primary	3	4	0.9950	0.91489361702127658	0.90566037735849059	1	CALIBRATION_NONZERO_FP_ROW_RESOLVABLE	PRIMARY
h2_vma_conditional	esmc6b_cosine	controlled_primary	3	4	0.9990	0.91489361702127658	0.90566037735849059	1	CALIBRATION_ZERO_FP_ROW_RESOLUTION_LIMITED	RESOLUTION_LIMITED_SECONDARY
h2_vma_conditional	esmc6b_cosine	controlled_primary	4	5	0.9900	0.95918367346938771	0.96363636363636362	0.97619047619047616	CALIBRATION_NONZERO_FP_ROW_RESOLVABLE	SECONDARY
h2_vma_conditional	esmc6b_cosine	controlled_primary	4	5	0.9950	0.95918367346938771	0.96363636363636362	0.97619047619047616	CALIBRATION_NONZERO_FP_ROW_RESOLVABLE	PRIMARY
h2_vma_conditional	esmc6b_cosine	controlled_primary	4	5	0.9990	0.95918367346938771	0.96363636363636362	0.97619047619047616	CALIBRATION_ZERO_FP_ROW_RESOLUTION_LIMITED	RESOLUTION_LIMITED_SECONDARY
h2_vma_conditional	esmc6b_cosine	controlled_primary	5	1	0.9900	0.97916666666666663	0.98148148148148151	0.93478260869565222	CALIBRATION_NONZERO_FP_ROW_RESOLVABLE	SECONDARY
h2_vma_conditional	esmc6b_cosine	controlled_primary	5	1	0.9950	0.97916666666666663	0.98148148148148151	0.93478260869565222	CALIBRATION_NONZERO_FP_ROW_RESOLVABLE	PRIMARY
h2_vma_conditional	esmc6b_cosine	controlled_primary	5	1	0.9990	0.97916666666666663	0.98148148148148151	0.93478260869565222	CALIBRATION_ZERO_FP_ROW_RESOLUTION_LIMITED	RESOLUTION_LIMITED_SECONDARY
h2_vma_conditional	esmc6b_supervised	operational_descriptive	1	2	0.9900	1	1	1	CALIBRATION_NONZERO_FP_ROW_RESOLVABLE	SECONDARY
h2_vma_conditional	esmc6b_supervised	operational_descriptive	1	2	0.9950	1	1	1	CALIBRATION_NONZERO_FP_ROW_RESOLVABLE	PRIMARY
h2_vma_conditional	esmc6b_supervised	operational_descriptive	1	2	0.9990	1	1	1	CALIBRATION_ZERO_FP_ROW_RESOLUTION_LIMITED	RESOLUTION_LIMITED_SECONDARY
h2_vma_conditional	esmc6b_supervised	operational_descriptive	2	3	0.9900	1	1	0.85992907801418439	CALIBRATION_RESOLUTION_LIMITED_SINGLE_COMPONENT_ZERO_FP	SECONDARY
h2_vma_conditional	esmc6b_supervised	operational_descriptive	2	3	0.9950	1	1	0.85992907801418439	CALIBRATION_RESOLUTION_LIMITED_SINGLE_COMPONENT_ZERO_FP	PRIMARY
h2_vma_conditional	esmc6b_supervised	operational_descriptive	2	3	0.9990	1	1	0.85992907801418439	CALIBRATION_RESOLUTION_LIMITED_SINGLE_COMPONENT_ZERO_FP	RESOLUTION_LIMITED_SECONDARY
h2_vma_conditional	esmc6b_supervised	operational_descriptive	3	4	0.9900	1	1	1	CALIBRATION_NONZERO_FP_ROW_RESOLVABLE	SECONDARY
h2_vma_conditional	esmc6b_supervised	operational_descriptive	3	4	0.9950	1	1	1	CALIBRATION_NONZERO_FP_ROW_RESOLVABLE	PRIMARY
h2_vma_conditional	esmc6b_supervised	operational_descriptive	3	4	0.9990	1	1	1	CALIBRATION_ZERO_FP_ROW_RESOLUTION_LIMITED	RESOLUTION_LIMITED_SECONDARY
h2_vma_conditional	esmc6b_supervised	operational_descriptive	4	5	0.9900	1	1	0.95238095238095233	CALIBRATION_NONZERO_FP_ROW_RESOLVABLE	SECONDARY
h2_vma_conditional	esmc6b_supervised	operational_descriptive	4	5	0.9950	1	1	0.95238095238095233	CALIBRATION_NONZERO_FP_ROW_RESOLVABLE	PRIMARY
h2_vma_conditional	esmc6b_supervised	operational_descriptive	4	5	0.9990	1	1	0.95238095238095233	CALIBRATION_ZERO_FP_ROW_RESOLUTION_LIMITED	RESOLUTION_LIMITED_SECONDARY
h2_vma_conditional	esmc6b_supervised	operational_descriptive	5	1	0.9900	1	1	0.97826086956521741	CALIBRATION_NONZERO_FP_ROW_RESOLVABLE	SECONDARY
h2_vma_conditional	esmc6b_supervised	operational_descriptive	5	1	0.9950	1	1	0.97826086956521741	CALIBRATION_NONZERO_FP_ROW_RESOLVABLE	PRIMARY
h2_vma_conditional	esmc6b_supervised	operational_descriptive	5	1	0.9990	1	1	0.97826086956521741	CALIBRATION_ZERO_FP_ROW_RESOLUTION_LIMITED	RESOLUTION_LIMITED_SECONDARY
h2_vma_conditional	hmmer_component	controlled_primary	1	2	0.9900	0.97872340425531912	0.98181818181818181	0.97872340425531912	CALIBRATION_NONZERO_FP_ROW_RESOLVABLE	SECONDARY
h2_vma_conditional	hmmer_component	controlled_primary	1	2	0.9950	0.97872340425531912	0.98181818181818181	0.97872340425531912	CALIBRATION_NONZERO_FP_ROW_RESOLVABLE	PRIMARY
h2_vma_conditional	hmmer_component	controlled_primary	1	2	0.9990	0.97872340425531912	0.98181818181818181	0.97872340425531912	CALIBRATION_ZERO_FP_ROW_RESOLUTION_LIMITED	RESOLUTION_LIMITED_SECONDARY
h2_vma_conditional	hmmer_component	controlled_primary	2	3	0.9900	0.88888888888888884	0.98319327731092432	1	CALIBRATION_RESOLUTION_LIMITED_SINGLE_COMPONENT_ZERO_FP	SECONDARY
h2_vma_conditional	hmmer_component	controlled_primary	2	3	0.9950	0.88888888888888884	0.98319327731092432	1	CALIBRATION_RESOLUTION_LIMITED_SINGLE_COMPONENT_ZERO_FP	PRIMARY
h2_vma_conditional	hmmer_component	controlled_primary	2	3	0.9990	0.88888888888888884	0.98319327731092432	1	CALIBRATION_RESOLUTION_LIMITED_SINGLE_COMPONENT_ZERO_FP	RESOLUTION_LIMITED_SECONDARY
h2_vma_conditional	hmmer_component	controlled_primary	3	4	0.9900	0.97872340425531912	0.98113207547169812	0.967741935483871	CALIBRATION_NONZERO_FP_ROW_RESOLVABLE	SECONDARY
h2_vma_conditional	hmmer_component	controlled_primary	3	4	0.9950	0.97872340425531912	0.98113207547169812	0.967741935483871	CALIBRATION_NONZERO_FP_ROW_RESOLVABLE	PRIMARY
h2_vma_conditional	hmmer_component	controlled_primary	3	4	0.9990	0.95744680851063835	0.96226415094339623	1	CALIBRATION_ZERO_FP_ROW_RESOLUTION_LIMITED	RESOLUTION_LIMITED_SECONDARY
h2_vma_conditional	hmmer_component	controlled_primary	4	5	0.9900	0.97959183673469385	0.98181818181818181	0.87830687830687837	CALIBRATION_NONZERO_FP_ROW_RESOLVABLE	SECONDARY
h2_vma_conditional	hmmer_component	controlled_primary	4	5	0.9950	0.97959183673469385	0.98181818181818181	0.87830687830687837	CALIBRATION_NONZERO_FP_ROW_RESOLVABLE	PRIMARY
h2_vma_conditional	hmmer_component	controlled_primary	4	5	0.9990	0.97959183673469385	0.98181818181818181	0.87830687830687837	CALIBRATION_ZERO_FP_ROW_RESOLUTION_LIMITED	RESOLUTION_LIMITED_SECONDARY
h2_vma_conditional	hmmer_component	controlled_primary	5	1	0.9900	0.95833333333333337	0.96296296296296291	1	CALIBRATION_NONZERO_FP_ROW_RESOLVABLE	SECONDARY
h2_vma_conditional	hmmer_component	controlled_primary	5	1	0.9950	0.95833333333333337	0.96296296296296291	1	CALIBRATION_NONZERO_FP_ROW_RESOLVABLE	PRIMARY
h2_vma_conditional	hmmer_component	controlled_primary	5	1	0.9990	0.95833333333333337	0.96296296296296291	1	CALIBRATION_ZERO_FP_ROW_RESOLUTION_LIMITED	RESOLUTION_LIMITED_SECONDARY
h2_vma_conditional	hmmer_family	metadata_augmented_secondary	1	2	0.9900	1	1	1	CALIBRATION_NONZERO_FP_ROW_RESOLVABLE	SECONDARY
h2_vma_conditional	hmmer_family	metadata_augmented_secondary	1	2	0.9950	1	1	1	CALIBRATION_NONZERO_FP_ROW_RESOLVABLE	PRIMARY
h2_vma_conditional	hmmer_family	metadata_augmented_secondary	1	2	0.9990	1	1	1	CALIBRATION_ZERO_FP_ROW_RESOLUTION_LIMITED	RESOLUTION_LIMITED_SECONDARY
h2_vma_conditional	hmmer_family	metadata_augmented_secondary	2	3	0.9900	0.94444444444444442	0.99159663865546221	1	CALIBRATION_RESOLUTION_LIMITED_SINGLE_COMPONENT_ZERO_FP	SECONDARY
h2_vma_conditional	hmmer_family	metadata_augmented_secondary	2	3	0.9950	0.94444444444444442	0.99159663865546221	1	CALIBRATION_RESOLUTION_LIMITED_SINGLE_COMPONENT_ZERO_FP	PRIMARY
h2_vma_conditional	hmmer_family	metadata_augmented_secondary	2	3	0.9990	0.94444444444444442	0.99159663865546221	1	CALIBRATION_RESOLUTION_LIMITED_SINGLE_COMPONENT_ZERO_FP	RESOLUTION_LIMITED_SECONDARY
h2_vma_conditional	hmmer_family	metadata_augmented_secondary	3	4	0.9900	1	1	0.9838709677419355	CALIBRATION_NONZERO_FP_ROW_RESOLVABLE	SECONDARY
h2_vma_conditional	hmmer_family	metadata_augmented_secondary	3	4	0.9950	1	1	0.9838709677419355	CALIBRATION_NONZERO_FP_ROW_RESOLVABLE	PRIMARY
h2_vma_conditional	hmmer_family	metadata_augmented_secondary	3	4	0.9990	1	1	0.9838709677419355	CALIBRATION_ZERO_FP_ROW_RESOLUTION_LIMITED	RESOLUTION_LIMITED_SECONDARY
h2_vma_conditional	hmmer_family	metadata_augmented_secondary	4	5	0.9900	0.97959183673469385	0.98181818181818181	0.97619047619047616	CALIBRATION_NONZERO_FP_ROW_RESOLVABLE	SECONDARY
h2_vma_conditional	hmmer_family	metadata_augmented_secondary	4	5	0.9950	0.97959183673469385	0.98181818181818181	0.97619047619047616	CALIBRATION_NONZERO_FP_ROW_RESOLVABLE	PRIMARY
h2_vma_conditional	hmmer_family	metadata_augmented_secondary	4	5	0.9990	0.97959183673469385	0.98181818181818181	0.97619047619047616	CALIBRATION_ZERO_FP_ROW_RESOLUTION_LIMITED	RESOLUTION_LIMITED_SECONDARY
h2_vma_conditional	hmmer_family	metadata_augmented_secondary	5	1	0.9900	0.97916666666666663	0.98148148148148151	1	CALIBRATION_NONZERO_FP_ROW_RESOLVABLE	SECONDARY
h2_vma_conditional	hmmer_family	metadata_augmented_secondary	5	1	0.9950	0.97916666666666663	0.98148148148148151	1	CALIBRATION_NONZERO_FP_ROW_RESOLVABLE	PRIMARY
h2_vma_conditional	hmmer_family	metadata_augmented_secondary	5	1	0.9990	0.97916666666666663	0.98148148148148151	1	CALIBRATION_ZERO_FP_ROW_RESOLUTION_LIMITED	RESOLUTION_LIMITED_SECONDARY
h2_vma_conditional	mmseqs_s7.5	controlled_primary	1	2	0.9900	0.93617021276595747	0.94545454545454544	1	CALIBRATION_NONZERO_FP_ROW_RESOLVABLE	SECONDARY
h2_vma_conditional	mmseqs_s7.5	controlled_primary	1	2	0.9950	0.93617021276595747	0.94545454545454544	1	CALIBRATION_NONZERO_FP_ROW_RESOLVABLE	PRIMARY
h2_vma_conditional	mmseqs_s7.5	controlled_primary	1	2	0.9990	0.93617021276595747	0.94545454545454544	1	CALIBRATION_ZERO_FP_ROW_RESOLUTION_LIMITED	RESOLUTION_LIMITED_SECONDARY
h2_vma_conditional	mmseqs_s7.5	controlled_primary	2	3	0.9900	0.83333333333333326	0.96638655462184875	1	CALIBRATION_RESOLUTION_LIMITED_SINGLE_COMPONENT_ZERO_FP	SECONDARY
h2_vma_conditional	mmseqs_s7.5	controlled_primary	2	3	0.9950	0.83333333333333326	0.96638655462184875	1	CALIBRATION_RESOLUTION_LIMITED_SINGLE_COMPONENT_ZERO_FP	PRIMARY
h2_vma_conditional	mmseqs_s7.5	controlled_primary	2	3	0.9990	0.83333333333333326	0.96638655462184875	1	CALIBRATION_RESOLUTION_LIMITED_SINGLE_COMPONENT_ZERO_FP	RESOLUTION_LIMITED_SECONDARY
h2_vma_conditional	mmseqs_s7.5	controlled_primary	3	4	0.9900	0.87234042553191493	0.8867924528301887	1	CALIBRATION_NONZERO_FP_ROW_RESOLVABLE	SECONDARY
h2_vma_conditional	mmseqs_s7.5	controlled_primary	3	4	0.9950	0.87234042553191493	0.8867924528301887	1	CALIBRATION_NONZERO_FP_ROW_RESOLVABLE	PRIMARY
h2_vma_conditional	mmseqs_s7.5	controlled_primary	3	4	0.9990	0.87234042553191493	0.8867924528301887	1	CALIBRATION_ZERO_FP_ROW_RESOLUTION_LIMITED	RESOLUTION_LIMITED_SECONDARY
h2_vma_conditional	mmseqs_s7.5	controlled_primary	4	5	0.9900	0.95918367346938771	0.96363636363636362	0.97619047619047616	CALIBRATION_NONZERO_FP_ROW_RESOLVABLE	SECONDARY
h2_vma_conditional	mmseqs_s7.5	controlled_primary	4	5	0.9950	0.95918367346938771	0.96363636363636362	0.97619047619047616	CALIBRATION_NONZERO_FP_ROW_RESOLVABLE	PRIMARY
h2_vma_conditional	mmseqs_s7.5	controlled_primary	4	5	0.9990	0.93877551020408168	0.94545454545454544	0.97619047619047616	CALIBRATION_ZERO_FP_ROW_RESOLUTION_LIMITED	RESOLUTION_LIMITED_SECONDARY
h2_vma_conditional	mmseqs_s7.5	controlled_primary	5	1	0.9900	0.95833333333333337	0.96296296296296291	0.99802371541501977	CALIBRATION_NONZERO_FP_ROW_RESOLVABLE	SECONDARY
h2_vma_conditional	mmseqs_s7.5	controlled_primary	5	1	0.9950	0.95833333333333337	0.96296296296296291	0.99802371541501977	CALIBRATION_NONZERO_FP_ROW_RESOLVABLE	PRIMARY
h2_vma_conditional	mmseqs_s7.5	controlled_primary	5	1	0.9990	0.95833333333333337	0.96296296296296291	0.99802371541501977	CALIBRATION_ZERO_FP_ROW_RESOLUTION_LIMITED	RESOLUTION_LIMITED_SECONDARY
h2_vma_conditional	psiblast_longest_seed_positiveDB_3iter	resource_augmented_secondary	1	2	0.9900	1	1	0.97872340425531912	CALIBRATION_NONZERO_FP_ROW_RESOLVABLE	SECONDARY
h2_vma_conditional	psiblast_longest_seed_positiveDB_3iter	resource_augmented_secondary	1	2	0.9950	1	1	0.97872340425531912	CALIBRATION_NONZERO_FP_ROW_RESOLVABLE	PRIMARY
h2_vma_conditional	psiblast_longest_seed_positiveDB_3iter	resource_augmented_secondary	1	2	0.9990	1	1	0.97872340425531912	CALIBRATION_ZERO_FP_ROW_RESOLUTION_LIMITED	RESOLUTION_LIMITED_SECONDARY
h2_vma_conditional	psiblast_longest_seed_positiveDB_3iter	resource_augmented_secondary	2	3	0.9900	1	1	0.93617021276595747	CALIBRATION_RESOLUTION_LIMITED_SINGLE_COMPONENT_ZERO_FP	SECONDARY
h2_vma_conditional	psiblast_longest_seed_positiveDB_3iter	resource_augmented_secondary	2	3	0.9950	1	1	0.93617021276595747	CALIBRATION_RESOLUTION_LIMITED_SINGLE_COMPONENT_ZERO_FP	PRIMARY
h2_vma_conditional	psiblast_longest_seed_positiveDB_3iter	resource_augmented_secondary	2	3	0.9990	1	1	0.93617021276595747	CALIBRATION_RESOLUTION_LIMITED_SINGLE_COMPONENT_ZERO_FP	RESOLUTION_LIMITED_SECONDARY
h2_vma_conditional	psiblast_longest_seed_positiveDB_3iter	resource_augmented_secondary	3	4	0.9900	0.95744680851063835	0.96226415094339623	1	CALIBRATION_NONZERO_FP_ROW_RESOLVABLE	SECONDARY
h2_vma_conditional	psiblast_longest_seed_positiveDB_3iter	resource_augmented_secondary	3	4	0.9950	0.95744680851063835	0.96226415094339623	1	CALIBRATION_NONZERO_FP_ROW_RESOLVABLE	PRIMARY
h2_vma_conditional	psiblast_longest_seed_positiveDB_3iter	resource_augmented_secondary	3	4	0.9990	0.95744680851063835	0.96226415094339623	1	CALIBRATION_ZERO_FP_ROW_RESOLUTION_LIMITED	RESOLUTION_LIMITED_SECONDARY
h2_vma_conditional	psiblast_longest_seed_positiveDB_3iter	resource_augmented_secondary	4	5	0.9900	0.95918367346938771	0.96363636363636362	0.97619047619047616	CALIBRATION_NONZERO_FP_ROW_RESOLVABLE	SECONDARY
h2_vma_conditional	psiblast_longest_seed_positiveDB_3iter	resource_augmented_secondary	4	5	0.9950	0.95918367346938771	0.96363636363636362	0.97619047619047616	CALIBRATION_NONZERO_FP_ROW_RESOLVABLE	PRIMARY
h2_vma_conditional	psiblast_longest_seed_positiveDB_3iter	resource_augmented_secondary	4	5	0.9990	0.95918367346938771	0.96363636363636362	0.97619047619047616	CALIBRATION_ZERO_FP_ROW_RESOLUTION_LIMITED	RESOLUTION_LIMITED_SECONDARY
h2_vma_conditional	psiblast_longest_seed_positiveDB_3iter	resource_augmented_secondary	5	1	0.9900	0.95833333333333337	0.96296296296296291	1	CALIBRATION_NONZERO_FP_ROW_RESOLVABLE	SECONDARY
h2_vma_conditional	psiblast_longest_seed_positiveDB_3iter	resource_augmented_secondary	5	1	0.9950	0.95833333333333337	0.96296296296296291	1	CALIBRATION_NONZERO_FP_ROW_RESOLVABLE	PRIMARY
h2_vma_conditional	psiblast_longest_seed_positiveDB_3iter	resource_augmented_secondary	5	1	0.9990	0.95833333333333337	0.96296296296296291	1	CALIBRATION_ZERO_FP_ROW_RESOLUTION_LIMITED	RESOLUTION_LIMITED_SECONDARY
vma_end_to_end	blastp	controlled_primary	1	2	0.9900	0.97872340425531912	0.98181818181818181	0.98831771855353956	CALIBRATION_NONZERO_FP_ROW_RESOLVABLE	SECONDARY
vma_end_to_end	blastp	controlled_primary	1	2	0.9950	0.97872340425531912	0.98181818181818181	0.98831771855353956	CALIBRATION_NONZERO_FP_ROW_RESOLVABLE	PRIMARY
vma_end_to_end	blastp	controlled_primary	1	2	0.9990	0.97872340425531912	0.98181818181818181	1	CALIBRATION_NONZERO_FP_ROW_RESOLVABLE	RESOLUTION_LIMITED_SECONDARY
vma_end_to_end	blastp	controlled_primary	2	3	0.9900	0.88888888888888884	0.98319327731092432	0.98900324375416215	CALIBRATION_NONZERO_FP_ROW_RESOLVABLE	SECONDARY
vma_end_to_end	blastp	controlled_primary	2	3	0.9950	0.88888888888888884	0.98319327731092432	0.99753388756417694	CALIBRATION_NONZERO_FP_ROW_RESOLVABLE	PRIMARY
vma_end_to_end	blastp	controlled_primary	2	3	0.9990	0.86111111111111105	0.97478991596638653	1	CALIBRATION_NONZERO_FP_ROW_RESOLVABLE	RESOLUTION_LIMITED_SECONDARY
vma_end_to_end	blastp	controlled_primary	3	4	0.9900	0.93617021276595747	0.94339622641509435	0.99249188049118175	CALIBRATION_NONZERO_FP_ROW_RESOLVABLE	SECONDARY
vma_end_to_end	blastp	controlled_primary	3	4	0.9950	0.93617021276595747	0.94339622641509435	0.99249188049118175	CALIBRATION_NONZERO_FP_ROW_RESOLVABLE	PRIMARY
vma_end_to_end	blastp	controlled_primary	3	4	0.9990	0.91489361702127658	0.92452830188679247	0.99819925900047013	CALIBRATION_NONZERO_FP_ROW_RESOLVABLE	RESOLUTION_LIMITED_SECONDARY
vma_end_to_end	blastp	controlled_primary	4	5	0.9900	0.95918367346938771	0.96363636363636362	0.99426319628141901	CALIBRATION_NONZERO_FP_ROW_RESOLVABLE	SECONDARY
vma_end_to_end	blastp	controlled_primary	4	5	0.9950	0.95918367346938771	0.96363636363636362	0.99675495030643457	CALIBRATION_NONZERO_FP_ROW_RESOLVABLE	PRIMARY
vma_end_to_end	blastp	controlled_primary	4	5	0.9990	0.93877551020408168	0.94545454545454544	1	CALIBRATION_NONZERO_FP_ROW_RESOLVABLE	RESOLUTION_LIMITED_SECONDARY
vma_end_to_end	blastp	controlled_primary	5	1	0.9900	0.95833333333333337	0.96296296296296291	0.99707684652953266	CALIBRATION_NONZERO_FP_ROW_RESOLVABLE	SECONDARY
vma_end_to_end	blastp	controlled_primary	5	1	0.9950	0.9375	0.94444444444444442	0.99942824471126357	CALIBRATION_NONZERO_FP_ROW_RESOLVABLE	PRIMARY
vma_end_to_end	blastp	controlled_primary	5	1	0.9990	0.9375	0.94444444444444442	0.99942824471126357	CALIBRATION_NONZERO_FP_ROW_RESOLVABLE	RESOLUTION_LIMITED_SECONDARY
vma_end_to_end	diamond_ultra	controlled_primary	1	2	0.9900	0.95744680851063835	0.96363636363636362	0.99198501086813173	CALIBRATION_NONZERO_FP_ROW_RESOLVABLE	SECONDARY
vma_end_to_end	diamond_ultra	controlled_primary	1	2	0.9950	0.95744680851063835	0.96363636363636362	0.99198501086813173	CALIBRATION_NONZERO_FP_ROW_RESOLVABLE	PRIMARY
vma_end_to_end	diamond_ultra	controlled_primary	1	2	0.9990	0.94326241134751776	0.92727272727272725	1	CALIBRATION_NONZERO_FP_ROW_RESOLVABLE	RESOLUTION_LIMITED_SECONDARY
vma_end_to_end	diamond_ultra	controlled_primary	2	3	0.9900	0.88888888888888884	0.98319327731092432	0.99316663444394315	CALIBRATION_NONZERO_FP_ROW_RESOLVABLE	SECONDARY
vma_end_to_end	diamond_ultra	controlled_primary	2	3	0.9950	0.88888888888888884	0.98319327731092432	0.9969001740027067	CALIBRATION_NONZERO_FP_ROW_RESOLVABLE	PRIMARY
vma_end_to_end	diamond_ultra	controlled_primary	2	3	0.9990	0.88888888888888884	0.98319327731092432	0.99936628643852976	CALIBRATION_NONZERO_FP_ROW_RESOLVABLE	RESOLUTION_LIMITED_SECONDARY
vma_end_to_end	diamond_ultra	controlled_primary	3	4	0.9900	0.91489361702127658	0.92452830188679247	0.99102648706701346	CALIBRATION_NONZERO_FP_ROW_RESOLVABLE	SECONDARY
vma_end_to_end	diamond_ultra	controlled_primary	3	4	0.9950	0.91489361702127658	0.92452830188679247	0.99102648706701346	CALIBRATION_NONZERO_FP_ROW_RESOLVABLE	PRIMARY
vma_end_to_end	diamond_ultra	controlled_primary	3	4	0.9990	0.8936170212765957	0.90566037735849059	0.99760620058745131	CALIBRATION_NONZERO_FP_ROW_RESOLVABLE	RESOLUTION_LIMITED_SECONDARY
vma_end_to_end	diamond_ultra	controlled_primary	4	5	0.9900	0.93877551020408168	0.94545454545454544	0.98163900124564374	CALIBRATION_NONZERO_FP_ROW_RESOLVABLE	SECONDARY
vma_end_to_end	diamond_ultra	controlled_primary	4	5	0.9950	0.93877551020408168	0.94545454545454544	0.98540194171133721	CALIBRATION_NONZERO_FP_ROW_RESOLVABLE	PRIMARY
vma_end_to_end	diamond_ultra	controlled_primary	4	5	0.9990	0.93877551020408168	0.94545454545454544	0.99815050673285222	CALIBRATION_NONZERO_FP_ROW_RESOLVABLE	RESOLUTION_LIMITED_SECONDARY
vma_end_to_end	diamond_ultra	controlled_primary	5	1	0.9900	0.95833333333333337	0.96296296296296291	0.99914236706689541	CALIBRATION_NONZERO_FP_ROW_RESOLVABLE	SECONDARY
vma_end_to_end	diamond_ultra	controlled_primary	5	1	0.9950	0.95833333333333337	0.96296296296296291	0.99971412235563184	CALIBRATION_NONZERO_FP_ROW_RESOLVABLE	PRIMARY
vma_end_to_end	diamond_ultra	controlled_primary	5	1	0.9990	0.95833333333333337	0.96296296296296291	0.99971412235563184	CALIBRATION_NONZERO_FP_ROW_RESOLVABLE	RESOLUTION_LIMITED_SECONDARY
vma_end_to_end	esm2_650m_cosine	controlled_primary	1	2	0.9900	1	1	0.99817828878602355	CALIBRATION_NONZERO_FP_ROW_RESOLVABLE	SECONDARY
vma_end_to_end	esm2_650m_cosine	controlled_primary	1	2	0.9950	1	1	0.99817828878602355	CALIBRATION_NONZERO_FP_ROW_RESOLVABLE	PRIMARY
vma_end_to_end	esm2_650m_cosine	controlled_primary	1	2	0.9990	1	1	0.99909909909909911	CALIBRATION_NONZERO_FP_ROW_RESOLVABLE	RESOLUTION_LIMITED_SECONDARY
vma_end_to_end	esm2_650m_cosine	controlled_primary	2	3	0.9900	0.94279427942794269	0.96638655462184875	0.95081966838475485	CALIBRATION_NONZERO_FP_ROW_RESOLVABLE	SECONDARY
vma_end_to_end	esm2_650m_cosine	controlled_primary	2	3	0.9950	0.94004400440044	0.92436974789915971	0.99640394406135202	CALIBRATION_NONZERO_FP_ROW_RESOLVABLE	PRIMARY
vma_end_to_end	esm2_650m_cosine	controlled_primary	2	3	0.9990	0.93619361936193612	0.86554621848739499	0.99936628643852976	CALIBRATION_NONZERO_FP_ROW_RESOLVABLE	RESOLUTION_LIMITED_SECONDARY
vma_end_to_end	esm2_650m_cosine	controlled_primary	3	4	0.9900	0.98936170212765961	0.98113207547169812	0.99519946171861862	CALIBRATION_NONZERO_FP_ROW_RESOLVABLE	SECONDARY
vma_end_to_end	esm2_650m_cosine	controlled_primary	3	4	0.9950	0.98936170212765961	0.98113207547169812	0.99519946171861862	CALIBRATION_NONZERO_FP_ROW_RESOLVABLE	PRIMARY
vma_end_to_end	esm2_650m_cosine	controlled_primary	3	4	0.9990	0.94680851063829785	0.94339622641509435	0.99939831528279177	CALIBRATION_NONZERO_FP_ROW_RESOLVABLE	RESOLUTION_LIMITED_SECONDARY
vma_end_to_end	esm2_650m_cosine	controlled_primary	4	5	0.9900	1	1	0.97809082158058347	CALIBRATION_NONZERO_FP_ROW_RESOLVABLE	SECONDARY
vma_end_to_end	esm2_650m_cosine	controlled_primary	4	5	0.9950	1	1	0.99709785223648262	CALIBRATION_NONZERO_FP_ROW_RESOLVABLE	PRIMARY
vma_end_to_end	esm2_650m_cosine	controlled_primary	4	5	0.9990	1	1	0.99943502824858754	CALIBRATION_NONZERO_FP_ROW_RESOLVABLE	RESOLUTION_LIMITED_SECONDARY
vma_end_to_end	esm2_650m_cosine	controlled_primary	5	1	0.9900	1	1	0.99446794024066099	CALIBRATION_NONZERO_FP_ROW_RESOLVABLE	SECONDARY
vma_end_to_end	esm2_650m_cosine	controlled_primary	5	1	0.9950	1	1	0.99446794024066099	CALIBRATION_NONZERO_FP_ROW_RESOLVABLE	PRIMARY
vma_end_to_end	esm2_650m_cosine	controlled_primary	5	1	0.9990	1	1	0.99510407255618261	CALIBRATION_NONZERO_FP_ROW_RESOLVABLE	RESOLUTION_LIMITED_SECONDARY
vma_end_to_end	esmc6b_cosine	controlled_primary	1	2	0.9900	0.92553191489361697	0.92727272727272725	0.99815837937384899	CALIBRATION_NONZERO_FP_ROW_RESOLVABLE	SECONDARY
vma_end_to_end	esmc6b_cosine	controlled_primary	1	2	0.9950	0.92553191489361697	0.92727272727272725	0.99815837937384899	CALIBRATION_NONZERO_FP_ROW_RESOLVABLE	PRIMARY
vma_end_to_end	esmc6b_cosine	controlled_primary	1	2	0.9990	0.82978723404255317	0.83636363636363631	0.99907918968692444	CALIBRATION_NONZERO_FP_ROW_RESOLVABLE	RESOLUTION_LIMITED_SECONDARY
vma_end_to_end	esmc6b_cosine	controlled_primary	2	3	0.9900	0.8729372937293729	0.73949579831932777	0.98544072230091273	CALIBRATION_NONZERO_FP_ROW_RESOLVABLE	SECONDARY
vma_end_to_end	esmc6b_cosine	controlled_primary	2	3	0.9950	0.87183718371837171	0.72268907563025209	0.9969001740027067	CALIBRATION_NONZERO_FP_ROW_RESOLVABLE	PRIMARY
vma_end_to_end	esmc6b_cosine	controlled_primary	2	3	0.9990	0.81023102310231032	0.62184873949579833	0.99873257287705952	CALIBRATION_NONZERO_FP_ROW_RESOLVABLE	RESOLUTION_LIMITED_SECONDARY
vma_end_to_end	esmc6b_cosine	controlled_primary	3	4	0.9900	0.91489361702127658	0.90566037735849059	0.99458915069722109	CALIBRATION_NONZERO_FP_ROW_RESOLVABLE	SECONDARY
vma_end_to_end	esmc6b_cosine	controlled_primary	3	4	0.9950	0.91489361702127658	0.90566037735849059	0.99458915069722109	CALIBRATION_NONZERO_FP_ROW_RESOLVABLE	PRIMARY
vma_end_to_end	esmc6b_cosine	controlled_primary	3	4	0.9990	0.8936170212765957	0.8867924528301887	0.99699588956605378	CALIBRATION_NONZERO_FP_ROW_RESOLVABLE	RESOLUTION_LIMITED_SECONDARY
vma_end_to_end	esmc6b_cosine	controlled_primary	4	5	0.9900	0.95918367346938771	0.96363636363636362	0.98892947728060887	CALIBRATION_NONZERO_FP_ROW_RESOLVABLE	SECONDARY
vma_end_to_end	esmc6b_cosine	controlled_primary	4	5	0.9950	0.95918367346938771	0.96363636363636362	0.98892947728060887	CALIBRATION_NONZERO_FP_ROW_RESOLVABLE	PRIMARY
vma_end_to_end	esmc6b_cosine	controlled_primary	4	5	0.9990	0.95918367346938771	0.96363636363636362	0.99935773924213234	CALIBRATION_NONZERO_FP_ROW_RESOLVABLE	RESOLUTION_LIMITED_SECONDARY
vma_end_to_end	esmc6b_cosine	controlled_primary	5	1	0.9900	0.97916666666666663	0.98148148148148151	0.961278428126489	CALIBRATION_NONZERO_FP_ROW_RESOLVABLE	SECONDARY
vma_end_to_end	esmc6b_cosine	controlled_primary	5	1	0.9950	0.97916666666666663	0.98148148148148151	0.97170546651569134	CALIBRATION_NONZERO_FP_ROW_RESOLVABLE	PRIMARY
vma_end_to_end	esmc6b_cosine	controlled_primary	5	1	0.9990	0.97916666666666663	0.98148148148148151	0.99503969552939742	CALIBRATION_NONZERO_FP_ROW_RESOLVABLE	RESOLUTION_LIMITED_SECONDARY
vma_end_to_end	esmc6b_supervised	operational_descriptive	1	2	0.9900	1	1	0.99633666815987254	CALIBRATION_NONZERO_FP_ROW_RESOLVABLE	SECONDARY
vma_end_to_end	esmc6b_supervised	operational_descriptive	1	2	0.9950	1	1	0.99633666815987254	CALIBRATION_NONZERO_FP_ROW_RESOLVABLE	PRIMARY
vma_end_to_end	esmc6b_supervised	operational_descriptive	1	2	0.9990	0	0	1	CALIBRATION_NONZERO_FP_ROW_RESOLVABLE	RESOLUTION_LIMITED_SECONDARY
vma_end_to_end	esmc6b_supervised	operational_descriptive	2	3	0.9900	1	1	0.94618632260415669	CALIBRATION_NONZERO_FP_ROW_RESOLVABLE	SECONDARY
vma_end_to_end	esmc6b_supervised	operational_descriptive	2	3	0.9950	0	0	1	CALIBRATION_NONZERO_FP_ROW_RESOLVABLE	PRIMARY
vma_end_to_end	esmc6b_supervised	operational_descriptive	2	3	0.9990	0	0	1	CALIBRATION_NONZERO_FP_ROW_RESOLVABLE	RESOLUTION_LIMITED_SECONDARY
vma_end_to_end	esmc6b_supervised	operational_descriptive	3	4	0.9900	1	1	0.98751594069128323	CALIBRATION_NONZERO_FP_ROW_RESOLVABLE	SECONDARY
vma_end_to_end	esmc6b_supervised	operational_descriptive	3	4	0.9950	1	1	0.99051142482104015	CALIBRATION_NONZERO_FP_ROW_RESOLVABLE	PRIMARY
vma_end_to_end	esmc6b_supervised	operational_descriptive	3	4	0.9990	1	1	0.99700020271814849	CALIBRATION_NONZERO_FP_ROW_RESOLVABLE	RESOLUTION_LIMITED_SECONDARY
vma_end_to_end	esmc6b_supervised	operational_descriptive	4	5	0.9900	1	1	0.97672901105839283	CALIBRATION_NONZERO_FP_ROW_RESOLVABLE	SECONDARY
vma_end_to_end	esmc6b_supervised	operational_descriptive	4	5	0.9950	1	1	0.97929805408986359	CALIBRATION_NONZERO_FP_ROW_RESOLVABLE	PRIMARY
vma_end_to_end	esmc6b_supervised	operational_descriptive	4	5	0.9990	0	0	1	CALIBRATION_NONZERO_FP_ROW_RESOLVABLE	RESOLUTION_LIMITED_SECONDARY
vma_end_to_end	esmc6b_supervised	operational_descriptive	5	1	0.9900	1	1	0.98700006281148378	CALIBRATION_NONZERO_FP_ROW_RESOLVABLE	SECONDARY
vma_end_to_end	esmc6b_supervised	operational_descriptive	5	1	0.9950	1	1	0.98728594045585194	CALIBRATION_NONZERO_FP_ROW_RESOLVABLE	PRIMARY
vma_end_to_end	esmc6b_supervised	operational_descriptive	5	1	0.9990	0	0	1	CALIBRATION_NONZERO_FP_ROW_RESOLVABLE	RESOLUTION_LIMITED_SECONDARY
vma_end_to_end	hmmer_component	controlled_primary	1	2	0.9900	0.97872340425531912	0.98181818181818181	0.98742286540418633	CALIBRATION_NONZERO_FP_ROW_RESOLVABLE	SECONDARY
vma_end_to_end	hmmer_component	controlled_primary	1	2	0.9950	0.97872340425531912	0.98181818181818181	0.99105429936889422	CALIBRATION_NONZERO_FP_ROW_RESOLVABLE	PRIMARY
vma_end_to_end	hmmer_component	controlled_primary	1	2	0.9990	0.97872340425531912	0.98181818181818181	0.99290186070674247	CALIBRATION_NONZERO_FP_ROW_RESOLVABLE	RESOLUTION_LIMITED_SECONDARY
vma_end_to_end	hmmer_component	controlled_primary	2	3	0.9900	0.88888888888888884	0.98319327731092432	0.99531589009903121	CALIBRATION_NONZERO_FP_ROW_RESOLVABLE	SECONDARY
vma_end_to_end	hmmer_component	controlled_primary	2	3	0.9950	0.88888888888888884	0.98319327731092432	0.99658331722197158	CALIBRATION_NONZERO_FP_ROW_RESOLVABLE	PRIMARY
vma_end_to_end	hmmer_component	controlled_primary	2	3	0.9990	0.88888888888888884	0.98319327731092432	1	CALIBRATION_NONZERO_FP_ROW_RESOLVABLE	RESOLUTION_LIMITED_SECONDARY
vma_end_to_end	hmmer_component	controlled_primary	3	4	0.9900	0.97872340425531912	0.98113207547169812	0.97734768462806976	CALIBRATION_NONZERO_FP_ROW_RESOLVABLE	SECONDARY
vma_end_to_end	hmmer_component	controlled_primary	3	4	0.9950	0.97872340425531912	0.98113207547169812	0.98174566204728075	CALIBRATION_NONZERO_FP_ROW_RESOLVABLE	PRIMARY
vma_end_to_end	hmmer_component	controlled_primary	3	4	0.9990	0.93617021276595747	0.94339622641509435	0.9976018874353566	CALIBRATION_NONZERO_FP_ROW_RESOLVABLE	RESOLUTION_LIMITED_SECONDARY
vma_end_to_end	hmmer_component	controlled_primary	4	5	0.9900	0.97959183673469385	0.98181818181818181	0.992764726078465	CALIBRATION_NONZERO_FP_ROW_RESOLVABLE	SECONDARY
vma_end_to_end	hmmer_component	controlled_primary	4	5	0.9950	0.97959183673469385	0.98181818181818181	0.99618122673705445	CALIBRATION_NONZERO_FP_ROW_RESOLVABLE	PRIMARY
vma_end_to_end	hmmer_component	controlled_primary	4	5	0.9990	0.95918367346938771	0.96363636363636362	0.9988700564971752	CALIBRATION_NONZERO_FP_ROW_RESOLVABLE	RESOLUTION_LIMITED_SECONDARY
vma_end_to_end	hmmer_component	controlled_primary	5	1	0.9900	0.97916666666666663	0.98148148148148151	0.99255954329409612	CALIBRATION_NONZERO_FP_ROW_RESOLVABLE	SECONDARY
vma_end_to_end	hmmer_component	controlled_primary	5	1	0.9950	0.95833333333333337	0.96296296296296291	1	CALIBRATION_NONZERO_FP_ROW_RESOLVABLE	PRIMARY
vma_end_to_end	hmmer_component	controlled_primary	5	1	0.9990	0.95833333333333337	0.96296296296296291	1	CALIBRATION_NONZERO_FP_ROW_RESOLVABLE	RESOLUTION_LIMITED_SECONDARY
vma_end_to_end	hmmer_family	metadata_augmented_secondary	1	2	0.9900	1	1	0.99092146860815544	CALIBRATION_NONZERO_FP_ROW_RESOLVABLE	SECONDARY
vma_end_to_end	hmmer_family	metadata_augmented_secondary	1	2	0.9950	1	1	0.99365200167196244	CALIBRATION_NONZERO_FP_ROW_RESOLVABLE	PRIMARY
vma_end_to_end	hmmer_family	metadata_augmented_secondary	1	2	0.9990	1	1	0.99909909909909911	CALIBRATION_NONZERO_FP_ROW_RESOLVABLE	RESOLUTION_LIMITED_SECONDARY
vma_end_to_end	hmmer_family	metadata_augmented_secondary	2	3	0.9900	1	1	0.99577023049988189	CALIBRATION_NONZERO_FP_ROW_RESOLVABLE	SECONDARY
vma_end_to_end	hmmer_family	metadata_augmented_secondary	2	3	0.9950	0.94444444444444442	0.99159663865546221	0.99816760112564717	CALIBRATION_NONZERO_FP_ROW_RESOLVABLE	PRIMARY
vma_end_to_end	hmmer_family	metadata_augmented_secondary	2	3	0.9990	0.94444444444444442	0.99159663865546221	0.99816760112564717	CALIBRATION_NONZERO_FP_ROW_RESOLVABLE	RESOLUTION_LIMITED_SECONDARY
vma_end_to_end	hmmer_family	metadata_augmented_secondary	3	4	0.9900	1	1	0.99192685756677834	CALIBRATION_NONZERO_FP_ROW_RESOLVABLE	SECONDARY
vma_end_to_end	hmmer_family	metadata_augmented_secondary	3	4	0.9950	1	1	0.9946236559139785	CALIBRATION_NONZERO_FP_ROW_RESOLVABLE	PRIMARY
vma_end_to_end	hmmer_family	metadata_augmented_secondary	3	4	0.9990	1	1	0.9946236559139785	CALIBRATION_NONZERO_FP_ROW_RESOLVABLE	RESOLUTION_LIMITED_SECONDARY
vma_end_to_end	hmmer_family	metadata_augmented_secondary	4	5	0.9900	0.97959183673469385	0.98181818181818181	0.98591629460640928	CALIBRATION_NONZERO_FP_ROW_RESOLVABLE	SECONDARY
vma_end_to_end	hmmer_family	metadata_augmented_secondary	4	5	0.9950	0.97959183673469385	0.98181818181818181	0.99441777429432965	CALIBRATION_NONZERO_FP_ROW_RESOLVABLE	PRIMARY
vma_end_to_end	hmmer_family	metadata_augmented_secondary	4	5	0.9990	0.97959183673469385	0.98181818181818181	0.99879276749071988	CALIBRATION_NONZERO_FP_ROW_RESOLVABLE	RESOLUTION_LIMITED_SECONDARY
vma_end_to_end	hmmer_family	metadata_augmented_secondary	5	1	0.9900	0.97916666666666663	0.98148148148148151	0.99793447946263736	CALIBRATION_NONZERO_FP_ROW_RESOLVABLE	SECONDARY
vma_end_to_end	hmmer_family	metadata_augmented_secondary	5	1	0.9950	0.97916666666666663	0.98148148148148151	0.99793447946263736	CALIBRATION_NONZERO_FP_ROW_RESOLVABLE	PRIMARY
vma_end_to_end	hmmer_family	metadata_augmented_secondary	5	1	0.9990	0.95833333333333337	0.96296296296296291	0.99879211239574195	CALIBRATION_NONZERO_FP_ROW_RESOLVABLE	RESOLUTION_LIMITED_SECONDARY
vma_end_to_end	mmseqs_s7.5	controlled_primary	1	2	0.9900	0.93617021276595747	0.94545454545454544	0.9926614548963506	CALIBRATION_NONZERO_FP_ROW_RESOLVABLE	SECONDARY
vma_end_to_end	mmseqs_s7.5	controlled_primary	1	2	0.9950	0.93617021276595747	0.94545454545454544	0.9926614548963506	CALIBRATION_NONZERO_FP_ROW_RESOLVABLE	PRIMARY
vma_end_to_end	mmseqs_s7.5	controlled_primary	1	2	0.9990	0.93617021276595747	0.94545454545454544	0.99632478673647806	CALIBRATION_NONZERO_FP_ROW_RESOLVABLE	RESOLUTION_LIMITED_SECONDARY
vma_end_to_end	mmseqs_s7.5	controlled_primary	2	3	0.9900	0.86111111111111105	0.97478991596638653	0.99809885931558939	CALIBRATION_NONZERO_FP_ROW_RESOLVABLE	SECONDARY
vma_end_to_end	mmseqs_s7.5	controlled_primary	2	3	0.9950	0.83333333333333326	0.96638655462184875	0.99873257287705952	CALIBRATION_NONZERO_FP_ROW_RESOLVABLE	PRIMARY
vma_end_to_end	mmseqs_s7.5	controlled_primary	2	3	0.9990	0.83333333333333326	0.96638655462184875	1	CALIBRATION_NONZERO_FP_ROW_RESOLVABLE	RESOLUTION_LIMITED_SECONDARY
vma_end_to_end	mmseqs_s7.5	controlled_primary	3	4	0.9900	0.8936170212765957	0.90566037735849059	0.99132732942561752	CALIBRATION_NONZERO_FP_ROW_RESOLVABLE	SECONDARY
vma_end_to_end	mmseqs_s7.5	controlled_primary	3	4	0.9950	0.87234042553191493	0.8867924528301887	0.99820357215256483	CALIBRATION_NONZERO_FP_ROW_RESOLVABLE	PRIMARY
vma_end_to_end	mmseqs_s7.5	controlled_primary	3	4	0.9990	0.87234042553191493	0.8867924528301887	0.99820357215256483	CALIBRATION_NONZERO_FP_ROW_RESOLVABLE	RESOLUTION_LIMITED_SECONDARY
vma_end_to_end	mmseqs_s7.5	controlled_primary	4	5	0.9900	0.93877551020408168	0.94545454545454544	0.98410054724348839	CALIBRATION_NONZERO_FP_ROW_RESOLVABLE	SECONDARY
vma_end_to_end	mmseqs_s7.5	controlled_primary	4	5	0.9950	0.93877551020408168	0.94545454545454544	0.98772224477132875	CALIBRATION_NONZERO_FP_ROW_RESOLVABLE	PRIMARY
vma_end_to_end	mmseqs_s7.5	controlled_primary	4	5	0.9990	0.91836734693877553	0.92727272727272725	0.99206349206349209	CALIBRATION_NONZERO_FP_ROW_RESOLVABLE	RESOLUTION_LIMITED_SECONDARY
vma_end_to_end	mmseqs_s7.5	controlled_primary	5	1	0.9900	0.95833333333333337	0.96296296296296291	0.99078818670963398	CALIBRATION_NONZERO_FP_ROW_RESOLVABLE	SECONDARY
vma_end_to_end	mmseqs_s7.5	controlled_primary	5	1	0.9950	0.95833333333333337	0.96296296296296291	0.99796539498397485	CALIBRATION_NONZERO_FP_ROW_RESOLVABLE	PRIMARY
vma_end_to_end	mmseqs_s7.5	controlled_primary	5	1	0.9990	0.95833333333333337	0.96296296296296291	0.99796539498397485	CALIBRATION_NONZERO_FP_ROW_RESOLVABLE	RESOLUTION_LIMITED_SECONDARY
vma_end_to_end	psiblast_longest_seed_positiveDB_3iter	resource_augmented_secondary	1	2	0.9900	1	1	0.985813622599647	CALIBRATION_NONZERO_FP_ROW_RESOLVABLE	SECONDARY
vma_end_to_end	psiblast_longest_seed_positiveDB_3iter	resource_augmented_secondary	1	2	0.9950	1	1	0.99290780141843971	CALIBRATION_NONZERO_FP_ROW_RESOLVABLE	PRIMARY
vma_end_to_end	psiblast_longest_seed_positiveDB_3iter	resource_augmented_secondary	1	2	0.9990	1	1	0.99290780141843971	CALIBRATION_NONZERO_FP_ROW_RESOLVABLE	RESOLUTION_LIMITED_SECONDARY
vma_end_to_end	psiblast_longest_seed_positiveDB_3iter	resource_augmented_secondary	2	3	0.9900	1	1	0.95965507059975863	CALIBRATION_NONZERO_FP_ROW_RESOLVABLE	SECONDARY
vma_end_to_end	psiblast_longest_seed_positiveDB_3iter	resource_augmented_secondary	2	3	0.9950	1	1	0.97104578049149481	CALIBRATION_NONZERO_FP_ROW_RESOLVABLE	PRIMARY
vma_end_to_end	psiblast_longest_seed_positiveDB_3iter	resource_augmented_secondary	2	3	0.9990	1	1	0.9874793466054389	CALIBRATION_NONZERO_FP_ROW_RESOLVABLE	RESOLUTION_LIMITED_SECONDARY
vma_end_to_end	psiblast_longest_seed_positiveDB_3iter	resource_augmented_secondary	3	4	0.9900	0.95744680851063835	0.96226415094339623	0.99820357215256483	CALIBRATION_NONZERO_FP_ROW_RESOLVABLE	SECONDARY
vma_end_to_end	psiblast_longest_seed_positiveDB_3iter	resource_augmented_secondary	3	4	0.9950	0.95744680851063835	0.96226415094339623	0.99940262843488648	CALIBRATION_NONZERO_FP_ROW_RESOLVABLE	PRIMARY
vma_end_to_end	psiblast_longest_seed_positiveDB_3iter	resource_augmented_secondary	3	4	0.9990	0.95744680851063835	0.96226415094339623	1	CALIBRATION_NONZERO_FP_ROW_RESOLVABLE	RESOLUTION_LIMITED_SECONDARY
vma_end_to_end	psiblast_longest_seed_positiveDB_3iter	resource_augmented_secondary	4	5	0.9900	0.95918367346938771	0.96363636363636362	0.9851798718899728	CALIBRATION_NONZERO_FP_ROW_RESOLVABLE	SECONDARY
vma_end_to_end	psiblast_longest_seed_positiveDB_3iter	resource_augmented_secondary	4	5	0.9950	0.95918367346938771	0.96363636363636362	0.99786802085714599	CALIBRATION_NONZERO_FP_ROW_RESOLVABLE	PRIMARY
vma_end_to_end	psiblast_longest_seed_positiveDB_3iter	resource_augmented_secondary	4	5	0.9990	0.95918367346938771	0.96363636363636362	1	CALIBRATION_NONZERO_FP_ROW_RESOLVABLE	RESOLUTION_LIMITED_SECONDARY
vma_end_to_end	psiblast_longest_seed_positiveDB_3iter	resource_augmented_secondary	5	1	0.9900	0.95833333333333337	0.96296296296296291	0.99198778800535969	CALIBRATION_NONZERO_FP_ROW_RESOLVABLE	SECONDARY
vma_end_to_end	psiblast_longest_seed_positiveDB_3iter	resource_augmented_secondary	5	1	0.9950	0.95833333333333337	0.96296296296296291	0.99198778800535969	CALIBRATION_NONZERO_FP_ROW_RESOLVABLE	PRIMARY
vma_end_to_end	psiblast_longest_seed_positiveDB_3iter	resource_augmented_secondary	5	1	0.9990	0.95833333333333337	0.96296296296296291	0.99688371544917709	CALIBRATION_NONZERO_FP_ROW_RESOLVABLE	RESOLUTION_LIMITED_SECONDARY
