task	method	track	evaluation_fold	calibration_fold	component_balanced_ap	threshold_99.5	calibration_achieved_fpr	component_sensitivity_99.5	evaluation_positive_records	evaluation_positive_components	evaluation_negative_records	evaluation_negative_components	calibration_negative_records	calibration_negative_components	calibration_resolution_status	primary_sensitivity_inference_status
h1_djr	blastp	controlled_primary	1	2	0.98123529336485238	61.20000000000001	0.0042507142703701317	0.8936170212765957	114	94	1200	731	1200	1115	CALIBRATION_NONZERO_FP_ROW_RESOLVABLE	DESCRIPTIVE_PAIRED_COMPONENT_BOOTSTRAP
h1_djr	blastp	controlled_primary	2	3	0.93587188148762113	69.300000000000011	0.004798381705334075	0.92292460015232303	178	65	1200	1115	1200	1112	CALIBRATION_NONZERO_FP_ROW_RESOLVABLE	DESCRIPTIVE_PAIRED_COMPONENT_BOOTSTRAP
h1_djr	blastp	controlled_primary	3	4	0.84143694203982178	61.600000000000009	0.00494644198425917	0.77083333333333337	115	48	1200	1112	1200	1109	CALIBRATION_NONZERO_FP_ROW_RESOLVABLE	DESCRIPTIVE_PAIRED_COMPONENT_BOOTSTRAP
h1_djr	blastp	controlled_primary	4	5	0.97122864588815871	52.800000000000004	0.0045778612860565907	0.89010989010989006	114	91	1200	1109	1200	1107	CALIBRATION_NONZERO_FP_ROW_RESOLVABLE	DESCRIPTIVE_PAIRED_COMPONENT_BOOTSTRAP
h1_djr	blastp	controlled_primary	5	1	0.96599788513246465	60.500000000000007	0.0041137822905778706	0.8687137330754352	113	94	1200	1107	1200	731	CALIBRATION_NONZERO_FP_ROW_RESOLVABLE	DESCRIPTIVE_PAIRED_COMPONENT_BOOTSTRAP
h1_djr	diamond_ultra	controlled_primary	1	2	0.98092784210489536	60.800000000000004	0.0042507142703701317	0.91489361702127658	114	94	1200	731	1200	1115	CALIBRATION_NONZERO_FP_ROW_RESOLVABLE	DESCRIPTIVE_PAIRED_COMPONENT_BOOTSTRAP
h1_djr	diamond_ultra	controlled_primary	2	3	0.93969680768573205	67.40000000000002	0.0039023243576638243	0.92307692307692313	178	65	1200	1115	1200	1112	CALIBRATION_NONZERO_FP_ROW_RESOLVABLE	DESCRIPTIVE_PAIRED_COMPONENT_BOOTSTRAP
h1_djr	diamond_ultra	controlled_primary	3	4	0.84534928235012308	63.900000000000006	0.0042372881355932212	0.8125	115	48	1200	1112	1200	1109	CALIBRATION_NONZERO_FP_ROW_RESOLVABLE	DESCRIPTIVE_PAIRED_COMPONENT_BOOTSTRAP
h1_djr	diamond_ultra	controlled_primary	4	5	0.97052171500614515	45.800000000000004	0.0046744268262344018	0.9285714285714286	114	91	1200	1109	1200	1107	CALIBRATION_NONZERO_FP_ROW_RESOLVABLE	DESCRIPTIVE_PAIRED_COMPONENT_BOOTSTRAP
h1_djr	diamond_ultra	controlled_primary	5	1	0.96649660084453837	48.500000000000007	0.0041466167646884095	0.93351063829787229	113	94	1200	1107	1200	731	CALIBRATION_NONZERO_FP_ROW_RESOLVABLE	DESCRIPTIVE_PAIRED_COMPONENT_BOOTSTRAP
h1_djr	esm2_650m_cosine	controlled_primary	1	2	0.97006153226548275	0.9845714569091798	0.0047528517110266158	0.92340425531914905	114	94	1200	731	1200	1115	CALIBRATION_NONZERO_FP_ROW_RESOLVABLE	DESCRIPTIVE_PAIRED_COMPONENT_BOOTSTRAP
h1_djr	esm2_650m_cosine	controlled_primary	2	3	0.9152364484673704	0.98530203104019176	0.0044996959227773248	0.83712236608276214	178	65	1200	1115	1200	1112	CALIBRATION_NONZERO_FP_ROW_RESOLVABLE	DESCRIPTIVE_PAIRED_COMPONENT_BOOTSTRAP
h1_djr	esm2_650m_cosine	controlled_primary	3	4	0.97439024086206982	0.9857306480407716	0.0045850886646419137	0.94321236559139787	115	48	1200	1112	1200	1109	CALIBRATION_NONZERO_FP_ROW_RESOLVABLE	DESCRIPTIVE_PAIRED_COMPONENT_BOOTSTRAP
h1_djr	esm2_650m_cosine	controlled_primary	4	5	0.95342774398642871	0.9850679636001588	0.0046744268262344018	0.90903540903540891	114	91	1200	1109	1200	1107	CALIBRATION_NONZERO_FP_ROW_RESOLVABLE	DESCRIPTIVE_PAIRED_COMPONENT_BOOTSTRAP
h1_djr	esm2_650m_cosine	controlled_primary	5	1	0.94416854331369926	0.98541188240051281	0.0040839181723159625	0.86411992263056081	113	94	1200	1107	1200	731	CALIBRATION_NONZERO_FP_ROW_RESOLVABLE	DESCRIPTIVE_PAIRED_COMPONENT_BOOTSTRAP
h1_djr	esmc6b_cosine	controlled_primary	1	2	0.90097953408956477	0.95601242780685436	0.0046497389959399369	0.76079027355623108	114	94	1200	731	1200	1115	CALIBRATION_NONZERO_FP_ROW_RESOLVABLE	DESCRIPTIVE_PAIRED_COMPONENT_BOOTSTRAP
h1_djr	esmc6b_cosine	controlled_primary	2	3	0.73879746069916574	0.95912015438079845	0.0045126353790613718	0.55990099009900995	178	65	1200	1115	1200	1112	CALIBRATION_NONZERO_FP_ROW_RESOLVABLE	DESCRIPTIVE_PAIRED_COMPONENT_BOOTSTRAP
h1_djr	esmc6b_cosine	controlled_primary	3	4	0.94001442532224089	0.95850592851638805	0.0048169556840077085	0.8911290322580645	115	48	1200	1112	1200	1109	CALIBRATION_NONZERO_FP_ROW_RESOLVABLE	DESCRIPTIVE_PAIRED_COMPONENT_BOOTSTRAP
h1_djr	esmc6b_cosine	controlled_primary	4	5	0.88895689062276706	0.96026968955993663	0.0046744268262344018	0.78510378510378498	114	91	1200	1109	1200	1107	CALIBRATION_NONZERO_FP_ROW_RESOLVABLE	DESCRIPTIVE_PAIRED_COMPONENT_BOOTSTRAP
h1_djr	esmc6b_cosine	controlled_primary	5	1	0.89084646376562959	0.96599161624908458	0.0041436464088397788	0.6728723404255319	113	94	1200	1107	1200	731	CALIBRATION_NONZERO_FP_ROW_RESOLVABLE	DESCRIPTIVE_PAIRED_COMPONENT_BOOTSTRAP
h1_djr	esmc6b_supervised	operational_descriptive	1	2	0.99516406448742545	6775.5761718750009	0.0045466262808532571	0.98936170212765961	114	94	1200	731	1200	1115	CALIBRATION_NONZERO_FP_ROW_RESOLVABLE	DESCRIPTIVE_PAIRED_COMPONENT_BOOTSTRAP
h1_djr	esmc6b_supervised	operational_descriptive	2	3	0.98456208801610789	13724.467773437502	0.0045061656509193483	0.89230769230769236	178	65	1200	1115	1200	1112	CALIBRATION_NONZERO_FP_ROW_RESOLVABLE	DESCRIPTIVE_PAIRED_COMPONENT_BOOTSTRAP
h1_djr	esmc6b_supervised	operational_descriptive	3	4	0.99986032497152399	7984.4755859375009	0.0044691551549590159	1	115	48	1200	1112	1200	1109	CALIBRATION_NONZERO_FP_ROW_RESOLVABLE	DESCRIPTIVE_PAIRED_COMPONENT_BOOTSTRAP
h1_djr	esmc6b_supervised	operational_descriptive	4	5	0.99686289432692132	6016.6728515625009	0.0045778612860565907	1	114	91	1200	1109	1200	1107	CALIBRATION_NONZERO_FP_ROW_RESOLVABLE	DESCRIPTIVE_PAIRED_COMPONENT_BOOTSTRAP
h1_djr	esmc6b_supervised	operational_descriptive	5	1	0.9960447796699976	5121.6870117187509	0.0040839181723159625	0.99468085106382975	113	94	1200	1107	1200	731	CALIBRATION_NONZERO_FP_ROW_RESOLVABLE	DESCRIPTIVE_PAIRED_COMPONENT_BOOTSTRAP
h1_djr	hmmer_component	controlled_primary	1	2	0.98200765972997295	43.300000000000004	0.0042507142703701317	0.91489361702127658	114	94	1200	731	1200	1115	CALIBRATION_NONZERO_FP_ROW_RESOLVABLE	DESCRIPTIVE_PAIRED_COMPONENT_BOOTSTRAP
h1_djr	hmmer_component	controlled_primary	2	3	0.94462009661795143	50.900000000000006	0.004798381705334075	0.92307692307692313	178	65	1200	1115	1200	1112	CALIBRATION_NONZERO_FP_ROW_RESOLVABLE	DESCRIPTIVE_PAIRED_COMPONENT_BOOTSTRAP
h1_djr	hmmer_component	controlled_primary	3	4	0.89259505724597576	43.70000000000001	0.0049181933966885487	0.83333333333333337	115	48	1200	1112	1200	1109	CALIBRATION_NONZERO_FP_ROW_RESOLVABLE	DESCRIPTIVE_PAIRED_COMPONENT_BOOTSTRAP
h1_djr	hmmer_component	controlled_primary	4	5	0.97917579522745446	35.20000000000001	0.0044812957458787786	0.91208791208791207	114	91	1200	1109	1200	1107	CALIBRATION_NONZERO_FP_ROW_RESOLVABLE	DESCRIPTIVE_PAIRED_COMPONENT_BOOTSTRAP
h1_djr	hmmer_component	controlled_primary	5	1	0.97251899716310508	53.600000000000009	0.0040839181723159625	0.92456479690522242	113	94	1200	1107	1200	731	CALIBRATION_NONZERO_FP_ROW_RESOLVABLE	DESCRIPTIVE_PAIRED_COMPONENT_BOOTSTRAP
h1_djr	hmmer_family	metadata_augmented_secondary	1	2	1	6.9000000000000012	0.0046497389959399369	1	114	94	1200	731	1200	1115	CALIBRATION_NONZERO_FP_ROW_RESOLVABLE	DESCRIPTIVE_PAIRED_COMPONENT_BOOTSTRAP
h1_djr	hmmer_family	metadata_augmented_secondary	2	3	0.99890109890109891	6.9000000000000012	0.0044996959227773248	1	178	65	1200	1115	1200	1112	CALIBRATION_NONZERO_FP_ROW_RESOLVABLE	DESCRIPTIVE_PAIRED_COMPONENT_BOOTSTRAP
h1_djr	hmmer_family	metadata_augmented_secondary	3	4	1	6.9000000000000012	0.0047769504588354413	1	115	48	1200	1112	1200	1109	CALIBRATION_NONZERO_FP_ROW_RESOLVABLE	DESCRIPTIVE_PAIRED_COMPONENT_BOOTSTRAP
h1_djr	hmmer_family	metadata_augmented_secondary	4	5	0.99147961686533981	7.3000000000000007	0.0045778612860565907	0.98901098901098905	114	91	1200	1109	1200	1107	CALIBRATION_NONZERO_FP_ROW_RESOLVABLE	DESCRIPTIVE_PAIRED_COMPONENT_BOOTSTRAP
h1_djr	hmmer_family	metadata_augmented_secondary	5	1	0.9952606377061326	7.2000000000000011	0.0041345747815182852	0.98936170212765961	113	94	1200	1107	1200	731	CALIBRATION_NONZERO_FP_ROW_RESOLVABLE	DESCRIPTIVE_PAIRED_COMPONENT_BOOTSTRAP
h1_djr	mmseqs_s7.5	controlled_primary	1	2	0.96222205464691402	64.000000000000014	0.0042507142703701317	0.91489361702127658	114	94	1200	731	1200	1115	CALIBRATION_NONZERO_FP_ROW_RESOLVABLE	DESCRIPTIVE_PAIRED_COMPONENT_BOOTSTRAP
h1_djr	mmseqs_s7.5	controlled_primary	2	3	0.93466988121318972	70.000000000000014	0.004798381705334075	0.92307692307692313	178	65	1200	1115	1200	1112	CALIBRATION_NONZERO_FP_ROW_RESOLVABLE	DESCRIPTIVE_PAIRED_COMPONENT_BOOTSTRAP
h1_djr	mmseqs_s7.5	controlled_primary	3	4	0.826192194376277	68.000000000000014	0.004353221645276119	0.8125	115	48	1200	1112	1200	1109	CALIBRATION_NONZERO_FP_ROW_RESOLVABLE	DESCRIPTIVE_PAIRED_COMPONENT_BOOTSTRAP
h1_djr	mmseqs_s7.5	controlled_primary	4	5	0.96690873063052374	56.000000000000007	0.0045778612860565907	0.90109890109890112	114	91	1200	1109	1200	1107	CALIBRATION_NONZERO_FP_ROW_RESOLVABLE	DESCRIPTIVE_PAIRED_COMPONENT_BOOTSTRAP
h1_djr	mmseqs_s7.5	controlled_primary	5	1	0.96949693151614014	70.000000000000014	0.0041137822905778706	0.85106382978723405	113	94	1200	1107	1200	731	CALIBRATION_NONZERO_FP_ROW_RESOLVABLE	DESCRIPTIVE_PAIRED_COMPONENT_BOOTSTRAP
h1_djr	psiblast_longest_seed_positiveDB_3iter	resource_augmented_secondary	1	2	0.9957615310598138	62.70000000000001	0.0048156860217825606	0.98936170212765961	114	94	1200	731	1200	1115	CALIBRATION_NONZERO_FP_ROW_RESOLVABLE	DESCRIPTIVE_PAIRED_COMPONENT_BOOTSTRAP
h1_djr	psiblast_longest_seed_positiveDB_3iter	resource_augmented_secondary	2	3	0.96106319329750867	75.100000000000009	0.0042010101402205745	0.96923076923076923	178	65	1200	1115	1200	1112	CALIBRATION_NONZERO_FP_ROW_RESOLVABLE	DESCRIPTIVE_PAIRED_COMPONENT_BOOTSTRAP
h1_djr	psiblast_longest_seed_positiveDB_3iter	resource_augmented_secondary	3	4	0.93650514323565381	69.700000000000017	0.0049181933966885487	0.89583333333333337	115	48	1200	1112	1200	1109	CALIBRATION_NONZERO_FP_ROW_RESOLVABLE	DESCRIPTIVE_PAIRED_COMPONENT_BOOTSTRAP
h1_djr	psiblast_longest_seed_positiveDB_3iter	resource_augmented_secondary	4	5	0.98005072486042311	58.20000000000001	0.0045778612860565907	0.95604395604395609	114	91	1200	1109	1200	1107	CALIBRATION_NONZERO_FP_ROW_RESOLVABLE	DESCRIPTIVE_PAIRED_COMPONENT_BOOTSTRAP
h1_djr	psiblast_longest_seed_positiveDB_3iter	resource_augmented_secondary	5	1	0.97914599489375265	75.200000000000017	0.0041137822905778706	0.93617021276595747	113	94	1200	1107	1200	731	CALIBRATION_NONZERO_FP_ROW_RESOLVABLE	DESCRIPTIVE_PAIRED_COMPONENT_BOOTSTRAP
h2_vma_conditional	blastp	controlled_primary	1	2	0.99913156752062526	31.600000000000005	0	0.97872340425531912	55	47	59	47	59	47	CALIBRATION_NONZERO_FP_ROW_RESOLVABLE	CONDITIONAL_COMPONENT_BOOTSTRAP_RESOLUTION_LIMITED
h2_vma_conditional	blastp	controlled_primary	2	3	0.92806375401107233	29.300000000000004	0	0.88888888888888884	119	18	59	47	62	1	CALIBRATION_RESOLUTION_LIMITED_SINGLE_COMPONENT_ZERO_FP	CONDITIONAL_COMPONENT_BOOTSTRAP_RESOLUTION_LIMITED
h2_vma_conditional	blastp	controlled_primary	3	4	0.99970195873940282	29.600000000000005	0.0026455026455026454	0.95744680851063835	53	47	62	1	59	42	CALIBRATION_NONZERO_FP_ROW_RESOLVABLE	CONDITIONAL_COMPONENT_BOOTSTRAP_RESOLUTION_LIMITED
h2_vma_conditional	blastp	controlled_primary	4	5	0.98939805540781989	28.900000000000002	0	0.95918367346938771	55	49	59	42	59	46	CALIBRATION_NONZERO_FP_ROW_RESOLVABLE	CONDITIONAL_COMPONENT_BOOTSTRAP_RESOLUTION_LIMITED
h2_vma_conditional	blastp	controlled_primary	5	1	0.99813395315308107	35.800000000000004	0	0.9375	54	48	59	46	59	47	CALIBRATION_NONZERO_FP_ROW_RESOLVABLE	CONDITIONAL_COMPONENT_BOOTSTRAP_RESOLUTION_LIMITED
h2_vma_conditional	diamond_ultra	controlled_primary	1	2	0.9964797473987469	30.400000000000002	0	0.95744680851063835	55	47	59	47	59	47	CALIBRATION_NONZERO_FP_ROW_RESOLVABLE	CONDITIONAL_COMPONENT_BOOTSTRAP_RESOLUTION_LIMITED
h2_vma_conditional	diamond_ultra	controlled_primary	2	3	0.94288792789644582	27.700000000000003	0	0.88888888888888884	119	18	59	47	62	1	CALIBRATION_RESOLUTION_LIMITED_SINGLE_COMPONENT_ZERO_FP	CONDITIONAL_COMPONENT_BOOTSTRAP_RESOLUTION_LIMITED
h2_vma_conditional	diamond_ultra	controlled_primary	3	4	0.99942991120171998	29.600000000000005	0	0.91489361702127658	53	47	62	1	59	42	CALIBRATION_NONZERO_FP_ROW_RESOLVABLE	CONDITIONAL_COMPONENT_BOOTSTRAP_RESOLUTION_LIMITED
h2_vma_conditional	diamond_ultra	controlled_primary	4	5	0.97851619280190716	28.100000000000005	0	0.93877551020408168	55	49	59	42	59	46	CALIBRATION_NONZERO_FP_ROW_RESOLVABLE	CONDITIONAL_COMPONENT_BOOTSTRAP_RESOLUTION_LIMITED
h2_vma_conditional	diamond_ultra	controlled_primary	5	1	0.98580105828900721	32.000000000000007	0	0.95833333333333337	54	48	59	46	59	47	CALIBRATION_NONZERO_FP_ROW_RESOLVABLE	CONDITIONAL_COMPONENT_BOOTSTRAP_RESOLUTION_LIMITED
h2_vma_conditional	esm2_650m_cosine	controlled_primary	1	2	1	0.9820275902748109	0	1	55	47	59	47	59	47	CALIBRATION_NONZERO_FP_ROW_RESOLVABLE	CONDITIONAL_COMPONENT_BOOTSTRAP_RESOLUTION_LIMITED
h2_vma_conditional	esm2_650m_cosine	controlled_primary	2	3	0.98271414529564127	0.97383183240890514	0	0.99889988998899881	119	18	59	47	62	1	CALIBRATION_RESOLUTION_LIMITED_SINGLE_COMPONENT_ZERO_FP	CONDITIONAL_COMPONENT_BOOTSTRAP_RESOLUTION_LIMITED
h2_vma_conditional	esm2_650m_cosine	controlled_primary	3	4	0.99999635049815716	0.98123681545257579	0	0.98936170212765961	53	47	62	1	59	42	CALIBRATION_NONZERO_FP_ROW_RESOLVABLE	CONDITIONAL_COMPONENT_BOOTSTRAP_RESOLUTION_LIMITED
h2_vma_conditional	esm2_650m_cosine	controlled_primary	4	5	1	0.97945010662078869	0	1	55	49	59	42	59	46	CALIBRATION_NONZERO_FP_ROW_RESOLVABLE	CONDITIONAL_COMPONENT_BOOTSTRAP_RESOLUTION_LIMITED
h2_vma_conditional	esm2_650m_cosine	controlled_primary	5	1	1	0.9805625081062318	0	1	54	48	59	46	59	47	CALIBRATION_NONZERO_FP_ROW_RESOLVABLE	CONDITIONAL_COMPONENT_BOOTSTRAP_RESOLUTION_LIMITED
h2_vma_conditional	esmc6b_cosine	controlled_primary	1	2	0.98426953408454598	0.95028424263000499	0	0.92553191489361697	55	47	59	47	59	47	CALIBRATION_NONZERO_FP_ROW_RESOLVABLE	CONDITIONAL_COMPONENT_BOOTSTRAP_RESOLUTION_LIMITED
h2_vma_conditional	esmc6b_cosine	controlled_primary	2	3	0.95691657596737589	0.94387292861938488	0	0.87403740374037397	119	18	59	47	62	1	CALIBRATION_RESOLUTION_LIMITED_SINGLE_COMPONENT_ZERO_FP	CONDITIONAL_COMPONENT_BOOTSTRAP_RESOLUTION_LIMITED
h2_vma_conditional	esmc6b_cosine	controlled_primary	3	4	0.99990127842486487	0.94974541664123546	0	0.91489361702127658	53	47	62	1	59	42	CALIBRATION_NONZERO_FP_ROW_RESOLVABLE	CONDITIONAL_COMPONENT_BOOTSTRAP_RESOLUTION_LIMITED
h2_vma_conditional	esmc6b_cosine	controlled_primary	4	5	0.99253028728123383	0.95182168483734142	0	0.95918367346938771	55	49	59	42	59	46	CALIBRATION_NONZERO_FP_ROW_RESOLVABLE	CONDITIONAL_COMPONENT_BOOTSTRAP_RESOLUTION_LIMITED
h2_vma_conditional	esmc6b_cosine	controlled_primary	5	1	0.99671052631578949	0.94080746173858654	0	0.97916666666666663	54	48	59	46	59	47	CALIBRATION_NONZERO_FP_ROW_RESOLVABLE	CONDITIONAL_COMPONENT_BOOTSTRAP_RESOLUTION_LIMITED
h2_vma_conditional	esmc6b_supervised	operational_descriptive	1	2	1	-1.4969480037689207	0	1	55	47	59	47	59	47	CALIBRATION_NONZERO_FP_ROW_RESOLVABLE	CONDITIONAL_COMPONENT_BOOTSTRAP_RESOLUTION_LIMITED
h2_vma_conditional	esmc6b_supervised	operational_descriptive	2	3	1	-4.0988197326660147	0	1	119	18	59	47	62	1	CALIBRATION_RESOLUTION_LIMITED_SINGLE_COMPONENT_ZERO_FP	CONDITIONAL_COMPONENT_BOOTSTRAP_RESOLUTION_LIMITED
h2_vma_conditional	esmc6b_supervised	operational_descriptive	3	4	1	-3.4146709442138667	0	1	53	47	62	1	59	42	CALIBRATION_NONZERO_FP_ROW_RESOLVABLE	CONDITIONAL_COMPONENT_BOOTSTRAP_RESOLUTION_LIMITED
h2_vma_conditional	esmc6b_supervised	operational_descriptive	4	5	1	-3.6228992938995357	0	1	55	49	59	42	59	46	CALIBRATION_NONZERO_FP_ROW_RESOLVABLE	CONDITIONAL_COMPONENT_BOOTSTRAP_RESOLUTION_LIMITED
h2_vma_conditional	esmc6b_supervised	operational_descriptive	5	1	1	-3.2722039222717281	0	1	54	48	59	46	59	47	CALIBRATION_NONZERO_FP_ROW_RESOLVABLE	CONDITIONAL_COMPONENT_BOOTSTRAP_RESOLUTION_LIMITED
h2_vma_conditional	hmmer_component	controlled_primary	1	2	0.99955673758865249	8.3000000000000025	0	0.97872340425531912	55	47	59	47	59	47	CALIBRATION_NONZERO_FP_ROW_RESOLVABLE	CONDITIONAL_COMPONENT_BOOTSTRAP_RESOLUTION_LIMITED
h2_vma_conditional	hmmer_component	controlled_primary	2	3	0.96181749652331006	8.7000000000000011	0	0.88888888888888884	119	18	59	47	62	1	CALIBRATION_RESOLUTION_LIMITED_SINGLE_COMPONENT_ZERO_FP	CONDITIONAL_COMPONENT_BOOTSTRAP_RESOLUTION_LIMITED
h2_vma_conditional	hmmer_component	controlled_primary	3	4	0.99997049698076235	6.5000000000000009	0.0013227513227513227	0.97872340425531912	53	47	62	1	59	42	CALIBRATION_NONZERO_FP_ROW_RESOLVABLE	CONDITIONAL_COMPONENT_BOOTSTRAP_RESOLUTION_LIMITED
h2_vma_conditional	hmmer_component	controlled_primary	4	5	0.99509887333568603	5.2000000000000011	0	0.97959183673469385	55	49	59	42	59	46	CALIBRATION_NONZERO_FP_ROW_RESOLVABLE	CONDITIONAL_COMPONENT_BOOTSTRAP_RESOLUTION_LIMITED
h2_vma_conditional	hmmer_component	controlled_primary	5	1	0.99913036902601338	12.200000000000001	0	0.95833333333333337	54	48	59	46	59	47	CALIBRATION_NONZERO_FP_ROW_RESOLVABLE	CONDITIONAL_COMPONENT_BOOTSTRAP_RESOLUTION_LIMITED
h2_vma_conditional	hmmer_family	metadata_augmented_secondary	1	2	1	4.8000000000000007	0	1	55	47	59	47	59	47	CALIBRATION_NONZERO_FP_ROW_RESOLVABLE	CONDITIONAL_COMPONENT_BOOTSTRAP_RESOLUTION_LIMITED
h2_vma_conditional	hmmer_family	metadata_augmented_secondary	2	3	1	8.3000000000000025	0	0.94444444444444442	119	18	59	47	62	1	CALIBRATION_RESOLUTION_LIMITED_SINGLE_COMPONENT_ZERO_FP	CONDITIONAL_COMPONENT_BOOTSTRAP_RESOLUTION_LIMITED
h2_vma_conditional	hmmer_family	metadata_augmented_secondary	3	4	1	7.6000000000000005	0	1	53	47	62	1	59	42	CALIBRATION_NONZERO_FP_ROW_RESOLVABLE	CONDITIONAL_COMPONENT_BOOTSTRAP_RESOLUTION_LIMITED
h2_vma_conditional	hmmer_family	metadata_augmented_secondary	4	5	0.99705061462024203	5.7000000000000011	0	0.97959183673469385	55	49	59	42	59	46	CALIBRATION_NONZERO_FP_ROW_RESOLVABLE	CONDITIONAL_COMPONENT_BOOTSTRAP_RESOLUTION_LIMITED
h2_vma_conditional	hmmer_family	metadata_augmented_secondary	5	1	1	4.0000000000000009	0	0.97916666666666663	54	48	59	46	59	47	CALIBRATION_NONZERO_FP_ROW_RESOLVABLE	CONDITIONAL_COMPONENT_BOOTSTRAP_RESOLUTION_LIMITED
h2_vma_conditional	mmseqs_s7.5	controlled_primary	1	2	0.97085631488214441	31.000000000000004	0	0.93617021276595747	55	47	59	47	59	47	CALIBRATION_NONZERO_FP_ROW_RESOLVABLE	CONDITIONAL_COMPONENT_BOOTSTRAP_RESOLUTION_LIMITED
h2_vma_conditional	mmseqs_s7.5	controlled_primary	2	3	0.92872235581138862	35.000000000000007	0	0.83333333333333326	119	18	59	47	62	1	CALIBRATION_RESOLUTION_LIMITED_SINGLE_COMPONENT_ZERO_FP	CONDITIONAL_COMPONENT_BOOTSTRAP_RESOLUTION_LIMITED
h2_vma_conditional	mmseqs_s7.5	controlled_primary	3	4	0.99938057608419684	35.000000000000007	0	0.87234042553191493	53	47	62	1	59	42	CALIBRATION_NONZERO_FP_ROW_RESOLVABLE	CONDITIONAL_COMPONENT_BOOTSTRAP_RESOLUTION_LIMITED
h2_vma_conditional	mmseqs_s7.5	controlled_primary	4	5	0.98726645382878353	30.000000000000004	0.0019762845849802366	0.95918367346938771	55	49	59	42	59	46	CALIBRATION_NONZERO_FP_ROW_RESOLVABLE	CONDITIONAL_COMPONENT_BOOTSTRAP_RESOLUTION_LIMITED
h2_vma_conditional	mmseqs_s7.5	controlled_primary	5	1	0.98949479713298139	31.000000000000004	0	0.95833333333333337	54	48	59	46	59	47	CALIBRATION_NONZERO_FP_ROW_RESOLVABLE	CONDITIONAL_COMPONENT_BOOTSTRAP_RESOLUTION_LIMITED
h2_vma_conditional	psiblast_longest_seed_positiveDB_3iter	resource_augmented_secondary	1	2	1	37.20000000000001	0	1	55	47	59	47	59	47	CALIBRATION_NONZERO_FP_ROW_RESOLVABLE	CONDITIONAL_COMPONENT_BOOTSTRAP_RESOLUTION_LIMITED
h2_vma_conditional	psiblast_longest_seed_positiveDB_3iter	resource_augmented_secondary	2	3	0.99999999999999989	30.900000000000002	0	1	119	18	59	47	62	1	CALIBRATION_RESOLUTION_LIMITED_SINGLE_COMPONENT_ZERO_FP	CONDITIONAL_COMPONENT_BOOTSTRAP_RESOLUTION_LIMITED
h2_vma_conditional	psiblast_longest_seed_positiveDB_3iter	resource_augmented_secondary	3	4	1	35.70000000000001	0	0.95744680851063835	53	47	62	1	59	42	CALIBRATION_NONZERO_FP_ROW_RESOLVABLE	CONDITIONAL_COMPONENT_BOOTSTRAP_RESOLUTION_LIMITED
h2_vma_conditional	psiblast_longest_seed_positiveDB_3iter	resource_augmented_secondary	4	5	0.99131053118111367	31.300000000000004	0	0.95918367346938771	55	49	59	42	59	46	CALIBRATION_NONZERO_FP_ROW_RESOLVABLE	CONDITIONAL_COMPONENT_BOOTSTRAP_RESOLUTION_LIMITED
h2_vma_conditional	psiblast_longest_seed_positiveDB_3iter	resource_augmented_secondary	5	1	0.99992039872710969	32.600000000000009	0	0.95833333333333337	54	48	59	46	59	47	CALIBRATION_NONZERO_FP_ROW_RESOLVABLE	CONDITIONAL_COMPONENT_BOOTSTRAP_RESOLUTION_LIMITED
vma_end_to_end	blastp	controlled_primary	1	2	0.99538534413053192	31.600000000000005	0.0027142274065003972	0.97872340425531912	55	47	1259	778	1259	1162	CALIBRATION_NONZERO_FP_ROW_RESOLVABLE	CONDITIONAL_COMPONENT_BOOTSTRAP_RESOLUTION_LIMITED
vma_end_to_end	blastp	controlled_primary	2	3	0.88780519217338971	31.600000000000005	0.0038980112055691423	0.88888888888888884	119	18	1259	1162	1262	1113	CALIBRATION_NONZERO_FP_ROW_RESOLVABLE	CONDITIONAL_COMPONENT_BOOTSTRAP_RESOLUTION_LIMITED
vma_end_to_end	blastp	controlled_primary	3	4	0.95553074387895753	31.200000000000003	0.0044522822028455417	0.93617021276595747	53	47	1262	1113	1259	1151	CALIBRATION_NONZERO_FP_ROW_RESOLVABLE	CONDITIONAL_COMPONENT_BOOTSTRAP_RESOLUTION_LIMITED
vma_end_to_end	blastp	controlled_primary	4	5	0.96226615377904445	31.600000000000005	0.0048315504170321974	0.95918367346938771	55	49	1259	1151	1259	1153	CALIBRATION_NONZERO_FP_ROW_RESOLVABLE	CONDITIONAL_COMPONENT_BOOTSTRAP_RESOLUTION_LIMITED
vma_end_to_end	blastp	controlled_primary	5	1	0.97123676514517265	35.800000000000004	0	0.9375	54	48	1259	1153	1259	778	CALIBRATION_NONZERO_FP_ROW_RESOLVABLE	CONDITIONAL_COMPONENT_BOOTSTRAP_RESOLUTION_LIMITED
vma_end_to_end	diamond_ultra	controlled_primary	1	2	0.98930718887275026	30.400000000000002	0.0030310841872355052	0.95744680851063835	55	47	1259	778	1259	1162	CALIBRATION_NONZERO_FP_ROW_RESOLVABLE	CONDITIONAL_COMPONENT_BOOTSTRAP_RESOLUTION_LIMITED
vma_end_to_end	diamond_ultra	controlled_primary	2	3	0.90110675813447016	30.400000000000002	0.004198853564173234	0.88888888888888884	119	18	1259	1162	1262	1113	CALIBRATION_NONZERO_FP_ROW_RESOLVABLE	CONDITIONAL_COMPONENT_BOOTSTRAP_RESOLUTION_LIMITED
vma_end_to_end	diamond_ultra	controlled_primary	3	4	0.94726489976785466	29.600000000000005	0.0045295712093008063	0.91489361702127658	53	47	1262	1113	1259	1151	CALIBRATION_NONZERO_FP_ROW_RESOLVABLE	CONDITIONAL_COMPONENT_BOOTSTRAP_RESOLUTION_LIMITED
vma_end_to_end	diamond_ultra	controlled_primary	4	5	0.94637221503748337	29.300000000000004	0.0041954181015105693	0.93877551020408168	55	49	1259	1151	1259	1153	CALIBRATION_NONZERO_FP_ROW_RESOLVABLE	CONDITIONAL_COMPONENT_BOOTSTRAP_RESOLUTION_LIMITED
vma_end_to_end	diamond_ultra	controlled_primary	5	1	0.9644781572105996	32.000000000000007	0.0009208103130755067	0.95833333333333337	54	48	1259	1153	1259	778	CALIBRATION_NONZERO_FP_ROW_RESOLVABLE	CONDITIONAL_COMPONENT_BOOTSTRAP_RESOLUTION_LIMITED
vma_end_to_end	esm2_650m_cosine	controlled_primary	1	2	0.9991040440621699	0.9820275902748109	0.0029623423771777189	1	55	47	1259	778	1259	1162	CALIBRATION_NONZERO_FP_ROW_RESOLVABLE	CONDITIONAL_COMPONENT_BOOTSTRAP_RESOLUTION_LIMITED
vma_end_to_end	esm2_650m_cosine	controlled_primary	2	3	0.96393946108052564	0.98089742660522472	0.0048005382813814165	0.94004400440044	119	18	1259	1162	1262	1113	CALIBRATION_NONZERO_FP_ROW_RESOLVABLE	CONDITIONAL_COMPONENT_BOOTSTRAP_RESOLUTION_LIMITED
vma_end_to_end	esm2_650m_cosine	controlled_primary	3	4	0.99091621040049138	0.98123681545257579	0.0024144650185602473	0.98936170212765961	53	47	1262	1113	1259	1151	CALIBRATION_NONZERO_FP_ROW_RESOLVABLE	CONDITIONAL_COMPONENT_BOOTSTRAP_RESOLUTION_LIMITED
vma_end_to_end	esm2_650m_cosine	controlled_primary	4	5	0.99896275857281691	0.98203963041305553	0.004895927443817406	1	55	49	1259	1151	1259	1153	CALIBRATION_NONZERO_FP_ROW_RESOLVABLE	CONDITIONAL_COMPONENT_BOOTSTRAP_RESOLUTION_LIMITED
vma_end_to_end	esm2_650m_cosine	controlled_primary	5	1	1	0.9805625081062318	0.0018217112139764079	1	54	48	1259	1153	1259	778	CALIBRATION_NONZERO_FP_ROW_RESOLVABLE	CONDITIONAL_COMPONENT_BOOTSTRAP_RESOLUTION_LIMITED
vma_end_to_end	esmc6b_cosine	controlled_primary	1	2	0.95303917192681997	0.95140552520751964	0.004367253120233722	0.92553191489361697	55	47	1259	778	1259	1162	CALIBRATION_NONZERO_FP_ROW_RESOLVABLE	CONDITIONAL_COMPONENT_BOOTSTRAP_RESOLUTION_LIMITED
vma_end_to_end	esmc6b_cosine	controlled_primary	2	3	0.87948198670351363	0.95229995250701915	0.0048091645855707823	0.87183718371837171	119	18	1259	1162	1262	1113	CALIBRATION_NONZERO_FP_ROW_RESOLVABLE	CONDITIONAL_COMPONENT_BOOTSTRAP_RESOLUTION_LIMITED
vma_end_to_end	esmc6b_cosine	controlled_primary	3	4	0.96522657386153465	0.94974541664123546	0.002569043031470777	0.91489361702127658	53	47	1262	1113	1259	1151	CALIBRATION_NONZERO_FP_ROW_RESOLVABLE	CONDITIONAL_COMPONENT_BOOTSTRAP_RESOLUTION_LIMITED
vma_end_to_end	esmc6b_cosine	controlled_primary	4	5	0.97931862926161706	0.95195657014846813	0.0043885491818661925	0.95918367346938771	55	49	1259	1151	1259	1153	CALIBRATION_NONZERO_FP_ROW_RESOLVABLE	CONDITIONAL_COMPONENT_BOOTSTRAP_RESOLUTION_LIMITED
vma_end_to_end	esmc6b_cosine	controlled_primary	5	1	0.98689058956916098	0.946222484111786	0.0046040515653775335	0.97916666666666663	54	48	1259	1153	1259	778	CALIBRATION_NONZERO_FP_ROW_RESOLVABLE	CONDITIONAL_COMPONENT_BOOTSTRAP_RESOLUTION_LIMITED
vma_end_to_end	esmc6b_supervised	operational_descriptive	1	2	0.97916666666666663	1.6220988407664683	0.0026798565014715045	1	55	47	1259	778	1259	1162	CALIBRATION_NONZERO_FP_ROW_RESOLVABLE	CONDITIONAL_COMPONENT_BOOTSTRAP_RESOLUTION_LIMITED
vma_end_to_end	esmc6b_supervised	operational_descriptive	2	3	0.62973760932944534	1.7993405494535819	0	0	119	18	1259	1162	1262	1113	CALIBRATION_NONZERO_FP_ROW_RESOLVABLE	CONDITIONAL_COMPONENT_BOOTSTRAP_RESOLUTION_LIMITED
vma_end_to_end	esmc6b_supervised	operational_descriptive	3	4	0.90384615384615385	1.7298184705906221	0.0049419243874029807	1	53	47	1262	1113	1259	1151	CALIBRATION_NONZERO_FP_ROW_RESOLVABLE	CONDITIONAL_COMPONENT_BOOTSTRAP_RESOLUTION_LIMITED
vma_end_to_end	esmc6b_supervised	operational_descriptive	4	5	0.90740740740740744	2.021693393629862	0.0045456727726639872	1	55	49	1259	1151	1259	1153	CALIBRATION_NONZERO_FP_ROW_RESOLVABLE	CONDITIONAL_COMPONENT_BOOTSTRAP_RESOLUTION_LIMITED
vma_end_to_end	esmc6b_supervised	operational_descriptive	5	1	0.94117647058823528	1.8234136031519292	0.0045244139166791117	1	54	48	1259	1153	1259	778	CALIBRATION_NONZERO_FP_ROW_RESOLVABLE	CONDITIONAL_COMPONENT_BOOTSTRAP_RESOLUTION_LIMITED
vma_end_to_end	hmmer_component	controlled_primary	1	2	0.98718491145586884	9.0000000000000018	0.0049322248716461509	0.97872340425531912	55	47	1259	778	1259	1162	CALIBRATION_NONZERO_FP_ROW_RESOLVABLE	CONDITIONAL_COMPONENT_BOOTSTRAP_RESOLUTION_LIMITED
vma_end_to_end	hmmer_component	controlled_primary	2	3	0.9024880125253073	9.7000000000000011	0.0048048514334760994	0.88888888888888884	119	18	1259	1162	1262	1113	CALIBRATION_NONZERO_FP_ROW_RESOLVABLE	CONDITIONAL_COMPONENT_BOOTSTRAP_RESOLUTION_LIMITED
vma_end_to_end	hmmer_component	controlled_primary	3	4	0.98049159999447966	8.0000000000000018	0.0041819693888535533	0.97872340425531912	53	47	1262	1113	1259	1151	CALIBRATION_NONZERO_FP_ROW_RESOLVABLE	CONDITIONAL_COMPONENT_BOOTSTRAP_RESOLUTION_LIMITED
vma_end_to_end	hmmer_component	controlled_primary	4	5	0.97927297313305994	8.6000000000000014	0.0046422383128417984	0.97959183673469385	55	49	1259	1151	1259	1153	CALIBRATION_NONZERO_FP_ROW_RESOLVABLE	CONDITIONAL_COMPONENT_BOOTSTRAP_RESOLUTION_LIMITED
vma_end_to_end	hmmer_component	controlled_primary	5	1	0.98040216353567777	12.200000000000001	3.9604744648408896e-06	0.95833333333333337	54	48	1259	1153	1259	778	CALIBRATION_NONZERO_FP_ROW_RESOLVABLE	CONDITIONAL_COMPONENT_BOOTSTRAP_RESOLUTION_LIMITED
vma_end_to_end	hmmer_family	metadata_augmented_secondary	1	2	1	5.5000000000000009	0.0049322248716461518	1	55	47	1259	778	1259	1162	CALIBRATION_NONZERO_FP_ROW_RESOLVABLE	CONDITIONAL_COMPONENT_BOOTSTRAP_RESOLUTION_LIMITED
vma_end_to_end	hmmer_family	metadata_augmented_secondary	2	3	0.99206349206349187	8.3000000000000025	0.00060168471720818293	0.94444444444444442	119	18	1259	1162	1262	1113	CALIBRATION_NONZERO_FP_ROW_RESOLVABLE	CONDITIONAL_COMPONENT_BOOTSTRAP_RESOLUTION_LIMITED
vma_end_to_end	hmmer_family	metadata_augmented_secondary	3	4	1	7.6000000000000005	0.0005649717514124294	1	53	47	1262	1113	1259	1151	CALIBRATION_NONZERO_FP_ROW_RESOLVABLE	CONDITIONAL_COMPONENT_BOOTSTRAP_RESOLUTION_LIMITED
vma_end_to_end	hmmer_family	metadata_augmented_secondary	4	5	0.98288539469216529	6.1000000000000005	0.0039095404571423582	0.97959183673469385	55	49	1259	1151	1259	1153	CALIBRATION_NONZERO_FP_ROW_RESOLVABLE	CONDITIONAL_COMPONENT_BOOTSTRAP_RESOLUTION_LIMITED
vma_end_to_end	hmmer_family	metadata_augmented_secondary	5	1	0.99076445931069534	6.6000000000000005	0.0045960235765974506	0.97916666666666663	54	48	1259	1153	1259	778	CALIBRATION_NONZERO_FP_ROW_RESOLVABLE	CONDITIONAL_COMPONENT_BOOTSTRAP_RESOLUTION_LIMITED
vma_end_to_end	mmseqs_s7.5	controlled_primary	1	2	0.94191386625642515	31.000000000000004	0.0021492556550879679	0.93617021276595747	55	47	1259	778	1259	1162	CALIBRATION_NONZERO_FP_ROW_RESOLVABLE	CONDITIONAL_COMPONENT_BOOTSTRAP_RESOLUTION_LIMITED
vma_end_to_end	mmseqs_s7.5	controlled_primary	2	3	0.86770437066633488	35.000000000000007	0.0011990562823216836	0.83333333333333326	119	18	1259	1162	1262	1113	CALIBRATION_NONZERO_FP_ROW_RESOLVABLE	CONDITIONAL_COMPONENT_BOOTSTRAP_RESOLUTION_LIMITED
vma_end_to_end	mmseqs_s7.5	controlled_primary	3	4	0.93009645788785322	35.000000000000007	0	0.87234042553191493	53	47	1262	1113	1259	1151	CALIBRATION_NONZERO_FP_ROW_RESOLVABLE	CONDITIONAL_COMPONENT_BOOTSTRAP_RESOLUTION_LIMITED
vma_end_to_end	mmseqs_s7.5	controlled_primary	4	5	0.95401140144522212	32.000000000000007	0.0037524168663445635	0.93877551020408168	55	49	1259	1151	1259	1153	CALIBRATION_NONZERO_FP_ROW_RESOLVABLE	CONDITIONAL_COMPONENT_BOOTSTRAP_RESOLUTION_LIMITED
vma_end_to_end	mmseqs_s7.5	controlled_primary	5	1	0.96460559012479175	33.000000000000007	0.00092675102477276789	0.95833333333333337	54	48	1259	1153	1259	778	CALIBRATION_NONZERO_FP_ROW_RESOLVABLE	CONDITIONAL_COMPONENT_BOOTSTRAP_RESOLUTION_LIMITED
vma_end_to_end	psiblast_longest_seed_positiveDB_3iter	resource_augmented_secondary	1	2	1	37.20000000000001	0	1	55	47	1259	778	1259	1162	CALIBRATION_NONZERO_FP_ROW_RESOLVABLE	CONDITIONAL_COMPONENT_BOOTSTRAP_RESOLUTION_LIMITED
vma_end_to_end	psiblast_longest_seed_positiveDB_3iter	resource_augmented_secondary	2	3	1	31.300000000000004	0.0044932261946353013	1	119	18	1259	1162	1262	1113	CALIBRATION_NONZERO_FP_ROW_RESOLVABLE	CONDITIONAL_COMPONENT_BOOTSTRAP_RESOLUTION_LIMITED
vma_end_to_end	psiblast_longest_seed_positiveDB_3iter	resource_augmented_secondary	3	4	0.99513633696692727	35.70000000000001	0.0012072325092801236	0.95744680851063835	53	47	1262	1113	1259	1151	CALIBRATION_NONZERO_FP_ROW_RESOLVABLE	CONDITIONAL_COMPONENT_BOOTSTRAP_RESOLUTION_LIMITED
vma_end_to_end	psiblast_longest_seed_positiveDB_3iter	resource_augmented_secondary	4	5	0.96848494544944497	33.300000000000004	0.0043885491818661925	0.95918367346938771	55	49	1259	1151	1259	1153	CALIBRATION_NONZERO_FP_ROW_RESOLVABLE	CONDITIONAL_COMPONENT_BOOTSTRAP_RESOLUTION_LIMITED
vma_end_to_end	psiblast_longest_seed_positiveDB_3iter	resource_augmented_secondary	5	1	0.98600241497147778	32.600000000000009	0.0045681932154931632	0.95833333333333337	54	48	1259	1153	1259	778	CALIBRATION_NONZERO_FP_ROW_RESOLVABLE	CONDITIONAL_COMPONENT_BOOTSTRAP_RESOLUTION_LIMITED
