task	method	track	specificity_target	evaluation_fold	heldout_fold	calibration_fold	calibration_role	evaluation_role	fit_folds	threshold	calibration_negative_records	calibration_negative_components	calibration_negative_sources	calibration_achieved_source_balanced_fpr	minimum_nonzero_negative_row_fpr_mass	calibration_resolution_status	endpoint_status
h1_djr	blastp	controlled_primary	0.9900	1	1	2	calibration	evaluation	3,4,5	48.500000000000007	1200	1115	2	0.0095416854632553519	0.0001694915254237288	CALIBRATION_NONZERO_FP_ROW_RESOLVABLE	SECONDARY
h1_djr	blastp	controlled_primary	0.9950	1	1	2	calibration	evaluation	3,4,5	61.20000000000001	1200	1115	2	0.0042507142703701317	0.0001694915254237288	CALIBRATION_NONZERO_FP_ROW_RESOLVABLE	PRIMARY
h1_djr	blastp	controlled_primary	0.9990	1	1	2	calibration	evaluation	3,4,5	82.40000000000002	1200	1115	2	0.00084745762711864404	0.0001694915254237288	CALIBRATION_NONZERO_FP_ROW_RESOLVABLE	RESOLUTION_LIMITED_SECONDARY
h1_djr	blastp	controlled_primary	0.9900	2	2	3	calibration	evaluation	1,4,5	50.800000000000004	1200	1112	2	0.0098889794650828759	0.00012800819252432156	CALIBRATION_NONZERO_FP_ROW_RESOLVABLE	SECONDARY
h1_djr	blastp	controlled_primary	0.9950	2	2	3	calibration	evaluation	1,4,5	69.300000000000011	1200	1112	2	0.004798381705334075	0.00012800819252432156	CALIBRATION_NONZERO_FP_ROW_RESOLVABLE	PRIMARY
h1_djr	blastp	controlled_primary	0.9990	2	2	3	calibration	evaluation	1,4,5	114.00000000000001	1200	1112	2	0.0009025270758122744	0.00012800819252432156	CALIBRATION_NONZERO_FP_ROW_RESOLVABLE	RESOLUTION_LIMITED_SECONDARY
h1_djr	blastp	controlled_primary	0.9900	3	3	4	calibration	evaluation	1,2,5	51.20000000000001	1200	1109	2	0.0098928839685183418	0.00012106537530266344	CALIBRATION_NONZERO_FP_ROW_RESOLVABLE	SECONDARY
h1_djr	blastp	controlled_primary	0.9950	3	3	4	calibration	evaluation	1,2,5	61.600000000000009	1200	1109	2	0.00494644198425917	0.00012106537530266344	CALIBRATION_NONZERO_FP_ROW_RESOLVABLE	PRIMARY
h1_djr	blastp	controlled_primary	0.9990	3	3	4	calibration	evaluation	1,2,5	70.500000000000014	1200	1109	2	0.00084745762711864426	0.00012106537530266344	CALIBRATION_NONZERO_FP_ROW_RESOLVABLE	RESOLUTION_LIMITED_SECONDARY
h1_djr	blastp	controlled_primary	0.9900	4	4	5	calibration	evaluation	1,2,3	43.100000000000009	1200	1107	2	0.0090591570319353693	0.00012251899044351874	CALIBRATION_NONZERO_FP_ROW_RESOLVABLE	SECONDARY
h1_djr	blastp	controlled_primary	0.9950	4	4	5	calibration	evaluation	1,2,3	52.800000000000004	1200	1107	2	0.0045778612860565907	0.00012251899044351874	CALIBRATION_NONZERO_FP_ROW_RESOLVABLE	PRIMARY
h1_djr	blastp	controlled_primary	0.9990	4	4	5	calibration	evaluation	1,2,3	77.000000000000014	1200	1107	2	0.00095419847328244271	0.00012251899044351874	CALIBRATION_NONZERO_FP_ROW_RESOLVABLE	RESOLUTION_LIMITED_SECONDARY
h1_djr	blastp	controlled_primary	0.9900	5	5	1	calibration	evaluation	2,3,4	39.300000000000004	1200	731	2	0.0096117504066176307	2.9703558486306659e-06	CALIBRATION_NONZERO_FP_ROW_RESOLVABLE	SECONDARY
h1_djr	blastp	controlled_primary	0.9950	5	5	1	calibration	evaluation	2,3,4	60.500000000000007	1200	731	2	0.0041137822905778706	2.9703558486306659e-06	CALIBRATION_NONZERO_FP_ROW_RESOLVABLE	PRIMARY
h1_djr	blastp	controlled_primary	0.9990	5	5	1	calibration	evaluation	2,3,4	91.300000000000011	1200	731	2	0	2.9703558486306659e-06	CALIBRATION_NONZERO_FP_ROW_RESOLVABLE	RESOLUTION_LIMITED_SECONDARY
h1_djr	diamond_ultra	controlled_primary	0.9900	1	1	2	calibration	evaluation	3,4,5	47.400000000000006	1200	1115	2	0.0094385727481686756	0.0001694915254237288	CALIBRATION_NONZERO_FP_ROW_RESOLVABLE	SECONDARY
h1_djr	diamond_ultra	controlled_primary	0.9950	1	1	2	calibration	evaluation	3,4,5	60.800000000000004	1200	1115	2	0.0042507142703701317	0.0001694915254237288	CALIBRATION_NONZERO_FP_ROW_RESOLVABLE	PRIMARY
h1_djr	diamond_ultra	controlled_primary	0.9990	1	1	2	calibration	evaluation	3,4,5	83.200000000000017	1200	1115	2	0.00084745762711864404	0.0001694915254237288	CALIBRATION_NONZERO_FP_ROW_RESOLVABLE	RESOLUTION_LIMITED_SECONDARY
h1_djr	diamond_ultra	controlled_primary	0.9900	2	2	3	calibration	evaluation	1,4,5	52.800000000000004	1200	1112	2	0.0098889794650828759	0.00012800819252432156	CALIBRATION_NONZERO_FP_ROW_RESOLVABLE	SECONDARY
h1_djr	diamond_ultra	controlled_primary	0.9950	2	2	3	calibration	evaluation	1,4,5	67.40000000000002	1200	1112	2	0.0039023243576638243	0.00012800819252432156	CALIBRATION_NONZERO_FP_ROW_RESOLVABLE	PRIMARY
h1_djr	diamond_ultra	controlled_primary	0.9990	2	2	3	calibration	evaluation	1,4,5	110.00000000000001	1200	1112	2	0	0.00012800819252432156	CALIBRATION_NONZERO_FP_ROW_RESOLVABLE	RESOLUTION_LIMITED_SECONDARY
h1_djr	diamond_ultra	controlled_primary	0.9900	3	3	4	calibration	evaluation	1,2,5	48.500000000000007	1200	1109	2	0.0098928839685183418	0.00012106537530266344	CALIBRATION_NONZERO_FP_ROW_RESOLVABLE	SECONDARY
h1_djr	diamond_ultra	controlled_primary	0.9950	3	3	4	calibration	evaluation	1,2,5	63.900000000000006	1200	1109	2	0.0042372881355932212	0.00012106537530266344	CALIBRATION_NONZERO_FP_ROW_RESOLVABLE	PRIMARY
h1_djr	diamond_ultra	controlled_primary	0.9990	3	3	4	calibration	evaluation	1,2,5	75.500000000000014	1200	1109	2	0.00084745762711864426	0.00012106537530266344	CALIBRATION_NONZERO_FP_ROW_RESOLVABLE	RESOLUTION_LIMITED_SECONDARY
h1_djr	diamond_ultra	controlled_primary	0.9900	4	4	5	calibration	evaluation	1,2,3	37.400000000000006	1200	1107	2	0.0091557225721131796	0.00012251899044351874	CALIBRATION_NONZERO_FP_ROW_RESOLVABLE	SECONDARY
h1_djr	diamond_ultra	controlled_primary	0.9950	4	4	5	calibration	evaluation	1,2,3	45.800000000000004	1200	1107	2	0.0046744268262344018	0.00012251899044351874	CALIBRATION_NONZERO_FP_ROW_RESOLVABLE	PRIMARY
h1_djr	diamond_ultra	controlled_primary	0.9990	4	4	5	calibration	evaluation	1,2,3	59.70000000000001	1200	1107	2	0.00095419847328244271	0.00012251899044351874	CALIBRATION_NONZERO_FP_ROW_RESOLVABLE	RESOLUTION_LIMITED_SECONDARY
h1_djr	diamond_ultra	controlled_primary	0.9900	5	5	1	calibration	evaluation	2,3,4	33.100000000000009	1200	731	2	0.0096416145248795389	2.9703558486306659e-06	CALIBRATION_NONZERO_FP_ROW_RESOLVABLE	SECONDARY
h1_djr	diamond_ultra	controlled_primary	0.9950	5	5	1	calibration	evaluation	2,3,4	48.500000000000007	1200	731	2	0.0041466167646884095	2.9703558486306659e-06	CALIBRATION_NONZERO_FP_ROW_RESOLVABLE	PRIMARY
h1_djr	diamond_ultra	controlled_primary	0.9990	5	5	1	calibration	evaluation	2,3,4	93.600000000000009	1200	731	2	0	2.9703558486306659e-06	CALIBRATION_NONZERO_FP_ROW_RESOLVABLE	RESOLUTION_LIMITED_SECONDARY
h1_djr	esm2_650m_cosine	controlled_primary	0.9900	1	1	2	calibration	evaluation	3,4,5	0.98379218578338634	1200	1115	2	0.009196365276793194	0.0001694915254237288	CALIBRATION_NONZERO_FP_ROW_RESOLVABLE	SECONDARY
h1_djr	esm2_650m_cosine	controlled_primary	0.9950	1	1	2	calibration	evaluation	3,4,5	0.9845714569091798	1200	1115	2	0.0047528517110266158	0.0001694915254237288	CALIBRATION_NONZERO_FP_ROW_RESOLVABLE	PRIMARY
h1_djr	esm2_650m_cosine	controlled_primary	0.9990	1	1	2	calibration	evaluation	3,4,5	0.98638778924942028	1200	1115	2	0.00095057034220532319	0.0001694915254237288	CALIBRATION_NONZERO_FP_ROW_RESOLVABLE	RESOLUTION_LIMITED_SECONDARY
h1_djr	esm2_650m_cosine	controlled_primary	0.9900	2	2	3	calibration	evaluation	1,4,5	0.98369526863098156	1200	1112	2	0.0099148583776509716	0.00012800819252432156	CALIBRATION_NONZERO_FP_ROW_RESOLVABLE	SECONDARY
h1_djr	esm2_650m_cosine	controlled_primary	0.9950	2	2	3	calibration	evaluation	1,4,5	0.98530203104019176	1200	1112	2	0.0044996959227773248	0.00012800819252432156	CALIBRATION_NONZERO_FP_ROW_RESOLVABLE	PRIMARY
h1_djr	esm2_650m_cosine	controlled_primary	0.9990	2	2	3	calibration	evaluation	1,4,5	0.98791599273681652	1200	1112	2	0.0009025270758122744	0.00012800819252432156	CALIBRATION_NONZERO_FP_ROW_RESOLVABLE	RESOLUTION_LIMITED_SECONDARY
h1_djr	esm2_650m_cosine	controlled_primary	0.9900	3	3	4	calibration	evaluation	1,2,5	0.98408675193786632	1200	1109	2	0.0095939061428431498	0.00012106537530266344	CALIBRATION_NONZERO_FP_ROW_RESOLVABLE	SECONDARY
h1_djr	esm2_650m_cosine	controlled_primary	0.9950	3	3	4	calibration	evaluation	1,2,5	0.9857306480407716	1200	1109	2	0.0045850886646419137	0.00012106537530266344	CALIBRATION_NONZERO_FP_ROW_RESOLVABLE	PRIMARY
h1_djr	esm2_650m_cosine	controlled_primary	0.9990	3	3	4	calibration	evaluation	1,2,5	0.98750263452529918	1200	1109	2	0.00084745762711864426	0.00012106537530266344	CALIBRATION_NONZERO_FP_ROW_RESOLVABLE	RESOLUTION_LIMITED_SECONDARY
h1_djr	esm2_650m_cosine	controlled_primary	0.9900	4	4	5	calibration	evaluation	1,2,3	0.98343682289123546	1200	1107	2	0.0091557225721131813	0.00012251899044351874	CALIBRATION_NONZERO_FP_ROW_RESOLVABLE	SECONDARY
h1_djr	esm2_650m_cosine	controlled_primary	0.9950	4	4	5	calibration	evaluation	1,2,3	0.9850679636001588	1200	1107	2	0.0046744268262344018	0.00012251899044351874	CALIBRATION_NONZERO_FP_ROW_RESOLVABLE	PRIMARY
h1_djr	esm2_650m_cosine	controlled_primary	0.9990	4	4	5	calibration	evaluation	1,2,3	0.98612141609191906	1200	1107	2	0.00095419847328244271	0.00012251899044351874	CALIBRATION_NONZERO_FP_ROW_RESOLVABLE	RESOLUTION_LIMITED_SECONDARY
h1_djr	esm2_650m_cosine	controlled_primary	0.9900	5	5	1	calibration	evaluation	2,3,4	0.9840838909149171	1200	731	2	0.0095789159325070927	2.9703558486306659e-06	CALIBRATION_NONZERO_FP_ROW_RESOLVABLE	SECONDARY
h1_djr	esm2_650m_cosine	controlled_primary	0.9950	5	5	1	calibration	evaluation	2,3,4	0.98541188240051281	1200	731	2	0.0040839181723159625	2.9703558486306659e-06	CALIBRATION_NONZERO_FP_ROW_RESOLVABLE	PRIMARY
h1_djr	esm2_650m_cosine	controlled_primary	0.9990	5	5	1	calibration	evaluation	2,3,4	0.98801416158676159	1200	731	2	0	2.9703558486306659e-06	CALIBRATION_NONZERO_FP_ROW_RESOLVABLE	RESOLUTION_LIMITED_SECONDARY
h1_djr	esmc6b_cosine	controlled_primary	0.9900	1	1	2	calibration	evaluation	3,4,5	0.95330661535263073	1200	1115	2	0.0092994779918798738	0.0001694915254237288	CALIBRATION_NONZERO_FP_ROW_RESOLVABLE	SECONDARY
h1_djr	esmc6b_cosine	controlled_primary	0.9950	1	1	2	calibration	evaluation	3,4,5	0.95601242780685436	1200	1115	2	0.0046497389959399369	0.0001694915254237288	CALIBRATION_NONZERO_FP_ROW_RESOLVABLE	PRIMARY
h1_djr	esmc6b_cosine	controlled_primary	0.9990	1	1	2	calibration	evaluation	3,4,5	0.96339207887649547	1200	1115	2	0.00095057034220532319	0.0001694915254237288	CALIBRATION_NONZERO_FP_ROW_RESOLVABLE	RESOLUTION_LIMITED_SECONDARY
h1_djr	esmc6b_cosine	controlled_primary	0.9900	2	2	3	calibration	evaluation	1,4,5	0.95659255981445324	1200	1112	2	0.009921328105792996	0.00012800819252432156	CALIBRATION_NONZERO_FP_ROW_RESOLVABLE	SECONDARY
h1_djr	esmc6b_cosine	controlled_primary	0.9950	2	2	3	calibration	evaluation	1,4,5	0.95912015438079845	1200	1112	2	0.0045126353790613718	0.00012800819252432156	CALIBRATION_NONZERO_FP_ROW_RESOLVABLE	PRIMARY
h1_djr	esmc6b_cosine	controlled_primary	0.9990	2	2	3	calibration	evaluation	1,4,5	0.96602606773376476	1200	1112	2	0.0009025270758122744	0.00012800819252432156	CALIBRATION_NONZERO_FP_ROW_RESOLVABLE	RESOLUTION_LIMITED_SECONDARY
h1_djr	esmc6b_cosine	controlled_primary	0.9900	3	3	4	calibration	evaluation	1,2,5	0.95384156703948986	1200	1109	2	0.009633911368015417	0.00012106537530266344	CALIBRATION_NONZERO_FP_ROW_RESOLVABLE	SECONDARY
h1_djr	esmc6b_cosine	controlled_primary	0.9950	3	3	4	calibration	evaluation	1,2,5	0.95850592851638805	1200	1109	2	0.0048169556840077085	0.00012106537530266344	CALIBRATION_NONZERO_FP_ROW_RESOLVABLE	PRIMARY
h1_djr	esmc6b_cosine	controlled_primary	0.9990	3	3	4	calibration	evaluation	1,2,5	0.96451717615127575	1200	1109	2	0.00096339113680154163	0.00012106537530266344	CALIBRATION_NONZERO_FP_ROW_RESOLVABLE	RESOLUTION_LIMITED_SECONDARY
h1_djr	esmc6b_cosine	controlled_primary	0.9900	4	4	5	calibration	evaluation	1,2,3	0.95541429519653331	1200	1107	2	0.0093488536524688037	0.00012251899044351874	CALIBRATION_NONZERO_FP_ROW_RESOLVABLE	SECONDARY
h1_djr	esmc6b_cosine	controlled_primary	0.9950	4	4	5	calibration	evaluation	1,2,3	0.96026968955993663	1200	1107	2	0.0046744268262344018	0.00012251899044351874	CALIBRATION_NONZERO_FP_ROW_RESOLVABLE	PRIMARY
h1_djr	esmc6b_cosine	controlled_primary	0.9990	4	4	5	calibration	evaluation	1,2,3	0.963109850883484	1200	1107	2	0.0008576329331046312	0.00012251899044351874	CALIBRATION_NONZERO_FP_ROW_RESOLVABLE	RESOLUTION_LIMITED_SECONDARY
h1_djr	esmc6b_cosine	controlled_primary	0.9900	5	5	1	calibration	evaluation	2,3,4	0.95813930034637462	1200	731	2	0.0096685082872928173	2.9703558486306659e-06	CALIBRATION_NONZERO_FP_ROW_RESOLVABLE	SECONDARY
h1_djr	esmc6b_cosine	controlled_primary	0.9950	5	5	1	calibration	evaluation	2,3,4	0.96599161624908458	1200	731	2	0.0041436464088397788	2.9703558486306659e-06	CALIBRATION_NONZERO_FP_ROW_RESOLVABLE	PRIMARY
h1_djr	esmc6b_cosine	controlled_primary	0.9990	5	5	1	calibration	evaluation	2,3,4	0.96816182136535656	1200	731	2	0	2.9703558486306659e-06	CALIBRATION_NONZERO_FP_ROW_RESOLVABLE	RESOLUTION_LIMITED_SECONDARY
h1_djr	esmc6b_supervised	operational_descriptive	0.9900	1	1	2	calibration	evaluation	3,4,5	5505.3320312500009	1200	1115	2	0.0098375974737384807	0.0001694915254237288	CALIBRATION_NONZERO_FP_ROW_RESOLVABLE	SECONDARY
h1_djr	esmc6b_supervised	operational_descriptive	0.9950	1	1	2	calibration	evaluation	3,4,5	6775.5761718750009	1200	1115	2	0.0045466262808532571	0.0001694915254237288	CALIBRATION_NONZERO_FP_ROW_RESOLVABLE	PRIMARY
h1_djr	esmc6b_supervised	operational_descriptive	0.9990	1	1	2	calibration	evaluation	3,4,5	9168.7529296875018	1200	1115	2	0.00095057034220532319	0.0001694915254237288	CALIBRATION_NONZERO_FP_ROW_RESOLVABLE	RESOLUTION_LIMITED_SECONDARY
h1_djr	esmc6b_supervised	operational_descriptive	0.9900	2	2	3	calibration	evaluation	1,4,5	9742.5224609375018	1200	1112	2	0.0098954491932249002	0.00012800819252432156	CALIBRATION_NONZERO_FP_ROW_RESOLVABLE	SECONDARY
h1_djr	esmc6b_supervised	operational_descriptive	0.9950	2	2	3	calibration	evaluation	1,4,5	13724.467773437502	1200	1112	2	0.0045061656509193483	0.00012800819252432156	CALIBRATION_NONZERO_FP_ROW_RESOLVABLE	PRIMARY
h1_djr	esmc6b_supervised	operational_descriptive	0.9990	2	2	3	calibration	evaluation	1,4,5	22569.195312500004	1200	1112	2	0.0009025270758122744	0.00012800819252432156	CALIBRATION_NONZERO_FP_ROW_RESOLVABLE	RESOLUTION_LIMITED_SECONDARY
h1_djr	esmc6b_supervised	operational_descriptive	0.9900	3	3	4	calibration	evaluation	1,2,5	5372.0395507812509	1200	1109	2	0.0099017014467195734	0.00012106537530266344	CALIBRATION_NONZERO_FP_ROW_RESOLVABLE	SECONDARY
h1_djr	esmc6b_supervised	operational_descriptive	0.9950	3	3	4	calibration	evaluation	1,2,5	7984.4755859375009	1200	1109	2	0.0044691551549590159	0.00012106537530266344	CALIBRATION_NONZERO_FP_ROW_RESOLVABLE	PRIMARY
h1_djr	esmc6b_supervised	operational_descriptive	0.9990	3	3	4	calibration	evaluation	1,2,5	11843.977539062502	1200	1109	2	0.00084745762711864426	0.00012106537530266344	CALIBRATION_NONZERO_FP_ROW_RESOLVABLE	RESOLUTION_LIMITED_SECONDARY
h1_djr	esmc6b_supervised	operational_descriptive	0.9900	4	4	5	calibration	evaluation	1,2,3	4553.7158203125009	1200	1107	2	0.0093914079583098733	0.00012251899044351874	CALIBRATION_NONZERO_FP_ROW_RESOLVABLE	SECONDARY
h1_djr	esmc6b_supervised	operational_descriptive	0.9950	4	4	5	calibration	evaluation	1,2,3	6016.6728515625009	1200	1107	2	0.0045778612860565907	0.00012251899044351874	CALIBRATION_NONZERO_FP_ROW_RESOLVABLE	PRIMARY
h1_djr	esmc6b_supervised	operational_descriptive	0.9990	4	4	5	calibration	evaluation	1,2,3	10099.634765625002	1200	1107	2	0.0008576329331046312	0.00012251899044351874	CALIBRATION_NONZERO_FP_ROW_RESOLVABLE	RESOLUTION_LIMITED_SECONDARY
h1_djr	esmc6b_supervised	operational_descriptive	0.9900	5	5	1	calibration	evaluation	2,3,4	3814.4169921875005	1200	731	2	0.0095191876959832764	2.9703558486306659e-06	CALIBRATION_NONZERO_FP_ROW_RESOLVABLE	SECONDARY
h1_djr	esmc6b_supervised	operational_descriptive	0.9950	5	5	1	calibration	evaluation	2,3,4	5121.6870117187509	1200	731	2	0.0040839181723159625	2.9703558486306659e-06	CALIBRATION_NONZERO_FP_ROW_RESOLVABLE	PRIMARY
h1_djr	esmc6b_supervised	operational_descriptive	0.9990	5	5	1	calibration	evaluation	2,3,4	7565.0410156250009	1200	731	2	0	2.9703558486306659e-06	CALIBRATION_NONZERO_FP_ROW_RESOLVABLE	RESOLUTION_LIMITED_SECONDARY
h1_djr	hmmer_component	controlled_primary	0.9900	1	1	2	calibration	evaluation	3,4,5	31.700000000000003	1200	1115	2	0.0096080642735924034	0.0001694915254237288	CALIBRATION_NONZERO_FP_ROW_RESOLVABLE	SECONDARY
h1_djr	hmmer_component	controlled_primary	0.9950	1	1	2	calibration	evaluation	3,4,5	43.300000000000004	1200	1115	2	0.0042507142703701317	0.0001694915254237288	CALIBRATION_NONZERO_FP_ROW_RESOLVABLE	PRIMARY
h1_djr	hmmer_component	controlled_primary	0.9990	1	1	2	calibration	evaluation	3,4,5	64.200000000000017	1200	1115	2	0.00084745762711864404	0.0001694915254237288	CALIBRATION_NONZERO_FP_ROW_RESOLVABLE	RESOLUTION_LIMITED_SECONDARY
h1_djr	hmmer_component	controlled_primary	0.9900	2	2	3	calibration	evaluation	1,4,5	28.900000000000002	1200	1112	2	0.0098954491932249002	0.00012800819252432156	CALIBRATION_NONZERO_FP_ROW_RESOLVABLE	SECONDARY
h1_djr	hmmer_component	controlled_primary	0.9950	2	2	3	calibration	evaluation	1,4,5	50.900000000000006	1200	1112	2	0.004798381705334075	0.00012800819252432156	CALIBRATION_NONZERO_FP_ROW_RESOLVABLE	PRIMARY
h1_djr	hmmer_component	controlled_primary	0.9990	2	2	3	calibration	evaluation	1,4,5	95.100000000000009	1200	1112	2	0.0009025270758122744	0.00012800819252432156	CALIBRATION_NONZERO_FP_ROW_RESOLVABLE	RESOLUTION_LIMITED_SECONDARY
h1_djr	hmmer_component	controlled_primary	0.9900	3	3	4	calibration	evaluation	1,2,5	30.000000000000004	1200	1109	2	0.0097233924430946122	0.00012106537530266344	CALIBRATION_NONZERO_FP_ROW_RESOLVABLE	SECONDARY
h1_djr	hmmer_component	controlled_primary	0.9950	3	3	4	calibration	evaluation	1,2,5	43.70000000000001	1200	1109	2	0.0049181933966885487	0.00012106537530266344	CALIBRATION_NONZERO_FP_ROW_RESOLVABLE	PRIMARY
h1_djr	hmmer_component	controlled_primary	0.9990	3	3	4	calibration	evaluation	1,2,5	60.400000000000006	1200	1109	2	0.00084745762711864426	0.00012106537530266344	CALIBRATION_NONZERO_FP_ROW_RESOLVABLE	RESOLUTION_LIMITED_SECONDARY
h1_djr	hmmer_component	controlled_primary	0.9900	4	4	5	calibration	evaluation	1,2,3	26.600000000000005	1200	1107	2	0.0091557225721131813	0.00012251899044351874	CALIBRATION_NONZERO_FP_ROW_RESOLVABLE	SECONDARY
h1_djr	hmmer_component	controlled_primary	0.9950	4	4	5	calibration	evaluation	1,2,3	35.20000000000001	1200	1107	2	0.0044812957458787786	0.00012251899044351874	CALIBRATION_NONZERO_FP_ROW_RESOLVABLE	PRIMARY
h1_djr	hmmer_component	controlled_primary	0.9990	4	4	5	calibration	evaluation	1,2,3	85.200000000000017	1200	1107	2	0.0008576329331046312	0.00012251899044351874	CALIBRATION_NONZERO_FP_ROW_RESOLVABLE	RESOLUTION_LIMITED_SECONDARY
h1_djr	hmmer_component	controlled_primary	0.9900	5	5	1	calibration	evaluation	2,3,4	14.300000000000002	1200	731	2	0.009584856644204354	2.9703558486306659e-06	CALIBRATION_NONZERO_FP_ROW_RESOLVABLE	SECONDARY
h1_djr	hmmer_component	controlled_primary	0.9950	5	5	1	calibration	evaluation	2,3,4	53.600000000000009	1200	731	2	0.0040839181723159625	2.9703558486306659e-06	CALIBRATION_NONZERO_FP_ROW_RESOLVABLE	PRIMARY
h1_djr	hmmer_component	controlled_primary	0.9990	5	5	1	calibration	evaluation	2,3,4	82.000000000000014	1200	731	2	0	2.9703558486306659e-06	CALIBRATION_NONZERO_FP_ROW_RESOLVABLE	RESOLUTION_LIMITED_SECONDARY
h1_djr	hmmer_family	metadata_augmented_secondary	0.9900	1	1	2	calibration	evaluation	3,4,5	5.5000000000000009	1200	1115	2	0.0083489076496745512	0.0001694915254237288	CALIBRATION_NONZERO_FP_ROW_RESOLVABLE	SECONDARY
h1_djr	hmmer_family	metadata_augmented_secondary	0.9950	1	1	2	calibration	evaluation	3,4,5	6.9000000000000012	1200	1115	2	0.0046497389959399369	0.0001694915254237288	CALIBRATION_NONZERO_FP_ROW_RESOLVABLE	PRIMARY
h1_djr	hmmer_family	metadata_augmented_secondary	0.9990	1	1	2	calibration	evaluation	3,4,5	10.300000000000002	1200	1115	2	0.00095057034220532319	0.0001694915254237288	CALIBRATION_NONZERO_FP_ROW_RESOLVABLE	RESOLUTION_LIMITED_SECONDARY
h1_djr	hmmer_family	metadata_augmented_secondary	0.9900	2	2	3	calibration	evaluation	1,4,5	5.9000000000000012	1200	1112	2	0.0094409507912477531	0.00012800819252432156	CALIBRATION_NONZERO_FP_ROW_RESOLVABLE	SECONDARY
h1_djr	hmmer_family	metadata_augmented_secondary	0.9950	2	2	3	calibration	evaluation	1,4,5	6.9000000000000012	1200	1112	2	0.0044996959227773248	0.00012800819252432156	CALIBRATION_NONZERO_FP_ROW_RESOLVABLE	PRIMARY
h1_djr	hmmer_family	metadata_augmented_secondary	0.9990	2	2	3	calibration	evaluation	1,4,5	8.7000000000000011	1200	1112	2	0.0009025270758122744	0.00012800819252432156	CALIBRATION_NONZERO_FP_ROW_RESOLVABLE	RESOLUTION_LIMITED_SECONDARY
h1_djr	hmmer_family	metadata_augmented_secondary	0.9900	3	3	4	calibration	evaluation	1,2,5	6.3000000000000007	1200	1109	2	0.0093620391234773542	0.00012106537530266344	CALIBRATION_NONZERO_FP_ROW_RESOLVABLE	SECONDARY
h1_djr	hmmer_family	metadata_augmented_secondary	0.9950	3	3	4	calibration	evaluation	1,2,5	6.9000000000000012	1200	1109	2	0.0047769504588354413	0.00012106537530266344	CALIBRATION_NONZERO_FP_ROW_RESOLVABLE	PRIMARY
h1_djr	hmmer_family	metadata_augmented_secondary	0.9990	3	3	4	calibration	evaluation	1,2,5	8.3000000000000025	1200	1109	2	0.00042372881355932213	0.00012106537530266344	CALIBRATION_NONZERO_FP_ROW_RESOLVABLE	RESOLUTION_LIMITED_SECONDARY
h1_djr	hmmer_family	metadata_augmented_secondary	0.9900	4	4	5	calibration	evaluation	1,2,3	6.4000000000000012	1200	1107	2	0.0096811045788433078	0.00012251899044351874	CALIBRATION_NONZERO_FP_ROW_RESOLVABLE	SECONDARY
h1_djr	hmmer_family	metadata_augmented_secondary	0.9950	4	4	5	calibration	evaluation	1,2,3	7.3000000000000007	1200	1107	2	0.0045778612860565907	0.00012251899044351874	CALIBRATION_NONZERO_FP_ROW_RESOLVABLE	PRIMARY
h1_djr	hmmer_family	metadata_augmented_secondary	0.9990	4	4	5	calibration	evaluation	1,2,3	9.7000000000000011	1200	1107	2	0.0008576329331046312	0.00012251899044351874	CALIBRATION_NONZERO_FP_ROW_RESOLVABLE	RESOLUTION_LIMITED_SECONDARY
h1_djr	hmmer_family	metadata_augmented_secondary	0.9900	5	5	1	calibration	evaluation	2,3,4	6.5000000000000009	1200	731	2	0.0096594366599713245	2.9703558486306659e-06	CALIBRATION_NONZERO_FP_ROW_RESOLVABLE	SECONDARY
h1_djr	hmmer_family	metadata_augmented_secondary	0.9950	5	5	1	calibration	evaluation	2,3,4	7.2000000000000011	1200	731	2	0.0041345747815182852	2.9703558486306659e-06	CALIBRATION_NONZERO_FP_ROW_RESOLVABLE	PRIMARY
h1_djr	hmmer_family	metadata_augmented_secondary	0.9990	5	5	1	calibration	evaluation	2,3,4	12.600000000000001	1200	731	2	2.9703558486306659e-06	2.9703558486306659e-06	CALIBRATION_NONZERO_FP_ROW_RESOLVABLE	RESOLUTION_LIMITED_SECONDARY
h1_djr	mmseqs_s7.5	controlled_primary	0.9900	1	1	2	calibration	evaluation	3,4,5	53.000000000000007	1200	1115	2	0.0094385727481686756	0.0001694915254237288	CALIBRATION_NONZERO_FP_ROW_RESOLVABLE	SECONDARY
h1_djr	mmseqs_s7.5	controlled_primary	0.9950	1	1	2	calibration	evaluation	3,4,5	64.000000000000014	1200	1115	2	0.0042507142703701317	0.0001694915254237288	CALIBRATION_NONZERO_FP_ROW_RESOLVABLE	PRIMARY
h1_djr	mmseqs_s7.5	controlled_primary	0.9990	1	1	2	calibration	evaluation	3,4,5	85.000000000000014	1200	1115	2	0.00084745762711864404	0.0001694915254237288	CALIBRATION_NONZERO_FP_ROW_RESOLVABLE	RESOLUTION_LIMITED_SECONDARY
h1_djr	mmseqs_s7.5	controlled_primary	0.9900	2	2	3	calibration	evaluation	1,4,5	56.000000000000007	1200	1112	2	0.0098889794650828759	0.00012800819252432156	CALIBRATION_NONZERO_FP_ROW_RESOLVABLE	SECONDARY
h1_djr	mmseqs_s7.5	controlled_primary	0.9950	2	2	3	calibration	evaluation	1,4,5	70.000000000000014	1200	1112	2	0.004798381705334075	0.00012800819252432156	CALIBRATION_NONZERO_FP_ROW_RESOLVABLE	PRIMARY
h1_djr	mmseqs_s7.5	controlled_primary	0.9990	2	2	3	calibration	evaluation	1,4,5	115.00000000000001	1200	1112	2	0	0.00012800819252432156	CALIBRATION_NONZERO_FP_ROW_RESOLVABLE	RESOLUTION_LIMITED_SECONDARY
h1_djr	mmseqs_s7.5	controlled_primary	0.9900	3	3	4	calibration	evaluation	1,2,5	56.000000000000007	1200	1109	2	0.0098928839685183418	0.00012106537530266344	CALIBRATION_NONZERO_FP_ROW_RESOLVABLE	SECONDARY
h1_djr	mmseqs_s7.5	controlled_primary	0.9950	3	3	4	calibration	evaluation	1,2,5	68.000000000000014	1200	1109	2	0.004353221645276119	0.00012106537530266344	CALIBRATION_NONZERO_FP_ROW_RESOLVABLE	PRIMARY
h1_djr	mmseqs_s7.5	controlled_primary	0.9990	3	3	4	calibration	evaluation	1,2,5	81.000000000000014	1200	1109	2	0.00042372881355932213	0.00012106537530266344	CALIBRATION_NONZERO_FP_ROW_RESOLVABLE	RESOLUTION_LIMITED_SECONDARY
h1_djr	mmseqs_s7.5	controlled_primary	0.9900	4	4	5	calibration	evaluation	1,2,3	39.000000000000007	1200	1107	2	0.0090591570319353693	0.00012251899044351874	CALIBRATION_NONZERO_FP_ROW_RESOLVABLE	SECONDARY
h1_djr	mmseqs_s7.5	controlled_primary	0.9950	4	4	5	calibration	evaluation	1,2,3	56.000000000000007	1200	1107	2	0.0045778612860565907	0.00012251899044351874	CALIBRATION_NONZERO_FP_ROW_RESOLVABLE	PRIMARY
h1_djr	mmseqs_s7.5	controlled_primary	0.9990	4	4	5	calibration	evaluation	1,2,3	91.000000000000014	1200	1107	2	0.00095419847328244271	0.00012251899044351874	CALIBRATION_NONZERO_FP_ROW_RESOLVABLE	RESOLUTION_LIMITED_SECONDARY
h1_djr	mmseqs_s7.5	controlled_primary	0.9900	5	5	1	calibration	evaluation	2,3,4	38.000000000000007	1200	731	2	0.009617691118314892	2.9703558486306659e-06	CALIBRATION_NONZERO_FP_ROW_RESOLVABLE	SECONDARY
h1_djr	mmseqs_s7.5	controlled_primary	0.9950	5	5	1	calibration	evaluation	2,3,4	70.000000000000014	1200	731	2	0.0041137822905778706	2.9703558486306659e-06	CALIBRATION_NONZERO_FP_ROW_RESOLVABLE	PRIMARY
h1_djr	mmseqs_s7.5	controlled_primary	0.9990	5	5	1	calibration	evaluation	2,3,4	94.000000000000014	1200	731	2	0	2.9703558486306659e-06	CALIBRATION_NONZERO_FP_ROW_RESOLVABLE	RESOLUTION_LIMITED_SECONDARY
h1_djr	psiblast_longest_seed_positiveDB_3iter	resource_augmented_secondary	0.9900	1	1	2	calibration	evaluation	3,4,5	57.000000000000007	1200	1115	2	0.009156086872462459	0.0001694915254237288	CALIBRATION_NONZERO_FP_ROW_RESOLVABLE	SECONDARY
h1_djr	psiblast_longest_seed_positiveDB_3iter	resource_augmented_secondary	0.9950	1	1	2	calibration	evaluation	3,4,5	62.70000000000001	1200	1115	2	0.0048156860217825606	0.0001694915254237288	CALIBRATION_NONZERO_FP_ROW_RESOLVABLE	PRIMARY
h1_djr	psiblast_longest_seed_positiveDB_3iter	resource_augmented_secondary	0.9990	1	1	2	calibration	evaluation	3,4,5	92.100000000000009	1200	1115	2	0.00084745762711864404	0.0001694915254237288	CALIBRATION_NONZERO_FP_ROW_RESOLVABLE	RESOLUTION_LIMITED_SECONDARY
h1_djr	psiblast_longest_seed_positiveDB_3iter	resource_augmented_secondary	0.9900	2	2	3	calibration	evaluation	1,4,5	54.70000000000001	1200	1112	2	0.0098889794650828776	0.00012800819252432156	CALIBRATION_NONZERO_FP_ROW_RESOLVABLE	SECONDARY
h1_djr	psiblast_longest_seed_positiveDB_3iter	resource_augmented_secondary	0.9950	2	2	3	calibration	evaluation	1,4,5	75.100000000000009	1200	1112	2	0.0042010101402205745	0.00012800819252432156	CALIBRATION_NONZERO_FP_ROW_RESOLVABLE	PRIMARY
h1_djr	psiblast_longest_seed_positiveDB_3iter	resource_augmented_secondary	0.9990	2	2	3	calibration	evaluation	1,4,5	115.00000000000001	1200	1112	2	0.0009025270758122744	0.00012800819252432156	CALIBRATION_NONZERO_FP_ROW_RESOLVABLE	RESOLUTION_LIMITED_SECONDARY
h1_djr	psiblast_longest_seed_positiveDB_3iter	resource_augmented_secondary	0.9900	3	3	4	calibration	evaluation	1,2,5	63.100000000000009	1200	1109	2	0.0097233924430946122	0.00012106537530266344	CALIBRATION_NONZERO_FP_ROW_RESOLVABLE	SECONDARY
h1_djr	psiblast_longest_seed_positiveDB_3iter	resource_augmented_secondary	0.9950	3	3	4	calibration	evaluation	1,2,5	69.700000000000017	1200	1109	2	0.0049181933966885487	0.00012106537530266344	CALIBRATION_NONZERO_FP_ROW_RESOLVABLE	PRIMARY
h1_djr	psiblast_longest_seed_positiveDB_3iter	resource_augmented_secondary	0.9990	3	3	4	calibration	evaluation	1,2,5	87.000000000000014	1200	1109	2	0.00084745762711864426	0.00012106537530266344	CALIBRATION_NONZERO_FP_ROW_RESOLVABLE	RESOLUTION_LIMITED_SECONDARY
h1_djr	psiblast_longest_seed_positiveDB_3iter	resource_augmented_secondary	0.9900	4	4	5	calibration	evaluation	1,2,3	44.000000000000007	1200	1107	2	0.0091557225721131813	0.00012251899044351874	CALIBRATION_NONZERO_FP_ROW_RESOLVABLE	SECONDARY
h1_djr	psiblast_longest_seed_positiveDB_3iter	resource_augmented_secondary	0.9950	4	4	5	calibration	evaluation	1,2,3	58.20000000000001	1200	1107	2	0.0045778612860565907	0.00012251899044351874	CALIBRATION_NONZERO_FP_ROW_RESOLVABLE	PRIMARY
h1_djr	psiblast_longest_seed_positiveDB_3iter	resource_augmented_secondary	0.9990	4	4	5	calibration	evaluation	1,2,3	89.40000000000002	1200	1107	2	0.0008576329331046312	0.00012251899044351874	CALIBRATION_NONZERO_FP_ROW_RESOLVABLE	RESOLUTION_LIMITED_SECONDARY
h1_djr	psiblast_longest_seed_positiveDB_3iter	resource_augmented_secondary	0.9900	5	5	1	calibration	evaluation	2,3,4	44.70000000000001	1200	731	2	0.0095818862883557225	2.9703558486306659e-06	CALIBRATION_NONZERO_FP_ROW_RESOLVABLE	SECONDARY
h1_djr	psiblast_longest_seed_positiveDB_3iter	resource_augmented_secondary	0.9950	5	5	1	calibration	evaluation	2,3,4	75.200000000000017	1200	731	2	0.0041137822905778706	2.9703558486306659e-06	CALIBRATION_NONZERO_FP_ROW_RESOLVABLE	PRIMARY
h1_djr	psiblast_longest_seed_positiveDB_3iter	resource_augmented_secondary	0.9990	5	5	1	calibration	evaluation	2,3,4	96.200000000000017	1200	731	2	0	2.9703558486306659e-06	CALIBRATION_NONZERO_FP_ROW_RESOLVABLE	RESOLUTION_LIMITED_SECONDARY
h2_vma_conditional	blastp	controlled_primary	0.9900	1	1	2	calibration	evaluation	3,4,5	31.600000000000005	59	47	1	0	0.0026595744680851063	CALIBRATION_NONZERO_FP_ROW_RESOLVABLE	SECONDARY
h2_vma_conditional	blastp	controlled_primary	0.9950	1	1	2	calibration	evaluation	3,4,5	31.600000000000005	59	47	1	0	0.0026595744680851063	CALIBRATION_NONZERO_FP_ROW_RESOLVABLE	PRIMARY
h2_vma_conditional	blastp	controlled_primary	0.9990	1	1	2	calibration	evaluation	3,4,5	31.600000000000005	59	47	1	0	0.0026595744680851063	CALIBRATION_ZERO_FP_ROW_RESOLUTION_LIMITED	RESOLUTION_LIMITED_SECONDARY
h2_vma_conditional	blastp	controlled_primary	0.9900	2	2	3	calibration	evaluation	1,4,5	29.300000000000004	62	1	1	0	0.016129032258064516	CALIBRATION_RESOLUTION_LIMITED_SINGLE_COMPONENT_ZERO_FP	SECONDARY
h2_vma_conditional	blastp	controlled_primary	0.9950	2	2	3	calibration	evaluation	1,4,5	29.300000000000004	62	1	1	0	0.016129032258064516	CALIBRATION_RESOLUTION_LIMITED_SINGLE_COMPONENT_ZERO_FP	PRIMARY
h2_vma_conditional	blastp	controlled_primary	0.9990	2	2	3	calibration	evaluation	1,4,5	29.300000000000004	62	1	1	0	0.016129032258064516	CALIBRATION_RESOLUTION_LIMITED_SINGLE_COMPONENT_ZERO_FP	RESOLUTION_LIMITED_SECONDARY
h2_vma_conditional	blastp	controlled_primary	0.9900	3	3	4	calibration	evaluation	1,2,5	29.600000000000005	59	42	1	0.0026455026455026454	0.0013227513227513227	CALIBRATION_NONZERO_FP_ROW_RESOLVABLE	SECONDARY
h2_vma_conditional	blastp	controlled_primary	0.9950	3	3	4	calibration	evaluation	1,2,5	29.600000000000005	59	42	1	0.0026455026455026454	0.0013227513227513227	CALIBRATION_NONZERO_FP_ROW_RESOLVABLE	PRIMARY
h2_vma_conditional	blastp	controlled_primary	0.9990	3	3	4	calibration	evaluation	1,2,5	30.800000000000004	59	42	1	0	0.0013227513227513227	CALIBRATION_ZERO_FP_ROW_RESOLUTION_LIMITED	RESOLUTION_LIMITED_SECONDARY
h2_vma_conditional	blastp	controlled_primary	0.9900	4	4	5	calibration	evaluation	1,2,3	28.900000000000002	59	46	1	0	0.001976284584980237	CALIBRATION_NONZERO_FP_ROW_RESOLVABLE	SECONDARY
h2_vma_conditional	blastp	controlled_primary	0.9950	4	4	5	calibration	evaluation	1,2,3	28.900000000000002	59	46	1	0	0.001976284584980237	CALIBRATION_NONZERO_FP_ROW_RESOLVABLE	PRIMARY
h2_vma_conditional	blastp	controlled_primary	0.9990	4	4	5	calibration	evaluation	1,2,3	28.900000000000002	59	46	1	0	0.001976284584980237	CALIBRATION_ZERO_FP_ROW_RESOLUTION_LIMITED	RESOLUTION_LIMITED_SECONDARY
h2_vma_conditional	blastp	controlled_primary	0.9900	5	5	1	calibration	evaluation	2,3,4	35.800000000000004	59	47	1	0	0.0030395136778115501	CALIBRATION_NONZERO_FP_ROW_RESOLVABLE	SECONDARY
h2_vma_conditional	blastp	controlled_primary	0.9950	5	5	1	calibration	evaluation	2,3,4	35.800000000000004	59	47	1	0	0.0030395136778115501	CALIBRATION_NONZERO_FP_ROW_RESOLVABLE	PRIMARY
h2_vma_conditional	blastp	controlled_primary	0.9990	5	5	1	calibration	evaluation	2,3,4	35.800000000000004	59	47	1	0	0.0030395136778115501	CALIBRATION_ZERO_FP_ROW_RESOLUTION_LIMITED	RESOLUTION_LIMITED_SECONDARY
h2_vma_conditional	diamond_ultra	controlled_primary	0.9900	1	1	2	calibration	evaluation	3,4,5	30.400000000000002	59	47	1	0	0.0026595744680851063	CALIBRATION_NONZERO_FP_ROW_RESOLVABLE	SECONDARY
h2_vma_conditional	diamond_ultra	controlled_primary	0.9950	1	1	2	calibration	evaluation	3,4,5	30.400000000000002	59	47	1	0	0.0026595744680851063	CALIBRATION_NONZERO_FP_ROW_RESOLVABLE	PRIMARY
h2_vma_conditional	diamond_ultra	controlled_primary	0.9990	1	1	2	calibration	evaluation	3,4,5	30.400000000000002	59	47	1	0	0.0026595744680851063	CALIBRATION_ZERO_FP_ROW_RESOLUTION_LIMITED	RESOLUTION_LIMITED_SECONDARY
h2_vma_conditional	diamond_ultra	controlled_primary	0.9900	2	2	3	calibration	evaluation	1,4,5	27.700000000000003	62	1	1	0	0.016129032258064516	CALIBRATION_RESOLUTION_LIMITED_SINGLE_COMPONENT_ZERO_FP	SECONDARY
h2_vma_conditional	diamond_ultra	controlled_primary	0.9950	2	2	3	calibration	evaluation	1,4,5	27.700000000000003	62	1	1	0	0.016129032258064516	CALIBRATION_RESOLUTION_LIMITED_SINGLE_COMPONENT_ZERO_FP	PRIMARY
h2_vma_conditional	diamond_ultra	controlled_primary	0.9990	2	2	3	calibration	evaluation	1,4,5	27.700000000000003	62	1	1	0	0.016129032258064516	CALIBRATION_RESOLUTION_LIMITED_SINGLE_COMPONENT_ZERO_FP	RESOLUTION_LIMITED_SECONDARY
h2_vma_conditional	diamond_ultra	controlled_primary	0.9900	3	3	4	calibration	evaluation	1,2,5	29.600000000000005	59	42	1	0	0.0013227513227513227	CALIBRATION_NONZERO_FP_ROW_RESOLVABLE	SECONDARY
h2_vma_conditional	diamond_ultra	controlled_primary	0.9950	3	3	4	calibration	evaluation	1,2,5	29.600000000000005	59	42	1	0	0.0013227513227513227	CALIBRATION_NONZERO_FP_ROW_RESOLVABLE	PRIMARY
h2_vma_conditional	diamond_ultra	controlled_primary	0.9990	3	3	4	calibration	evaluation	1,2,5	29.600000000000005	59	42	1	0	0.0013227513227513227	CALIBRATION_ZERO_FP_ROW_RESOLUTION_LIMITED	RESOLUTION_LIMITED_SECONDARY
h2_vma_conditional	diamond_ultra	controlled_primary	0.9900	4	4	5	calibration	evaluation	1,2,3	28.100000000000005	59	46	1	0	0.001976284584980237	CALIBRATION_NONZERO_FP_ROW_RESOLVABLE	SECONDARY
h2_vma_conditional	diamond_ultra	controlled_primary	0.9950	4	4	5	calibration	evaluation	1,2,3	28.100000000000005	59	46	1	0	0.001976284584980237	CALIBRATION_NONZERO_FP_ROW_RESOLVABLE	PRIMARY
h2_vma_conditional	diamond_ultra	controlled_primary	0.9990	4	4	5	calibration	evaluation	1,2,3	28.100000000000005	59	46	1	0	0.001976284584980237	CALIBRATION_ZERO_FP_ROW_RESOLUTION_LIMITED	RESOLUTION_LIMITED_SECONDARY
h2_vma_conditional	diamond_ultra	controlled_primary	0.9900	5	5	1	calibration	evaluation	2,3,4	32.000000000000007	59	47	1	0	0.0030395136778115501	CALIBRATION_NONZERO_FP_ROW_RESOLVABLE	SECONDARY
h2_vma_conditional	diamond_ultra	controlled_primary	0.9950	5	5	1	calibration	evaluation	2,3,4	32.000000000000007	59	47	1	0	0.0030395136778115501	CALIBRATION_NONZERO_FP_ROW_RESOLVABLE	PRIMARY
h2_vma_conditional	diamond_ultra	controlled_primary	0.9990	5	5	1	calibration	evaluation	2,3,4	32.000000000000007	59	47	1	0	0.0030395136778115501	CALIBRATION_ZERO_FP_ROW_RESOLUTION_LIMITED	RESOLUTION_LIMITED_SECONDARY
h2_vma_conditional	esm2_650m_cosine	controlled_primary	0.9900	1	1	2	calibration	evaluation	3,4,5	0.9820275902748109	59	47	1	0	0.0026595744680851063	CALIBRATION_NONZERO_FP_ROW_RESOLVABLE	SECONDARY
h2_vma_conditional	esm2_650m_cosine	controlled_primary	0.9950	1	1	2	calibration	evaluation	3,4,5	0.9820275902748109	59	47	1	0	0.0026595744680851063	CALIBRATION_NONZERO_FP_ROW_RESOLVABLE	PRIMARY
h2_vma_conditional	esm2_650m_cosine	controlled_primary	0.9990	1	1	2	calibration	evaluation	3,4,5	0.9820275902748109	59	47	1	0	0.0026595744680851063	CALIBRATION_ZERO_FP_ROW_RESOLUTION_LIMITED	RESOLUTION_LIMITED_SECONDARY
h2_vma_conditional	esm2_650m_cosine	controlled_primary	0.9900	2	2	3	calibration	evaluation	1,4,5	0.97383183240890514	62	1	1	0	0.016129032258064516	CALIBRATION_RESOLUTION_LIMITED_SINGLE_COMPONENT_ZERO_FP	SECONDARY
h2_vma_conditional	esm2_650m_cosine	controlled_primary	0.9950	2	2	3	calibration	evaluation	1,4,5	0.97383183240890514	62	1	1	0	0.016129032258064516	CALIBRATION_RESOLUTION_LIMITED_SINGLE_COMPONENT_ZERO_FP	PRIMARY
h2_vma_conditional	esm2_650m_cosine	controlled_primary	0.9990	2	2	3	calibration	evaluation	1,4,5	0.97383183240890514	62	1	1	0	0.016129032258064516	CALIBRATION_RESOLUTION_LIMITED_SINGLE_COMPONENT_ZERO_FP	RESOLUTION_LIMITED_SECONDARY
h2_vma_conditional	esm2_650m_cosine	controlled_primary	0.9900	3	3	4	calibration	evaluation	1,2,5	0.98123681545257579	59	42	1	0	0.0013227513227513227	CALIBRATION_NONZERO_FP_ROW_RESOLVABLE	SECONDARY
h2_vma_conditional	esm2_650m_cosine	controlled_primary	0.9950	3	3	4	calibration	evaluation	1,2,5	0.98123681545257579	59	42	1	0	0.0013227513227513227	CALIBRATION_NONZERO_FP_ROW_RESOLVABLE	PRIMARY
h2_vma_conditional	esm2_650m_cosine	controlled_primary	0.9990	3	3	4	calibration	evaluation	1,2,5	0.98123681545257579	59	42	1	0	0.0013227513227513227	CALIBRATION_ZERO_FP_ROW_RESOLUTION_LIMITED	RESOLUTION_LIMITED_SECONDARY
h2_vma_conditional	esm2_650m_cosine	controlled_primary	0.9900	4	4	5	calibration	evaluation	1,2,3	0.97945010662078869	59	46	1	0	0.001976284584980237	CALIBRATION_NONZERO_FP_ROW_RESOLVABLE	SECONDARY
h2_vma_conditional	esm2_650m_cosine	controlled_primary	0.9950	4	4	5	calibration	evaluation	1,2,3	0.97945010662078869	59	46	1	0	0.001976284584980237	CALIBRATION_NONZERO_FP_ROW_RESOLVABLE	PRIMARY
h2_vma_conditional	esm2_650m_cosine	controlled_primary	0.9990	4	4	5	calibration	evaluation	1,2,3	0.97945010662078869	59	46	1	0	0.001976284584980237	CALIBRATION_ZERO_FP_ROW_RESOLUTION_LIMITED	RESOLUTION_LIMITED_SECONDARY
h2_vma_conditional	esm2_650m_cosine	controlled_primary	0.9900	5	5	1	calibration	evaluation	2,3,4	0.9805625081062318	59	47	1	0	0.0030395136778115501	CALIBRATION_NONZERO_FP_ROW_RESOLVABLE	SECONDARY
h2_vma_conditional	esm2_650m_cosine	controlled_primary	0.9950	5	5	1	calibration	evaluation	2,3,4	0.9805625081062318	59	47	1	0	0.0030395136778115501	CALIBRATION_NONZERO_FP_ROW_RESOLVABLE	PRIMARY
h2_vma_conditional	esm2_650m_cosine	controlled_primary	0.9990	5	5	1	calibration	evaluation	2,3,4	0.9805625081062318	59	47	1	0	0.0030395136778115501	CALIBRATION_ZERO_FP_ROW_RESOLUTION_LIMITED	RESOLUTION_LIMITED_SECONDARY
h2_vma_conditional	esmc6b_cosine	controlled_primary	0.9900	1	1	2	calibration	evaluation	3,4,5	0.95028424263000499	59	47	1	0	0.0026595744680851063	CALIBRATION_NONZERO_FP_ROW_RESOLVABLE	SECONDARY
h2_vma_conditional	esmc6b_cosine	controlled_primary	0.9950	1	1	2	calibration	evaluation	3,4,5	0.95028424263000499	59	47	1	0	0.0026595744680851063	CALIBRATION_NONZERO_FP_ROW_RESOLVABLE	PRIMARY
h2_vma_conditional	esmc6b_cosine	controlled_primary	0.9990	1	1	2	calibration	evaluation	3,4,5	0.95028424263000499	59	47	1	0	0.0026595744680851063	CALIBRATION_ZERO_FP_ROW_RESOLUTION_LIMITED	RESOLUTION_LIMITED_SECONDARY
h2_vma_conditional	esmc6b_cosine	controlled_primary	0.9900	2	2	3	calibration	evaluation	1,4,5	0.94387292861938488	62	1	1	0	0.016129032258064516	CALIBRATION_RESOLUTION_LIMITED_SINGLE_COMPONENT_ZERO_FP	SECONDARY
h2_vma_conditional	esmc6b_cosine	controlled_primary	0.9950	2	2	3	calibration	evaluation	1,4,5	0.94387292861938488	62	1	1	0	0.016129032258064516	CALIBRATION_RESOLUTION_LIMITED_SINGLE_COMPONENT_ZERO_FP	PRIMARY
h2_vma_conditional	esmc6b_cosine	controlled_primary	0.9990	2	2	3	calibration	evaluation	1,4,5	0.94387292861938488	62	1	1	0	0.016129032258064516	CALIBRATION_RESOLUTION_LIMITED_SINGLE_COMPONENT_ZERO_FP	RESOLUTION_LIMITED_SECONDARY
h2_vma_conditional	esmc6b_cosine	controlled_primary	0.9900	3	3	4	calibration	evaluation	1,2,5	0.94974541664123546	59	42	1	0	0.0013227513227513227	CALIBRATION_NONZERO_FP_ROW_RESOLVABLE	SECONDARY
h2_vma_conditional	esmc6b_cosine	controlled_primary	0.9950	3	3	4	calibration	evaluation	1,2,5	0.94974541664123546	59	42	1	0	0.0013227513227513227	CALIBRATION_NONZERO_FP_ROW_RESOLVABLE	PRIMARY
h2_vma_conditional	esmc6b_cosine	controlled_primary	0.9990	3	3	4	calibration	evaluation	1,2,5	0.94974541664123546	59	42	1	0	0.0013227513227513227	CALIBRATION_ZERO_FP_ROW_RESOLUTION_LIMITED	RESOLUTION_LIMITED_SECONDARY
h2_vma_conditional	esmc6b_cosine	controlled_primary	0.9900	4	4	5	calibration	evaluation	1,2,3	0.95182168483734142	59	46	1	0	0.001976284584980237	CALIBRATION_NONZERO_FP_ROW_RESOLVABLE	SECONDARY
h2_vma_conditional	esmc6b_cosine	controlled_primary	0.9950	4	4	5	calibration	evaluation	1,2,3	0.95182168483734142	59	46	1	0	0.001976284584980237	CALIBRATION_NONZERO_FP_ROW_RESOLVABLE	PRIMARY
h2_vma_conditional	esmc6b_cosine	controlled_primary	0.9990	4	4	5	calibration	evaluation	1,2,3	0.95182168483734142	59	46	1	0	0.001976284584980237	CALIBRATION_ZERO_FP_ROW_RESOLUTION_LIMITED	RESOLUTION_LIMITED_SECONDARY
h2_vma_conditional	esmc6b_cosine	controlled_primary	0.9900	5	5	1	calibration	evaluation	2,3,4	0.94080746173858654	59	47	1	0	0.0030395136778115501	CALIBRATION_NONZERO_FP_ROW_RESOLVABLE	SECONDARY
h2_vma_conditional	esmc6b_cosine	controlled_primary	0.9950	5	5	1	calibration	evaluation	2,3,4	0.94080746173858654	59	47	1	0	0.0030395136778115501	CALIBRATION_NONZERO_FP_ROW_RESOLVABLE	PRIMARY
h2_vma_conditional	esmc6b_cosine	controlled_primary	0.9990	5	5	1	calibration	evaluation	2,3,4	0.94080746173858654	59	47	1	0	0.0030395136778115501	CALIBRATION_ZERO_FP_ROW_RESOLUTION_LIMITED	RESOLUTION_LIMITED_SECONDARY
h2_vma_conditional	esmc6b_supervised	operational_descriptive	0.9900	1	1	2	calibration	evaluation	3,4,5	-1.4969480037689207	59	47	1	0	0.0026595744680851063	CALIBRATION_NONZERO_FP_ROW_RESOLVABLE	SECONDARY
h2_vma_conditional	esmc6b_supervised	operational_descriptive	0.9950	1	1	2	calibration	evaluation	3,4,5	-1.4969480037689207	59	47	1	0	0.0026595744680851063	CALIBRATION_NONZERO_FP_ROW_RESOLVABLE	PRIMARY
h2_vma_conditional	esmc6b_supervised	operational_descriptive	0.9990	1	1	2	calibration	evaluation	3,4,5	-1.4969480037689207	59	47	1	0	0.0026595744680851063	CALIBRATION_ZERO_FP_ROW_RESOLUTION_LIMITED	RESOLUTION_LIMITED_SECONDARY
h2_vma_conditional	esmc6b_supervised	operational_descriptive	0.9900	2	2	3	calibration	evaluation	1,4,5	-4.0988197326660147	62	1	1	0	0.016129032258064516	CALIBRATION_RESOLUTION_LIMITED_SINGLE_COMPONENT_ZERO_FP	SECONDARY
h2_vma_conditional	esmc6b_supervised	operational_descriptive	0.9950	2	2	3	calibration	evaluation	1,4,5	-4.0988197326660147	62	1	1	0	0.016129032258064516	CALIBRATION_RESOLUTION_LIMITED_SINGLE_COMPONENT_ZERO_FP	PRIMARY
h2_vma_conditional	esmc6b_supervised	operational_descriptive	0.9990	2	2	3	calibration	evaluation	1,4,5	-4.0988197326660147	62	1	1	0	0.016129032258064516	CALIBRATION_RESOLUTION_LIMITED_SINGLE_COMPONENT_ZERO_FP	RESOLUTION_LIMITED_SECONDARY
h2_vma_conditional	esmc6b_supervised	operational_descriptive	0.9900	3	3	4	calibration	evaluation	1,2,5	-3.4146709442138667	59	42	1	0	0.0013227513227513227	CALIBRATION_NONZERO_FP_ROW_RESOLVABLE	SECONDARY
h2_vma_conditional	esmc6b_supervised	operational_descriptive	0.9950	3	3	4	calibration	evaluation	1,2,5	-3.4146709442138667	59	42	1	0	0.0013227513227513227	CALIBRATION_NONZERO_FP_ROW_RESOLVABLE	PRIMARY
h2_vma_conditional	esmc6b_supervised	operational_descriptive	0.9990	3	3	4	calibration	evaluation	1,2,5	-3.4146709442138667	59	42	1	0	0.0013227513227513227	CALIBRATION_ZERO_FP_ROW_RESOLUTION_LIMITED	RESOLUTION_LIMITED_SECONDARY
h2_vma_conditional	esmc6b_supervised	operational_descriptive	0.9900	4	4	5	calibration	evaluation	1,2,3	-3.6228992938995357	59	46	1	0	0.001976284584980237	CALIBRATION_NONZERO_FP_ROW_RESOLVABLE	SECONDARY
h2_vma_conditional	esmc6b_supervised	operational_descriptive	0.9950	4	4	5	calibration	evaluation	1,2,3	-3.6228992938995357	59	46	1	0	0.001976284584980237	CALIBRATION_NONZERO_FP_ROW_RESOLVABLE	PRIMARY
h2_vma_conditional	esmc6b_supervised	operational_descriptive	0.9990	4	4	5	calibration	evaluation	1,2,3	-3.6228992938995357	59	46	1	0	0.001976284584980237	CALIBRATION_ZERO_FP_ROW_RESOLUTION_LIMITED	RESOLUTION_LIMITED_SECONDARY
h2_vma_conditional	esmc6b_supervised	operational_descriptive	0.9900	5	5	1	calibration	evaluation	2,3,4	-3.2722039222717281	59	47	1	0	0.0030395136778115501	CALIBRATION_NONZERO_FP_ROW_RESOLVABLE	SECONDARY
h2_vma_conditional	esmc6b_supervised	operational_descriptive	0.9950	5	5	1	calibration	evaluation	2,3,4	-3.2722039222717281	59	47	1	0	0.0030395136778115501	CALIBRATION_NONZERO_FP_ROW_RESOLVABLE	PRIMARY
h2_vma_conditional	esmc6b_supervised	operational_descriptive	0.9990	5	5	1	calibration	evaluation	2,3,4	-3.2722039222717281	59	47	1	0	0.0030395136778115501	CALIBRATION_ZERO_FP_ROW_RESOLUTION_LIMITED	RESOLUTION_LIMITED_SECONDARY
h2_vma_conditional	hmmer_component	controlled_primary	0.9900	1	1	2	calibration	evaluation	3,4,5	8.3000000000000025	59	47	1	0	0.0026595744680851063	CALIBRATION_NONZERO_FP_ROW_RESOLVABLE	SECONDARY
h2_vma_conditional	hmmer_component	controlled_primary	0.9950	1	1	2	calibration	evaluation	3,4,5	8.3000000000000025	59	47	1	0	0.0026595744680851063	CALIBRATION_NONZERO_FP_ROW_RESOLVABLE	PRIMARY
h2_vma_conditional	hmmer_component	controlled_primary	0.9990	1	1	2	calibration	evaluation	3,4,5	8.3000000000000025	59	47	1	0	0.0026595744680851063	CALIBRATION_ZERO_FP_ROW_RESOLUTION_LIMITED	RESOLUTION_LIMITED_SECONDARY
h2_vma_conditional	hmmer_component	controlled_primary	0.9900	2	2	3	calibration	evaluation	1,4,5	8.7000000000000011	62	1	1	0	0.016129032258064516	CALIBRATION_RESOLUTION_LIMITED_SINGLE_COMPONENT_ZERO_FP	SECONDARY
h2_vma_conditional	hmmer_component	controlled_primary	0.9950	2	2	3	calibration	evaluation	1,4,5	8.7000000000000011	62	1	1	0	0.016129032258064516	CALIBRATION_RESOLUTION_LIMITED_SINGLE_COMPONENT_ZERO_FP	PRIMARY
h2_vma_conditional	hmmer_component	controlled_primary	0.9990	2	2	3	calibration	evaluation	1,4,5	8.7000000000000011	62	1	1	0	0.016129032258064516	CALIBRATION_RESOLUTION_LIMITED_SINGLE_COMPONENT_ZERO_FP	RESOLUTION_LIMITED_SECONDARY
h2_vma_conditional	hmmer_component	controlled_primary	0.9900	3	3	4	calibration	evaluation	1,2,5	6.5000000000000009	59	42	1	0.0013227513227513227	0.0013227513227513227	CALIBRATION_NONZERO_FP_ROW_RESOLVABLE	SECONDARY
h2_vma_conditional	hmmer_component	controlled_primary	0.9950	3	3	4	calibration	evaluation	1,2,5	6.5000000000000009	59	42	1	0.0013227513227513227	0.0013227513227513227	CALIBRATION_NONZERO_FP_ROW_RESOLVABLE	PRIMARY
h2_vma_conditional	hmmer_component	controlled_primary	0.9990	3	3	4	calibration	evaluation	1,2,5	8.9000000000000021	59	42	1	0	0.0013227513227513227	CALIBRATION_ZERO_FP_ROW_RESOLUTION_LIMITED	RESOLUTION_LIMITED_SECONDARY
h2_vma_conditional	hmmer_component	controlled_primary	0.9900	4	4	5	calibration	evaluation	1,2,3	5.2000000000000011	59	46	1	0	0.001976284584980237	CALIBRATION_NONZERO_FP_ROW_RESOLVABLE	SECONDARY
h2_vma_conditional	hmmer_component	controlled_primary	0.9950	4	4	5	calibration	evaluation	1,2,3	5.2000000000000011	59	46	1	0	0.001976284584980237	CALIBRATION_NONZERO_FP_ROW_RESOLVABLE	PRIMARY
h2_vma_conditional	hmmer_component	controlled_primary	0.9990	4	4	5	calibration	evaluation	1,2,3	5.2000000000000011	59	46	1	0	0.001976284584980237	CALIBRATION_ZERO_FP_ROW_RESOLUTION_LIMITED	RESOLUTION_LIMITED_SECONDARY
h2_vma_conditional	hmmer_component	controlled_primary	0.9900	5	5	1	calibration	evaluation	2,3,4	12.200000000000001	59	47	1	0	0.0030395136778115501	CALIBRATION_NONZERO_FP_ROW_RESOLVABLE	SECONDARY
h2_vma_conditional	hmmer_component	controlled_primary	0.9950	5	5	1	calibration	evaluation	2,3,4	12.200000000000001	59	47	1	0	0.0030395136778115501	CALIBRATION_NONZERO_FP_ROW_RESOLVABLE	PRIMARY
h2_vma_conditional	hmmer_component	controlled_primary	0.9990	5	5	1	calibration	evaluation	2,3,4	12.200000000000001	59	47	1	0	0.0030395136778115501	CALIBRATION_ZERO_FP_ROW_RESOLUTION_LIMITED	RESOLUTION_LIMITED_SECONDARY
h2_vma_conditional	hmmer_family	metadata_augmented_secondary	0.9900	1	1	2	calibration	evaluation	3,4,5	4.8000000000000007	59	47	1	0	0.0026595744680851063	CALIBRATION_NONZERO_FP_ROW_RESOLVABLE	SECONDARY
h2_vma_conditional	hmmer_family	metadata_augmented_secondary	0.9950	1	1	2	calibration	evaluation	3,4,5	4.8000000000000007	59	47	1	0	0.0026595744680851063	CALIBRATION_NONZERO_FP_ROW_RESOLVABLE	PRIMARY
h2_vma_conditional	hmmer_family	metadata_augmented_secondary	0.9990	1	1	2	calibration	evaluation	3,4,5	4.8000000000000007	59	47	1	0	0.0026595744680851063	CALIBRATION_ZERO_FP_ROW_RESOLUTION_LIMITED	RESOLUTION_LIMITED_SECONDARY
h2_vma_conditional	hmmer_family	metadata_augmented_secondary	0.9900	2	2	3	calibration	evaluation	1,4,5	8.3000000000000025	62	1	1	0	0.016129032258064516	CALIBRATION_RESOLUTION_LIMITED_SINGLE_COMPONENT_ZERO_FP	SECONDARY
h2_vma_conditional	hmmer_family	metadata_augmented_secondary	0.9950	2	2	3	calibration	evaluation	1,4,5	8.3000000000000025	62	1	1	0	0.016129032258064516	CALIBRATION_RESOLUTION_LIMITED_SINGLE_COMPONENT_ZERO_FP	PRIMARY
h2_vma_conditional	hmmer_family	metadata_augmented_secondary	0.9990	2	2	3	calibration	evaluation	1,4,5	8.3000000000000025	62	1	1	0	0.016129032258064516	CALIBRATION_RESOLUTION_LIMITED_SINGLE_COMPONENT_ZERO_FP	RESOLUTION_LIMITED_SECONDARY
h2_vma_conditional	hmmer_family	metadata_augmented_secondary	0.9900	3	3	4	calibration	evaluation	1,2,5	7.6000000000000005	59	42	1	0	0.0013227513227513227	CALIBRATION_NONZERO_FP_ROW_RESOLVABLE	SECONDARY
h2_vma_conditional	hmmer_family	metadata_augmented_secondary	0.9950	3	3	4	calibration	evaluation	1,2,5	7.6000000000000005	59	42	1	0	0.0013227513227513227	CALIBRATION_NONZERO_FP_ROW_RESOLVABLE	PRIMARY
h2_vma_conditional	hmmer_family	metadata_augmented_secondary	0.9990	3	3	4	calibration	evaluation	1,2,5	7.6000000000000005	59	42	1	0	0.0013227513227513227	CALIBRATION_ZERO_FP_ROW_RESOLUTION_LIMITED	RESOLUTION_LIMITED_SECONDARY
h2_vma_conditional	hmmer_family	metadata_augmented_secondary	0.9900	4	4	5	calibration	evaluation	1,2,3	5.7000000000000011	59	46	1	0	0.001976284584980237	CALIBRATION_NONZERO_FP_ROW_RESOLVABLE	SECONDARY
h2_vma_conditional	hmmer_family	metadata_augmented_secondary	0.9950	4	4	5	calibration	evaluation	1,2,3	5.7000000000000011	59	46	1	0	0.001976284584980237	CALIBRATION_NONZERO_FP_ROW_RESOLVABLE	PRIMARY
h2_vma_conditional	hmmer_family	metadata_augmented_secondary	0.9990	4	4	5	calibration	evaluation	1,2,3	5.7000000000000011	59	46	1	0	0.001976284584980237	CALIBRATION_ZERO_FP_ROW_RESOLUTION_LIMITED	RESOLUTION_LIMITED_SECONDARY
h2_vma_conditional	hmmer_family	metadata_augmented_secondary	0.9900	5	5	1	calibration	evaluation	2,3,4	4.0000000000000009	59	47	1	0	0.0030395136778115501	CALIBRATION_NONZERO_FP_ROW_RESOLVABLE	SECONDARY
h2_vma_conditional	hmmer_family	metadata_augmented_secondary	0.9950	5	5	1	calibration	evaluation	2,3,4	4.0000000000000009	59	47	1	0	0.0030395136778115501	CALIBRATION_NONZERO_FP_ROW_RESOLVABLE	PRIMARY
h2_vma_conditional	hmmer_family	metadata_augmented_secondary	0.9990	5	5	1	calibration	evaluation	2,3,4	4.0000000000000009	59	47	1	0	0.0030395136778115501	CALIBRATION_ZERO_FP_ROW_RESOLUTION_LIMITED	RESOLUTION_LIMITED_SECONDARY
h2_vma_conditional	mmseqs_s7.5	controlled_primary	0.9900	1	1	2	calibration	evaluation	3,4,5	31.000000000000004	59	47	1	0	0.0026595744680851063	CALIBRATION_NONZERO_FP_ROW_RESOLVABLE	SECONDARY
h2_vma_conditional	mmseqs_s7.5	controlled_primary	0.9950	1	1	2	calibration	evaluation	3,4,5	31.000000000000004	59	47	1	0	0.0026595744680851063	CALIBRATION_NONZERO_FP_ROW_RESOLVABLE	PRIMARY
h2_vma_conditional	mmseqs_s7.5	controlled_primary	0.9990	1	1	2	calibration	evaluation	3,4,5	31.000000000000004	59	47	1	0	0.0026595744680851063	CALIBRATION_ZERO_FP_ROW_RESOLUTION_LIMITED	RESOLUTION_LIMITED_SECONDARY
h2_vma_conditional	mmseqs_s7.5	controlled_primary	0.9900	2	2	3	calibration	evaluation	1,4,5	35.000000000000007	62	1	1	0	0.016129032258064516	CALIBRATION_RESOLUTION_LIMITED_SINGLE_COMPONENT_ZERO_FP	SECONDARY
h2_vma_conditional	mmseqs_s7.5	controlled_primary	0.9950	2	2	3	calibration	evaluation	1,4,5	35.000000000000007	62	1	1	0	0.016129032258064516	CALIBRATION_RESOLUTION_LIMITED_SINGLE_COMPONENT_ZERO_FP	PRIMARY
h2_vma_conditional	mmseqs_s7.5	controlled_primary	0.9990	2	2	3	calibration	evaluation	1,4,5	35.000000000000007	62	1	1	0	0.016129032258064516	CALIBRATION_RESOLUTION_LIMITED_SINGLE_COMPONENT_ZERO_FP	RESOLUTION_LIMITED_SECONDARY
h2_vma_conditional	mmseqs_s7.5	controlled_primary	0.9900	3	3	4	calibration	evaluation	1,2,5	35.000000000000007	59	42	1	0	0.0013227513227513227	CALIBRATION_NONZERO_FP_ROW_RESOLVABLE	SECONDARY
h2_vma_conditional	mmseqs_s7.5	controlled_primary	0.9950	3	3	4	calibration	evaluation	1,2,5	35.000000000000007	59	42	1	0	0.0013227513227513227	CALIBRATION_NONZERO_FP_ROW_RESOLVABLE	PRIMARY
h2_vma_conditional	mmseqs_s7.5	controlled_primary	0.9990	3	3	4	calibration	evaluation	1,2,5	35.000000000000007	59	42	1	0	0.0013227513227513227	CALIBRATION_ZERO_FP_ROW_RESOLUTION_LIMITED	RESOLUTION_LIMITED_SECONDARY
h2_vma_conditional	mmseqs_s7.5	controlled_primary	0.9900	4	4	5	calibration	evaluation	1,2,3	30.000000000000004	59	46	1	0.0019762845849802366	0.001976284584980237	CALIBRATION_NONZERO_FP_ROW_RESOLVABLE	SECONDARY
h2_vma_conditional	mmseqs_s7.5	controlled_primary	0.9950	4	4	5	calibration	evaluation	1,2,3	30.000000000000004	59	46	1	0.0019762845849802366	0.001976284584980237	CALIBRATION_NONZERO_FP_ROW_RESOLVABLE	PRIMARY
h2_vma_conditional	mmseqs_s7.5	controlled_primary	0.9990	4	4	5	calibration	evaluation	1,2,3	32.000000000000007	59	46	1	0	0.001976284584980237	CALIBRATION_ZERO_FP_ROW_RESOLUTION_LIMITED	RESOLUTION_LIMITED_SECONDARY
h2_vma_conditional	mmseqs_s7.5	controlled_primary	0.9900	5	5	1	calibration	evaluation	2,3,4	31.000000000000004	59	47	1	0	0.0030395136778115501	CALIBRATION_NONZERO_FP_ROW_RESOLVABLE	SECONDARY
h2_vma_conditional	mmseqs_s7.5	controlled_primary	0.9950	5	5	1	calibration	evaluation	2,3,4	31.000000000000004	59	47	1	0	0.0030395136778115501	CALIBRATION_NONZERO_FP_ROW_RESOLVABLE	PRIMARY
h2_vma_conditional	mmseqs_s7.5	controlled_primary	0.9990	5	5	1	calibration	evaluation	2,3,4	31.000000000000004	59	47	1	0	0.0030395136778115501	CALIBRATION_ZERO_FP_ROW_RESOLUTION_LIMITED	RESOLUTION_LIMITED_SECONDARY
h2_vma_conditional	psiblast_longest_seed_positiveDB_3iter	resource_augmented_secondary	0.9900	1	1	2	calibration	evaluation	3,4,5	37.20000000000001	59	47	1	0	0.0026595744680851063	CALIBRATION_NONZERO_FP_ROW_RESOLVABLE	SECONDARY
h2_vma_conditional	psiblast_longest_seed_positiveDB_3iter	resource_augmented_secondary	0.9950	1	1	2	calibration	evaluation	3,4,5	37.20000000000001	59	47	1	0	0.0026595744680851063	CALIBRATION_NONZERO_FP_ROW_RESOLVABLE	PRIMARY
h2_vma_conditional	psiblast_longest_seed_positiveDB_3iter	resource_augmented_secondary	0.9990	1	1	2	calibration	evaluation	3,4,5	37.20000000000001	59	47	1	0	0.0026595744680851063	CALIBRATION_ZERO_FP_ROW_RESOLUTION_LIMITED	RESOLUTION_LIMITED_SECONDARY
h2_vma_conditional	psiblast_longest_seed_positiveDB_3iter	resource_augmented_secondary	0.9900	2	2	3	calibration	evaluation	1,4,5	30.900000000000002	62	1	1	0	0.016129032258064516	CALIBRATION_RESOLUTION_LIMITED_SINGLE_COMPONENT_ZERO_FP	SECONDARY
h2_vma_conditional	psiblast_longest_seed_positiveDB_3iter	resource_augmented_secondary	0.9950	2	2	3	calibration	evaluation	1,4,5	30.900000000000002	62	1	1	0	0.016129032258064516	CALIBRATION_RESOLUTION_LIMITED_SINGLE_COMPONENT_ZERO_FP	PRIMARY
h2_vma_conditional	psiblast_longest_seed_positiveDB_3iter	resource_augmented_secondary	0.9990	2	2	3	calibration	evaluation	1,4,5	30.900000000000002	62	1	1	0	0.016129032258064516	CALIBRATION_RESOLUTION_LIMITED_SINGLE_COMPONENT_ZERO_FP	RESOLUTION_LIMITED_SECONDARY
h2_vma_conditional	psiblast_longest_seed_positiveDB_3iter	resource_augmented_secondary	0.9900	3	3	4	calibration	evaluation	1,2,5	35.70000000000001	59	42	1	0	0.0013227513227513227	CALIBRATION_NONZERO_FP_ROW_RESOLVABLE	SECONDARY
h2_vma_conditional	psiblast_longest_seed_positiveDB_3iter	resource_augmented_secondary	0.9950	3	3	4	calibration	evaluation	1,2,5	35.70000000000001	59	42	1	0	0.0013227513227513227	CALIBRATION_NONZERO_FP_ROW_RESOLVABLE	PRIMARY
h2_vma_conditional	psiblast_longest_seed_positiveDB_3iter	resource_augmented_secondary	0.9990	3	3	4	calibration	evaluation	1,2,5	35.70000000000001	59	42	1	0	0.0013227513227513227	CALIBRATION_ZERO_FP_ROW_RESOLUTION_LIMITED	RESOLUTION_LIMITED_SECONDARY
h2_vma_conditional	psiblast_longest_seed_positiveDB_3iter	resource_augmented_secondary	0.9900	4	4	5	calibration	evaluation	1,2,3	31.300000000000004	59	46	1	0	0.001976284584980237	CALIBRATION_NONZERO_FP_ROW_RESOLVABLE	SECONDARY
h2_vma_conditional	psiblast_longest_seed_positiveDB_3iter	resource_augmented_secondary	0.9950	4	4	5	calibration	evaluation	1,2,3	31.300000000000004	59	46	1	0	0.001976284584980237	CALIBRATION_NONZERO_FP_ROW_RESOLVABLE	PRIMARY
h2_vma_conditional	psiblast_longest_seed_positiveDB_3iter	resource_augmented_secondary	0.9990	4	4	5	calibration	evaluation	1,2,3	31.300000000000004	59	46	1	0	0.001976284584980237	CALIBRATION_ZERO_FP_ROW_RESOLUTION_LIMITED	RESOLUTION_LIMITED_SECONDARY
h2_vma_conditional	psiblast_longest_seed_positiveDB_3iter	resource_augmented_secondary	0.9900	5	5	1	calibration	evaluation	2,3,4	32.600000000000009	59	47	1	0	0.0030395136778115501	CALIBRATION_NONZERO_FP_ROW_RESOLVABLE	SECONDARY
h2_vma_conditional	psiblast_longest_seed_positiveDB_3iter	resource_augmented_secondary	0.9950	5	5	1	calibration	evaluation	2,3,4	32.600000000000009	59	47	1	0	0.0030395136778115501	CALIBRATION_NONZERO_FP_ROW_RESOLVABLE	PRIMARY
h2_vma_conditional	psiblast_longest_seed_positiveDB_3iter	resource_augmented_secondary	0.9990	5	5	1	calibration	evaluation	2,3,4	32.600000000000009	59	47	1	0	0.0030395136778115501	CALIBRATION_ZERO_FP_ROW_RESOLUTION_LIMITED	RESOLUTION_LIMITED_SECONDARY
vma_end_to_end	blastp	controlled_primary	0.9900	1	1	2	calibration	evaluation	3,4,5	31.600000000000005	1259	1162	3	0.0027142274065003972	0.00011299435028248587	CALIBRATION_NONZERO_FP_ROW_RESOLVABLE	SECONDARY
vma_end_to_end	blastp	controlled_primary	0.9950	1	1	2	calibration	evaluation	3,4,5	31.600000000000005	1259	1162	3	0.0027142274065003972	0.00011299435028248587	CALIBRATION_NONZERO_FP_ROW_RESOLVABLE	PRIMARY
vma_end_to_end	blastp	controlled_primary	0.9990	1	1	2	calibration	evaluation	3,4,5	33.500000000000007	1259	1162	3	0.00095057034220532308	0.00011299435028248587	CALIBRATION_NONZERO_FP_ROW_RESOLVABLE	RESOLUTION_LIMITED_SECONDARY
vma_end_to_end	blastp	controlled_primary	0.9900	2	2	3	calibration	evaluation	1,4,5	30.400000000000002	1262	1113	3	0.0070215959525380747	8.5338795016214362e-05	CALIBRATION_NONZERO_FP_ROW_RESOLVABLE	SECONDARY
vma_end_to_end	blastp	controlled_primary	0.9950	2	2	3	calibration	evaluation	1,4,5	31.600000000000005	1262	1113	3	0.0038980112055691423	8.5338795016214362e-05	CALIBRATION_NONZERO_FP_ROW_RESOLVABLE	PRIMARY
vma_end_to_end	blastp	controlled_primary	0.9990	2	2	3	calibration	evaluation	1,4,5	33.500000000000007	1262	1113	3	0.00059737156511350067	8.5338795016214362e-05	CALIBRATION_NONZERO_FP_ROW_RESOLVABLE	RESOLUTION_LIMITED_SECONDARY
vma_end_to_end	blastp	controlled_primary	0.9900	3	3	4	calibration	evaluation	1,2,5	30.800000000000004	1259	1151	3	0.0093585012464213017	8.071025020177563e-05	CALIBRATION_NONZERO_FP_ROW_RESOLVABLE	SECONDARY
vma_end_to_end	blastp	controlled_primary	0.9950	3	3	4	calibration	evaluation	1,2,5	31.200000000000003	1259	1151	3	0.0044522822028455417	8.071025020177563e-05	CALIBRATION_NONZERO_FP_ROW_RESOLVABLE	PRIMARY
vma_end_to_end	blastp	controlled_primary	0.9990	3	3	4	calibration	evaluation	1,2,5	33.100000000000009	1259	1151	3	0.00064226075786769424	8.071025020177563e-05	CALIBRATION_NONZERO_FP_ROW_RESOLVABLE	RESOLUTION_LIMITED_SECONDARY
vma_end_to_end	blastp	controlled_primary	0.9900	4	4	5	calibration	evaluation	1,2,3	31.200000000000003	1259	1153	3	0.0088054679009597642	8.1679326962345831e-05	CALIBRATION_NONZERO_FP_ROW_RESOLVABLE	SECONDARY
vma_end_to_end	blastp	controlled_primary	0.9950	4	4	5	calibration	evaluation	1,2,3	31.600000000000005	1259	1153	3	0.0048315504170321974	8.1679326962345831e-05	CALIBRATION_NONZERO_FP_ROW_RESOLVABLE	PRIMARY
vma_end_to_end	blastp	controlled_primary	0.9990	4	4	5	calibration	evaluation	1,2,3	34.70000000000001	1259	1153	3	0.00057175528873642091	8.1679326962345831e-05	CALIBRATION_NONZERO_FP_ROW_RESOLVABLE	RESOLUTION_LIMITED_SECONDARY
vma_end_to_end	blastp	controlled_primary	0.9900	5	5	1	calibration	evaluation	2,3,4	32.70000000000001	1259	778	3	0.0089397599194085617	1.9802372324204439e-06	CALIBRATION_NONZERO_FP_ROW_RESOLVABLE	SECONDARY
vma_end_to_end	blastp	controlled_primary	0.9950	5	5	1	calibration	evaluation	2,3,4	35.800000000000004	1259	778	3	0	1.9802372324204439e-06	CALIBRATION_NONZERO_FP_ROW_RESOLVABLE	PRIMARY
vma_end_to_end	blastp	controlled_primary	0.9990	5	5	1	calibration	evaluation	2,3,4	35.800000000000004	1259	778	3	0	1.9802372324204439e-06	CALIBRATION_NONZERO_FP_ROW_RESOLVABLE	RESOLUTION_LIMITED_SECONDARY
vma_end_to_end	diamond_ultra	controlled_primary	0.9900	1	1	2	calibration	evaluation	3,4,5	30.400000000000002	1259	1162	3	0.0030310841872355052	0.00011299435028248587	CALIBRATION_NONZERO_FP_ROW_RESOLVABLE	SECONDARY
vma_end_to_end	diamond_ultra	controlled_primary	0.9950	1	1	2	calibration	evaluation	3,4,5	30.400000000000002	1259	1162	3	0.0030310841872355052	0.00011299435028248587	CALIBRATION_NONZERO_FP_ROW_RESOLVABLE	PRIMARY
vma_end_to_end	diamond_ultra	controlled_primary	0.9990	1	1	2	calibration	evaluation	3,4,5	33.100000000000009	1259	1162	3	0.00063371356147021542	0.00011299435028248587	CALIBRATION_NONZERO_FP_ROW_RESOLVABLE	RESOLUTION_LIMITED_SECONDARY
vma_end_to_end	diamond_ultra	controlled_primary	0.9900	2	2	3	calibration	evaluation	1,4,5	27.700000000000003	1262	1113	3	0.0095924502585734688	8.5338795016214362e-05	CALIBRATION_NONZERO_FP_ROW_RESOLVABLE	SECONDARY
vma_end_to_end	diamond_ultra	controlled_primary	0.9950	2	2	3	calibration	evaluation	1,4,5	30.400000000000002	1262	1113	3	0.004198853564173234	8.5338795016214362e-05	CALIBRATION_NONZERO_FP_ROW_RESOLVABLE	PRIMARY
vma_end_to_end	diamond_ultra	controlled_primary	0.9990	2	2	3	calibration	evaluation	1,4,5	33.500000000000007	1262	1113	3	0.00060168471720818293	8.5338795016214362e-05	CALIBRATION_NONZERO_FP_ROW_RESOLVABLE	RESOLUTION_LIMITED_SECONDARY
vma_end_to_end	diamond_ultra	controlled_primary	0.9900	3	3	4	calibration	evaluation	1,2,5	29.600000000000005	1259	1151	3	0.0045295712093008063	8.071025020177563e-05	CALIBRATION_NONZERO_FP_ROW_RESOLVABLE	SECONDARY
vma_end_to_end	diamond_ultra	controlled_primary	0.9950	3	3	4	calibration	evaluation	1,2,5	29.600000000000005	1259	1151	3	0.0045295712093008063	8.071025020177563e-05	CALIBRATION_NONZERO_FP_ROW_RESOLVABLE	PRIMARY
vma_end_to_end	diamond_ultra	controlled_primary	0.9990	3	3	4	calibration	evaluation	1,2,5	32.000000000000007	1259	1151	3	0.00064226075786769424	8.071025020177563e-05	CALIBRATION_NONZERO_FP_ROW_RESOLVABLE	RESOLUTION_LIMITED_SECONDARY
vma_end_to_end	diamond_ultra	controlled_primary	0.9900	4	4	5	calibration	evaluation	1,2,3	28.100000000000005	1259	1153	3	0.0097274778608496034	8.1679326962345831e-05	CALIBRATION_NONZERO_FP_ROW_RESOLVABLE	SECONDARY
vma_end_to_end	diamond_ultra	controlled_primary	0.9950	4	4	5	calibration	evaluation	1,2,3	29.300000000000004	1259	1153	3	0.0041954181015105693	8.1679326962345831e-05	CALIBRATION_NONZERO_FP_ROW_RESOLVABLE	PRIMARY
vma_end_to_end	diamond_ultra	controlled_primary	0.9990	4	4	5	calibration	evaluation	1,2,3	30.800000000000004	1259	1153	3	0.00057175528873642091	8.1679326962345831e-05	CALIBRATION_NONZERO_FP_ROW_RESOLVABLE	RESOLUTION_LIMITED_SECONDARY
vma_end_to_end	diamond_ultra	controlled_primary	0.9900	5	5	1	calibration	evaluation	2,3,4	31.200000000000003	1259	778	3	0.0098566097580192295	1.9802372324204439e-06	CALIBRATION_NONZERO_FP_ROW_RESOLVABLE	SECONDARY
vma_end_to_end	diamond_ultra	controlled_primary	0.9950	5	5	1	calibration	evaluation	2,3,4	32.000000000000007	1259	778	3	0.0009208103130755067	1.9802372324204439e-06	CALIBRATION_NONZERO_FP_ROW_RESOLVABLE	PRIMARY
vma_end_to_end	diamond_ultra	controlled_primary	0.9990	5	5	1	calibration	evaluation	2,3,4	32.000000000000007	1259	778	3	0.0009208103130755067	1.9802372324204439e-06	CALIBRATION_NONZERO_FP_ROW_RESOLVABLE	RESOLUTION_LIMITED_SECONDARY
vma_end_to_end	esm2_650m_cosine	controlled_primary	0.9900	1	1	2	calibration	evaluation	3,4,5	0.9820275902748109	1259	1162	3	0.0029623423771777189	0.00011299435028248587	CALIBRATION_NONZERO_FP_ROW_RESOLVABLE	SECONDARY
vma_end_to_end	esm2_650m_cosine	controlled_primary	0.9950	1	1	2	calibration	evaluation	3,4,5	0.9820275902748109	1259	1162	3	0.0029623423771777189	0.00011299435028248587	CALIBRATION_NONZERO_FP_ROW_RESOLVABLE	PRIMARY
vma_end_to_end	esm2_650m_cosine	controlled_primary	0.9990	1	1	2	calibration	evaluation	3,4,5	0.98452055454254161	1259	1162	3	0.00063371356147021542	0.00011299435028248587	CALIBRATION_NONZERO_FP_ROW_RESOLVABLE	RESOLUTION_LIMITED_SECONDARY
vma_end_to_end	esm2_650m_cosine	controlled_primary	0.9900	2	2	3	calibration	evaluation	1,4,5	0.97768944501876842	1262	1113	3	0.0096097028669522005	8.5338795016214362e-05	CALIBRATION_NONZERO_FP_ROW_RESOLVABLE	SECONDARY
vma_end_to_end	esm2_650m_cosine	controlled_primary	0.9950	2	2	3	calibration	evaluation	1,4,5	0.98089742660522472	1262	1113	3	0.0048005382813814165	8.5338795016214362e-05	CALIBRATION_NONZERO_FP_ROW_RESOLVABLE	PRIMARY
vma_end_to_end	esm2_650m_cosine	controlled_primary	0.9990	2	2	3	calibration	evaluation	1,4,5	0.98646181821823131	1262	1113	3	0.00060168471720818293	8.5338795016214362e-05	CALIBRATION_NONZERO_FP_ROW_RESOLVABLE	RESOLUTION_LIMITED_SECONDARY
vma_end_to_end	esm2_650m_cosine	controlled_primary	0.9900	3	3	4	calibration	evaluation	1,2,5	0.98123681545257579	1259	1151	3	0.0024144650185602473	8.071025020177563e-05	CALIBRATION_NONZERO_FP_ROW_RESOLVABLE	SECONDARY
vma_end_to_end	esm2_650m_cosine	controlled_primary	0.9950	3	3	4	calibration	evaluation	1,2,5	0.98123681545257579	1259	1151	3	0.0024144650185602473	8.071025020177563e-05	CALIBRATION_NONZERO_FP_ROW_RESOLVABLE	PRIMARY
vma_end_to_end	esm2_650m_cosine	controlled_primary	0.9990	3	3	4	calibration	evaluation	1,2,5	0.98567873239517223	1259	1151	3	0.0005649717514124294	8.071025020177563e-05	CALIBRATION_NONZERO_FP_ROW_RESOLVABLE	RESOLUTION_LIMITED_SECONDARY
vma_end_to_end	esm2_650m_cosine	controlled_primary	0.9900	4	4	5	calibration	evaluation	1,2,3	0.97945010662078869	1259	1153	3	0.0068043243903822929	8.1679326962345831e-05	CALIBRATION_NONZERO_FP_ROW_RESOLVABLE	SECONDARY
vma_end_to_end	esm2_650m_cosine	controlled_primary	0.9950	4	4	5	calibration	evaluation	1,2,3	0.98203963041305553	1259	1153	3	0.004895927443817406	8.1679326962345831e-05	CALIBRATION_NONZERO_FP_ROW_RESOLVABLE	PRIMARY
vma_end_to_end	esm2_650m_cosine	controlled_primary	0.9990	4	4	5	calibration	evaluation	1,2,3	0.98585307598114025	1259	1153	3	0.00063613231552162855	8.1679326962345831e-05	CALIBRATION_NONZERO_FP_ROW_RESOLVABLE	RESOLUTION_LIMITED_SECONDARY
vma_end_to_end	esm2_650m_cosine	controlled_primary	0.9900	5	5	1	calibration	evaluation	2,3,4	0.98001790046691906	1259	778	3	0.0098347201086122008	1.9802372324204439e-06	CALIBRATION_NONZERO_FP_ROW_RESOLVABLE	SECONDARY
vma_end_to_end	esm2_650m_cosine	controlled_primary	0.9950	5	5	1	calibration	evaluation	2,3,4	0.9805625081062318	1259	778	3	0.0018217112139764079	1.9802372324204439e-06	CALIBRATION_NONZERO_FP_ROW_RESOLVABLE	PRIMARY
vma_end_to_end	esm2_650m_cosine	controlled_primary	0.9990	5	5	1	calibration	evaluation	2,3,4	0.98233473300933849	1259	778	3	0.00090090090090090113	1.9802372324204439e-06	CALIBRATION_NONZERO_FP_ROW_RESOLVABLE	RESOLUTION_LIMITED_SECONDARY
vma_end_to_end	esmc6b_cosine	controlled_primary	0.9900	1	1	2	calibration	evaluation	3,4,5	0.95028424263000499	1259	1162	3	0.0062683938046443673	0.00011299435028248587	CALIBRATION_NONZERO_FP_ROW_RESOLVABLE	SECONDARY
vma_end_to_end	esmc6b_cosine	controlled_primary	0.9950	1	1	2	calibration	evaluation	3,4,5	0.95140552520751964	1259	1162	3	0.004367253120233722	0.00011299435028248587	CALIBRATION_NONZERO_FP_ROW_RESOLVABLE	PRIMARY
vma_end_to_end	esmc6b_cosine	controlled_primary	0.9990	1	1	2	calibration	evaluation	3,4,5	0.96339207887649547	1259	1162	3	0.00063371356147021542	0.00011299435028248587	CALIBRATION_NONZERO_FP_ROW_RESOLVABLE	RESOLUTION_LIMITED_SECONDARY
vma_end_to_end	esmc6b_cosine	controlled_primary	0.9900	2	2	3	calibration	evaluation	1,4,5	0.9470038414001466	1262	1113	3	0.0096226423232362492	8.5338795016214362e-05	CALIBRATION_NONZERO_FP_ROW_RESOLVABLE	SECONDARY
vma_end_to_end	esmc6b_cosine	controlled_primary	0.9950	2	2	3	calibration	evaluation	1,4,5	0.95229995250701915	1262	1113	3	0.0048091645855707823	8.5338795016214362e-05	CALIBRATION_NONZERO_FP_ROW_RESOLVABLE	PRIMARY
vma_end_to_end	esmc6b_cosine	controlled_primary	0.9990	2	2	3	calibration	evaluation	1,4,5	0.96407222747802745	1262	1113	3	0.00060168471720818293	8.5338795016214362e-05	CALIBRATION_NONZERO_FP_ROW_RESOLVABLE	RESOLUTION_LIMITED_SECONDARY
vma_end_to_end	esmc6b_cosine	controlled_primary	0.9900	3	3	4	calibration	evaluation	1,2,5	0.94974541664123546	1259	1151	3	0.002569043031470777	8.071025020177563e-05	CALIBRATION_NONZERO_FP_ROW_RESOLVABLE	SECONDARY
vma_end_to_end	esmc6b_cosine	controlled_primary	0.9950	3	3	4	calibration	evaluation	1,2,5	0.94974541664123546	1259	1151	3	0.002569043031470777	8.071025020177563e-05	CALIBRATION_NONZERO_FP_ROW_RESOLVABLE	PRIMARY
vma_end_to_end	esmc6b_cosine	controlled_primary	0.9990	3	3	4	calibration	evaluation	1,2,5	0.95438337326049816	1259	1151	3	0.00064226075786769424	8.071025020177563e-05	CALIBRATION_NONZERO_FP_ROW_RESOLVABLE	RESOLUTION_LIMITED_SECONDARY
vma_end_to_end	esmc6b_cosine	controlled_primary	0.9900	4	4	5	calibration	evaluation	1,2,3	0.95182168483734142	1259	1153	3	0.0056608138129094505	8.1679326962345831e-05	CALIBRATION_NONZERO_FP_ROW_RESOLVABLE	SECONDARY
vma_end_to_end	esmc6b_cosine	controlled_primary	0.9950	4	4	5	calibration	evaluation	1,2,3	0.95195657014846813	1259	1153	3	0.0043885491818661925	8.1679326962345831e-05	CALIBRATION_NONZERO_FP_ROW_RESOLVABLE	PRIMARY
vma_end_to_end	esmc6b_cosine	controlled_primary	0.9990	4	4	5	calibration	evaluation	1,2,3	0.96092432737350475	1259	1153	3	0.00063613231552162855	8.1679326962345831e-05	CALIBRATION_NONZERO_FP_ROW_RESOLVABLE	RESOLUTION_LIMITED_SECONDARY
vma_end_to_end	esmc6b_cosine	controlled_primary	0.9900	5	5	1	calibration	evaluation	2,3,4	0.9438428282737733	1259	778	3	0.0092081031307550687	1.9802372324204439e-06	CALIBRATION_NONZERO_FP_ROW_RESOLVABLE	SECONDARY
vma_end_to_end	esmc6b_cosine	controlled_primary	0.9950	5	5	1	calibration	evaluation	2,3,4	0.946222484111786	1259	778	3	0.0046040515653775335	1.9802372324204439e-06	CALIBRATION_NONZERO_FP_ROW_RESOLVABLE	PRIMARY
vma_end_to_end	esmc6b_cosine	controlled_primary	0.9990	5	5	1	calibration	evaluation	2,3,4	0.9531385898590089	1259	778	3	0.0009208103130755067	1.9802372324204439e-06	CALIBRATION_NONZERO_FP_ROW_RESOLVABLE	RESOLUTION_LIMITED_SECONDARY
vma_end_to_end	esmc6b_supervised	operational_descriptive	0.9900	1	1	2	calibration	evaluation	3,4,5	1.6220988407664683	1259	1162	3	0.0026798565014715045	0.00011299435028248587	CALIBRATION_NONZERO_FP_ROW_RESOLVABLE	SECONDARY
vma_end_to_end	esmc6b_supervised	operational_descriptive	0.9950	1	1	2	calibration	evaluation	3,4,5	1.6220988407664683	1259	1162	3	0.0026798565014715045	0.00011299435028248587	CALIBRATION_NONZERO_FP_ROW_RESOLVABLE	PRIMARY
vma_end_to_end	esmc6b_supervised	operational_descriptive	0.9990	1	1	2	calibration	evaluation	3,4,5	2.5763413502057935	1259	1162	3	0	0.00011299435028248587	CALIBRATION_NONZERO_FP_ROW_RESOLVABLE	RESOLUTION_LIMITED_SECONDARY
vma_end_to_end	esmc6b_supervised	operational_descriptive	0.9900	2	2	3	calibration	evaluation	1,4,5	1.628690745209517	1262	1113	3	0.0096010765627628364	8.5338795016214362e-05	CALIBRATION_NONZERO_FP_ROW_RESOLVABLE	SECONDARY
vma_end_to_end	esmc6b_supervised	operational_descriptive	0.9950	2	2	3	calibration	evaluation	1,4,5	1.7993405494535819	1262	1113	3	0	8.5338795016214362e-05	CALIBRATION_NONZERO_FP_ROW_RESOLVABLE	PRIMARY
vma_end_to_end	esmc6b_supervised	operational_descriptive	0.9990	2	2	3	calibration	evaluation	1,4,5	1.7993405494535819	1262	1113	3	0	8.5338795016214362e-05	CALIBRATION_NONZERO_FP_ROW_RESOLVABLE	RESOLUTION_LIMITED_SECONDARY
vma_end_to_end	esmc6b_supervised	operational_descriptive	0.9900	3	3	4	calibration	evaluation	1,2,5	1.6003422785472441	1259	1151	3	0.009283171679566311	8.071025020177563e-05	CALIBRATION_NONZERO_FP_ROW_RESOLVABLE	SECONDARY
vma_end_to_end	esmc6b_supervised	operational_descriptive	0.9950	3	3	4	calibration	evaluation	1,2,5	1.7298184705906221	1259	1151	3	0.0049419243874029807	8.071025020177563e-05	CALIBRATION_NONZERO_FP_ROW_RESOLVABLE	PRIMARY
vma_end_to_end	esmc6b_supervised	operational_descriptive	0.9990	3	3	4	calibration	evaluation	1,2,5	2.7409413631067125	1259	1151	3	0.0005649717514124294	8.071025020177563e-05	CALIBRATION_NONZERO_FP_ROW_RESOLVABLE	RESOLUTION_LIMITED_SECONDARY
vma_end_to_end	esmc6b_supervised	operational_descriptive	0.9900	4	4	5	calibration	evaluation	1,2,3	1.6258267132857114	1259	1153	3	0.0085839672833767627	8.1679326962345831e-05	CALIBRATION_NONZERO_FP_ROW_RESOLVABLE	SECONDARY
vma_end_to_end	esmc6b_supervised	operational_descriptive	0.9950	4	4	5	calibration	evaluation	1,2,3	2.021693393629862	1259	1153	3	0.0045456727726639872	8.1679326962345831e-05	CALIBRATION_NONZERO_FP_ROW_RESOLVABLE	PRIMARY
vma_end_to_end	esmc6b_supervised	operational_descriptive	0.9990	4	4	5	calibration	evaluation	1,2,3	2.7050079593333365	1259	1153	3	0	8.1679326962345831e-05	CALIBRATION_NONZERO_FP_ROW_RESOLVABLE	RESOLUTION_LIMITED_SECONDARY
vma_end_to_end	esmc6b_supervised	operational_descriptive	0.9900	5	5	1	calibration	evaluation	2,3,4	1.6154239528859442	1259	778	3	0.0072888250931380525	1.9802372324204439e-06	CALIBRATION_NONZERO_FP_ROW_RESOLVABLE	SECONDARY
vma_end_to_end	esmc6b_supervised	operational_descriptive	0.9950	5	5	1	calibration	evaluation	2,3,4	1.8234136031519292	1259	778	3	0.0045244139166791117	1.9802372324204439e-06	CALIBRATION_NONZERO_FP_ROW_RESOLVABLE	PRIMARY
vma_end_to_end	esmc6b_supervised	operational_descriptive	0.9990	5	5	1	calibration	evaluation	2,3,4	2.518513939877888	1259	778	3	0	1.9802372324204439e-06	CALIBRATION_NONZERO_FP_ROW_RESOLVABLE	RESOLUTION_LIMITED_SECONDARY
vma_end_to_end	hmmer_component	controlled_primary	0.9900	1	1	2	calibration	evaluation	3,4,5	8.3000000000000025	1259	1162	3	0.0076808231831754408	0.00011299435028248587	CALIBRATION_NONZERO_FP_ROW_RESOLVABLE	SECONDARY
vma_end_to_end	hmmer_component	controlled_primary	0.9950	1	1	2	calibration	evaluation	3,4,5	9.0000000000000018	1259	1162	3	0.0049322248716461509	0.00011299435028248587	CALIBRATION_NONZERO_FP_ROW_RESOLVABLE	PRIMARY
vma_end_to_end	hmmer_component	controlled_primary	0.9990	1	1	2	calibration	evaluation	3,4,5	11.400000000000002	1259	1162	3	0.00095057034220532308	0.00011299435028248587	CALIBRATION_NONZERO_FP_ROW_RESOLVABLE	RESOLUTION_LIMITED_SECONDARY
vma_end_to_end	hmmer_component	controlled_primary	0.9900	2	2	3	calibration	evaluation	1,4,5	8.7000000000000011	1262	1113	3	0.0084020202804411508	8.5338795016214362e-05	CALIBRATION_NONZERO_FP_ROW_RESOLVABLE	SECONDARY
vma_end_to_end	hmmer_component	controlled_primary	0.9950	2	2	3	calibration	evaluation	1,4,5	9.7000000000000011	1262	1113	3	0.0048048514334760994	8.5338795016214362e-05	CALIBRATION_NONZERO_FP_ROW_RESOLVABLE	PRIMARY
vma_end_to_end	hmmer_component	controlled_primary	0.9990	2	2	3	calibration	evaluation	1,4,5	12.900000000000002	1262	1113	3	0	8.5338795016214362e-05	CALIBRATION_NONZERO_FP_ROW_RESOLVABLE	RESOLUTION_LIMITED_SECONDARY
vma_end_to_end	hmmer_component	controlled_primary	0.9900	3	3	4	calibration	evaluation	1,2,5	7.4000000000000012	1259	1151	3	0.0091992233431115247	8.071025020177563e-05	CALIBRATION_NONZERO_FP_ROW_RESOLVABLE	SECONDARY
vma_end_to_end	hmmer_component	controlled_primary	0.9950	3	3	4	calibration	evaluation	1,2,5	8.0000000000000018	1259	1151	3	0.0041819693888535533	8.071025020177563e-05	CALIBRATION_NONZERO_FP_ROW_RESOLVABLE	PRIMARY
vma_end_to_end	hmmer_component	controlled_primary	0.9990	3	3	4	calibration	evaluation	1,2,5	10.900000000000002	1259	1151	3	0.0005649717514124294	8.071025020177563e-05	CALIBRATION_NONZERO_FP_ROW_RESOLVABLE	RESOLUTION_LIMITED_SECONDARY
vma_end_to_end	hmmer_component	controlled_primary	0.9900	4	4	5	calibration	evaluation	1,2,3	7.7000000000000011	1259	1153	3	0.0094416002164813915	8.1679326962345831e-05	CALIBRATION_NONZERO_FP_ROW_RESOLVABLE	SECONDARY
vma_end_to_end	hmmer_component	controlled_primary	0.9950	4	4	5	calibration	evaluation	1,2,3	8.6000000000000014	1259	1153	3	0.0046422383128417984	8.1679326962345831e-05	CALIBRATION_NONZERO_FP_ROW_RESOLVABLE	PRIMARY
vma_end_to_end	hmmer_component	controlled_primary	0.9990	4	4	5	calibration	evaluation	1,2,3	10.500000000000002	1259	1153	3	0.00057175528873642091	8.1679326962345831e-05	CALIBRATION_NONZERO_FP_ROW_RESOLVABLE	RESOLUTION_LIMITED_SECONDARY
vma_end_to_end	hmmer_component	controlled_primary	0.9900	5	5	1	calibration	evaluation	2,3,4	8.7000000000000011	1259	778	3	0.0098426410575418819	1.9802372324204439e-06	CALIBRATION_NONZERO_FP_ROW_RESOLVABLE	SECONDARY
vma_end_to_end	hmmer_component	controlled_primary	0.9950	5	5	1	calibration	evaluation	2,3,4	12.200000000000001	1259	778	3	3.9604744648408896e-06	1.9802372324204439e-06	CALIBRATION_NONZERO_FP_ROW_RESOLVABLE	PRIMARY
vma_end_to_end	hmmer_component	controlled_primary	0.9990	5	5	1	calibration	evaluation	2,3,4	12.200000000000001	1259	778	3	3.9604744648408896e-06	1.9802372324204439e-06	CALIBRATION_NONZERO_FP_ROW_RESOLVABLE	RESOLUTION_LIMITED_SECONDARY
vma_end_to_end	hmmer_family	metadata_augmented_secondary	0.9900	1	1	2	calibration	evaluation	3,4,5	4.8000000000000007	1259	1162	3	0.0079633090588816565	0.00011299435028248587	CALIBRATION_NONZERO_FP_ROW_RESOLVABLE	SECONDARY
vma_end_to_end	hmmer_family	metadata_augmented_secondary	0.9950	1	1	2	calibration	evaluation	3,4,5	5.5000000000000009	1259	1162	3	0.0049322248716461518	0.00011299435028248587	CALIBRATION_NONZERO_FP_ROW_RESOLVABLE	PRIMARY
vma_end_to_end	hmmer_family	metadata_augmented_secondary	0.9990	1	1	2	calibration	evaluation	3,4,5	10.300000000000002	1259	1162	3	0.00063371356147021542	0.00011299435028248587	CALIBRATION_NONZERO_FP_ROW_RESOLVABLE	RESOLUTION_LIMITED_SECONDARY
vma_end_to_end	hmmer_family	metadata_augmented_secondary	0.9900	2	2	3	calibration	evaluation	1,4,5	6.7000000000000011	1262	1113	3	0.0077787698027595564	8.5338795016214362e-05	CALIBRATION_NONZERO_FP_ROW_RESOLVABLE	SECONDARY
vma_end_to_end	hmmer_family	metadata_augmented_secondary	0.9950	2	2	3	calibration	evaluation	1,4,5	8.3000000000000025	1262	1113	3	0.00060168471720818293	8.5338795016214362e-05	CALIBRATION_NONZERO_FP_ROW_RESOLVABLE	PRIMARY
vma_end_to_end	hmmer_family	metadata_augmented_secondary	0.9990	2	2	3	calibration	evaluation	1,4,5	8.3000000000000025	1262	1113	3	0.00060168471720818293	8.5338795016214362e-05	CALIBRATION_NONZERO_FP_ROW_RESOLVABLE	RESOLUTION_LIMITED_SECONDARY
vma_end_to_end	hmmer_family	metadata_augmented_secondary	0.9900	3	3	4	calibration	evaluation	1,2,5	6.9000000000000012	1259	1151	3	0.0096314231907452252	8.071025020177563e-05	CALIBRATION_NONZERO_FP_ROW_RESOLVABLE	SECONDARY
vma_end_to_end	hmmer_family	metadata_augmented_secondary	0.9950	3	3	4	calibration	evaluation	1,2,5	7.6000000000000005	1259	1151	3	0.0005649717514124294	8.071025020177563e-05	CALIBRATION_NONZERO_FP_ROW_RESOLVABLE	PRIMARY
vma_end_to_end	hmmer_family	metadata_augmented_secondary	0.9990	3	3	4	calibration	evaluation	1,2,5	7.6000000000000005	1259	1151	3	0.0005649717514124294	8.071025020177563e-05	CALIBRATION_NONZERO_FP_ROW_RESOLVABLE	RESOLUTION_LIMITED_SECONDARY
vma_end_to_end	hmmer_family	metadata_augmented_secondary	0.9900	4	4	5	calibration	evaluation	1,2,3	5.7000000000000011	1259	1153	3	0.0072164101042107671	8.1679326962345831e-05	CALIBRATION_NONZERO_FP_ROW_RESOLVABLE	SECONDARY
vma_end_to_end	hmmer_family	metadata_augmented_secondary	0.9950	4	4	5	calibration	evaluation	1,2,3	6.1000000000000005	1259	1153	3	0.0039095404571423582	8.1679326962345831e-05	CALIBRATION_NONZERO_FP_ROW_RESOLVABLE	PRIMARY
vma_end_to_end	hmmer_family	metadata_augmented_secondary	0.9990	4	4	5	calibration	evaluation	1,2,3	9.7000000000000011	1259	1153	3	0.00057175528873642091	8.1679326962345831e-05	CALIBRATION_NONZERO_FP_ROW_RESOLVABLE	RESOLUTION_LIMITED_SECONDARY
vma_end_to_end	hmmer_family	metadata_augmented_secondary	0.9900	5	5	1	calibration	evaluation	2,3,4	6.1000000000000005	1259	778	3	0.0082453867162475269	1.9802372324204439e-06	CALIBRATION_NONZERO_FP_ROW_RESOLVABLE	SECONDARY
vma_end_to_end	hmmer_family	metadata_augmented_secondary	0.9950	5	5	1	calibration	evaluation	2,3,4	6.6000000000000005	1259	778	3	0.0045960235765974506	1.9802372324204439e-06	CALIBRATION_NONZERO_FP_ROW_RESOLVABLE	PRIMARY
vma_end_to_end	hmmer_family	metadata_augmented_secondary	0.9990	5	5	1	calibration	evaluation	2,3,4	7.6000000000000005	1259	778	3	0.00090684161259816244	1.9802372324204439e-06	CALIBRATION_NONZERO_FP_ROW_RESOLVABLE	RESOLUTION_LIMITED_SECONDARY
vma_end_to_end	mmseqs_s7.5	controlled_primary	0.9900	1	1	2	calibration	evaluation	3,4,5	31.000000000000004	1259	1162	3	0.0021492556550879679	0.00011299435028248587	CALIBRATION_NONZERO_FP_ROW_RESOLVABLE	SECONDARY
vma_end_to_end	mmseqs_s7.5	controlled_primary	0.9950	1	1	2	calibration	evaluation	3,4,5	31.000000000000004	1259	1162	3	0.0021492556550879679	0.00011299435028248587	CALIBRATION_NONZERO_FP_ROW_RESOLVABLE	PRIMARY
vma_end_to_end	mmseqs_s7.5	controlled_primary	0.9990	1	1	2	calibration	evaluation	3,4,5	32.000000000000007	1259	1162	3	0.00095057034220532308	0.00011299435028248587	CALIBRATION_NONZERO_FP_ROW_RESOLVABLE	RESOLUTION_LIMITED_SECONDARY
vma_end_to_end	mmseqs_s7.5	controlled_primary	0.9900	2	2	3	calibration	evaluation	1,4,5	33.000000000000007	1262	1113	3	0.0080752990092689651	8.5338795016214362e-05	CALIBRATION_NONZERO_FP_ROW_RESOLVABLE	SECONDARY
vma_end_to_end	mmseqs_s7.5	controlled_primary	0.9950	2	2	3	calibration	evaluation	1,4,5	35.000000000000007	1262	1113	3	0.0011990562823216836	8.5338795016214362e-05	CALIBRATION_NONZERO_FP_ROW_RESOLVABLE	PRIMARY
vma_end_to_end	mmseqs_s7.5	controlled_primary	0.9990	2	2	3	calibration	evaluation	1,4,5	37.000000000000007	1262	1113	3	0.00059737156511350067	8.5338795016214362e-05	CALIBRATION_NONZERO_FP_ROW_RESOLVABLE	RESOLUTION_LIMITED_SECONDARY
vma_end_to_end	mmseqs_s7.5	controlled_primary	0.9900	3	3	4	calibration	evaluation	1,2,5	33.000000000000007	1259	1151	3	0.0097087121972004899	8.071025020177563e-05	CALIBRATION_NONZERO_FP_ROW_RESOLVABLE	SECONDARY
vma_end_to_end	mmseqs_s7.5	controlled_primary	0.9950	3	3	4	calibration	evaluation	1,2,5	35.000000000000007	1259	1151	3	0	8.071025020177563e-05	CALIBRATION_NONZERO_FP_ROW_RESOLVABLE	PRIMARY
vma_end_to_end	mmseqs_s7.5	controlled_primary	0.9990	3	3	4	calibration	evaluation	1,2,5	35.000000000000007	1259	1151	3	0	8.071025020177563e-05	CALIBRATION_NONZERO_FP_ROW_RESOLVABLE	RESOLUTION_LIMITED_SECONDARY
vma_end_to_end	mmseqs_s7.5	controlled_primary	0.9900	4	4	5	calibration	evaluation	1,2,3	31.000000000000004	1259	1153	3	0.0060955287395430425	8.1679326962345831e-05	CALIBRATION_NONZERO_FP_ROW_RESOLVABLE	SECONDARY
vma_end_to_end	mmseqs_s7.5	controlled_primary	0.9950	4	4	5	calibration	evaluation	1,2,3	32.000000000000007	1259	1153	3	0.0037524168663445635	8.1679326962345831e-05	CALIBRATION_NONZERO_FP_ROW_RESOLVABLE	PRIMARY
vma_end_to_end	mmseqs_s7.5	controlled_primary	0.9990	4	4	5	calibration	evaluation	1,2,3	34.000000000000007	1259	1153	3	0	8.1679326962345831e-05	CALIBRATION_NONZERO_FP_ROW_RESOLVABLE	RESOLUTION_LIMITED_SECONDARY
vma_end_to_end	mmseqs_s7.5	controlled_primary	0.9900	5	5	1	calibration	evaluation	2,3,4	31.000000000000004	1259	778	3	0.0082414262417826872	1.9802372324204439e-06	CALIBRATION_NONZERO_FP_ROW_RESOLVABLE	SECONDARY
vma_end_to_end	mmseqs_s7.5	controlled_primary	0.9950	5	5	1	calibration	evaluation	2,3,4	33.000000000000007	1259	778	3	0.00092675102477276789	1.9802372324204439e-06	CALIBRATION_NONZERO_FP_ROW_RESOLVABLE	PRIMARY
vma_end_to_end	mmseqs_s7.5	controlled_primary	0.9990	5	5	1	calibration	evaluation	2,3,4	33.000000000000007	1259	778	3	0.00092675102477276789	1.9802372324204439e-06	CALIBRATION_NONZERO_FP_ROW_RESOLVABLE	RESOLUTION_LIMITED_SECONDARY
vma_end_to_end	psiblast_longest_seed_positiveDB_3iter	resource_augmented_secondary	0.9900	1	1	2	calibration	evaluation	3,4,5	34.900000000000006	1259	1162	3	0.0095583110173833585	0.00011299435028248587	CALIBRATION_NONZERO_FP_ROW_RESOLVABLE	SECONDARY
vma_end_to_end	psiblast_longest_seed_positiveDB_3iter	resource_augmented_secondary	0.9950	1	1	2	calibration	evaluation	3,4,5	37.20000000000001	1259	1162	3	0	0.00011299435028248587	CALIBRATION_NONZERO_FP_ROW_RESOLVABLE	PRIMARY
vma_end_to_end	psiblast_longest_seed_positiveDB_3iter	resource_augmented_secondary	0.9990	1	1	2	calibration	evaluation	3,4,5	37.20000000000001	1259	1162	3	0	0.00011299435028248587	CALIBRATION_NONZERO_FP_ROW_RESOLVABLE	RESOLUTION_LIMITED_SECONDARY
vma_end_to_end	psiblast_longest_seed_positiveDB_3iter	resource_augmented_secondary	0.9900	2	2	3	calibration	evaluation	1,4,5	30.900000000000002	1262	1113	3	0.0089950786934599684	8.5338795016214362e-05	CALIBRATION_NONZERO_FP_ROW_RESOLVABLE	SECONDARY
vma_end_to_end	psiblast_longest_seed_positiveDB_3iter	resource_augmented_secondary	0.9950	2	2	3	calibration	evaluation	1,4,5	31.300000000000004	1262	1113	3	0.0044932261946353013	8.5338795016214362e-05	CALIBRATION_NONZERO_FP_ROW_RESOLVABLE	PRIMARY
vma_end_to_end	psiblast_longest_seed_positiveDB_3iter	resource_augmented_secondary	0.9990	2	2	3	calibration	evaluation	1,4,5	32.600000000000009	1262	1113	3	0.00060168471720818293	8.5338795016214362e-05	CALIBRATION_NONZERO_FP_ROW_RESOLVABLE	RESOLUTION_LIMITED_SECONDARY
vma_end_to_end	psiblast_longest_seed_positiveDB_3iter	resource_augmented_secondary	0.9900	3	3	4	calibration	evaluation	1,2,5	33.800000000000004	1259	1151	3	0.0097860012036557545	8.071025020177563e-05	CALIBRATION_NONZERO_FP_ROW_RESOLVABLE	SECONDARY
vma_end_to_end	psiblast_longest_seed_positiveDB_3iter	resource_augmented_secondary	0.9950	3	3	4	calibration	evaluation	1,2,5	35.70000000000001	1259	1151	3	0.0012072325092801236	8.071025020177563e-05	CALIBRATION_NONZERO_FP_ROW_RESOLVABLE	PRIMARY
vma_end_to_end	psiblast_longest_seed_positiveDB_3iter	resource_augmented_secondary	0.9990	3	3	4	calibration	evaluation	1,2,5	36.600000000000009	1259	1151	3	0.00064226075786769424	8.071025020177563e-05	CALIBRATION_NONZERO_FP_ROW_RESOLVABLE	RESOLUTION_LIMITED_SECONDARY
vma_end_to_end	psiblast_longest_seed_positiveDB_3iter	resource_augmented_secondary	0.9900	4	4	5	calibration	evaluation	1,2,3	31.700000000000003	1259	1153	3	0.0099849859679904361	8.1679326962345831e-05	CALIBRATION_NONZERO_FP_ROW_RESOLVABLE	SECONDARY
vma_end_to_end	psiblast_longest_seed_positiveDB_3iter	resource_augmented_secondary	0.9950	4	4	5	calibration	evaluation	1,2,3	33.300000000000004	1259	1153	3	0.0043885491818661925	8.1679326962345831e-05	CALIBRATION_NONZERO_FP_ROW_RESOLVABLE	PRIMARY
vma_end_to_end	psiblast_longest_seed_positiveDB_3iter	resource_augmented_secondary	0.9990	4	4	5	calibration	evaluation	1,2,3	36.600000000000009	1259	1153	3	0.00063613231552162855	8.1679326962345831e-05	CALIBRATION_NONZERO_FP_ROW_RESOLVABLE	RESOLUTION_LIMITED_SECONDARY
vma_end_to_end	psiblast_longest_seed_positiveDB_3iter	resource_augmented_secondary	0.9900	5	5	1	calibration	evaluation	2,3,4	32.600000000000009	1259	778	3	0.0045681932154931632	1.9802372324204439e-06	CALIBRATION_NONZERO_FP_ROW_RESOLVABLE	SECONDARY
vma_end_to_end	psiblast_longest_seed_positiveDB_3iter	resource_augmented_secondary	0.9950	5	5	1	calibration	evaluation	2,3,4	32.600000000000009	1259	778	3	0.0045681932154931632	1.9802372324204439e-06	CALIBRATION_NONZERO_FP_ROW_RESOLVABLE	PRIMARY
vma_end_to_end	psiblast_longest_seed_positiveDB_3iter	resource_augmented_secondary	0.9990	5	5	1	calibration	evaluation	2,3,4	34.800000000000004	1259	778	3	0.00090288113813332153	1.9802372324204439e-06	CALIBRATION_NONZERO_FP_ROW_RESOLVABLE	RESOLUTION_LIMITED_SECONDARY
